t,x3,mu3,V3,x4,mu4,V4
0,-0.05001005,1.0001015,0.126251002551001,-0.05001005,1.0001015,0.126251002551001
1e-05,-0.0498983916629007,0.997868333676859,0.12568775553186,-0.0490298463086589,0.9981016001929,0.130133975942031
2e-05,-0.0497867333260873,0.995635167844632,0.125125767980744,-0.0480504251983629,0.996101700788028,0.134074786287674
3e-05,-0.0496750749896745,0.993402002516916,0.124565039902207,-0.0470718329678376,0.994101801787871,0.138073008168171
4e-05,-0.0495634166543653,0.991168837663635,0.124005571276221,-0.0460941193435791,0.992101903194877,0.142128183714918
5e-05,-0.0494517583196753,0.988935673305509,0.123447362113849,-0.0451173379766367,0.990102005011511,0.14623981864736
6e-05,-0.0493400999856045,0.98670250944254,0.122890412413452,-0.0441415468667514,0.988102107240261,0.150407378476879
7e-05,-0.049228441652153,0.984469346074726,0.122334722173392,-0.0431668087645037,0.986102209883634,0.154630284640697
8e-05,-0.0491167833193208,0.982236183202069,0.121780291392031,-0.0421931916473812,0.984102312944157,0.158907910044509
9e-05,-0.0490051249879945,0.980003020866635,0.121227120084041,-0.0412207692478434,0.982102416424379,0.163239574099405
0.0001,-0.048893466658364,0.977769859077421,0.120675208251152,-0.0402496216824694,0.980102520326869,0.167624536945515
0.00011,-0.0487818083298714,0.975536697807968,0.120124555881379,-0.0392798361246114,0.978102624654216,0.172061993144838
0.00012,-0.0486701500025168,0.973303537058277,0.119575162973019,-0.0383115075373388,0.976102729409031,0.176551064724239
0.00013,-0.0485584916763001,0.971070376828347,0.119027029524369,-0.0373447395176353,0.974102834593947,0.181090793235791
0.00014,-0.0484468333514785,0.96883721712813,0.118480155537312,-0.0363796452614676,0.972102940211617,0.185680130720939
0.00015,-0.0483351750297536,0.966604058023469,0.117934541033798,-0.0354163486464887,0.970103046264719,0.19031792953893
0.00016,-0.0482235167098273,0.964370899464129,0.117390185993911,-0.0344549854445768,0.96810315275595,0.195002930927746
0.00017,-0.0481118583916995,0.962137741450109,0.116847090415885,-0.0334957046905767,0.96610325968803,0.199733752071055
0.00018,-0.0480002000753701,0.959904583981409,0.116305254297951,-0.0325386702335995,0.964103367063702,0.204508871430729
0.00019,-0.0478885417608392,0.95767142705803,0.115764677638344,-0.0315840624935536,0.962103474885733,0.209326612114674
0.0002,-0.0477768834496953,0.95543827073068,0.115225360452006,-0.0306320804478232,0.960103583156911,0.214185123024689
0.00021,-0.0476652251416229,0.95320511498929,0.114687302733743,-0.0296829438605049,0.958103691880049,0.219082357600317
0.00022,-0.0475535668360781,0.950971959816497,0.114150504475999,-0.0287368958729626,0.956103801057982,0.224016049264172
0.00023,-0.0474419085330609,0.948738805212299,0.113614965676952,-0.0277942058598273,0.954103910693569,0.22898368405416
0.00024,-0.0473302502325713,0.946505651176697,0.113080686334782,-0.0268551726707375,0.952104020789695,0.233982469522189
0.00025,-0.0472185919350391,0.944272497721027,0.112547666451011,-0.0259201283161658,0.950104131349266,0.239009299342838
0.00026,-0.0471069336416757,0.942039344878535,0.112015906033804,-0.0249894421152761,0.948104242375215,0.244060713334362
0.00027,-0.0469952753517778,0.939806192631812,0.111485405076337,-0.0240635253298661,0.946104353870499,0.24913285255647
0.00028,-0.0468836170654832,0.937573040985003,0.110956163578033,-0.0231428363593808,0.944104465838101,0.254221408792438
0.00029,-0.0467719587829292,0.935339889942253,0.110428181538305,-0.022227886519997,0.942104578281027,0.259321568075899
0.0003,-0.0466603005042536,0.93310673950771,0.10990145895655,-0.0213192463783912,0.940104691202311,0.26442794831826
0.00031,-0.0465486422295939,0.930873589685517,0.109375995832157,-0.0204175526922921,0.938104804605012,0.269534530548449
0.00032,-0.0464369839590876,0.92864044047982,0.108851792164499,-0.0195235158544254,0.936104918492214,0.274634584438333
0.00033,-0.0463253256928723,0.926407291894766,0.108328847952939,-0.0186379277335359,0.934105032867029,0.279720588917804
0.00034,-0.0462136674310855,0.9241741439345,0.107807163196826,-0.0177616697054453,0.932105147732596,0.284784149558715
0.00035,-0.0461020091740432,0.921940996606024,0.107286737896,-0.0168957205864857,0.930105263092078,0.289815915197455
0.00036,-0.0459903509222877,0.919707849919968,0.106767572050921,-0.0160411639532837,0.92810537894867,0.29480549823962
0.00037,-0.0458786926755805,0.917474703874453,0.106249665659834,-0.0151991941875018,0.92610549530559,0.299741404554428
0.00038,-0.0457670344340776,0.91524155847392,0.105733018722085,-0.014371120441654,0.924105612166086,0.304610980374757
0.00039,-0.0456553761979348,0.913008413722808,0.105217631237009,-0.0135583672838144,0.922105729533436,0.309400387495797
0.0004,-0.0455437179673082,0.910775269625558,0.104703503203927,-0.0127624708114384,0.920105847410942,0.314094618400991
0.00041,-0.0454320597423535,0.908542126186608,0.104190634622148,-0.0119850685481644,0.918105965801938,0.318677567213668
0.00042,-0.0453204015232268,0.906308983410398,0.103679025490965,-0.0112278816322799,0.916106084709787,0.323132171364218
0.00043,-0.045208743310084,0.904075841301369,0.103168675809663,-0.0104926879558302,0.914106204137881,0.327440637913801
0.00044,-0.0450970851030809,0.901842699863959,0.102659585577509,-0.00978128526723252,0.912106324089641,0.331584765567171
0.00045,-0.0449854269025742,0.899609559106773,0.10215175479474,-0.00909544432490656,0.910106444568518,0.335546364186566
0.00046,-0.0448737687091753,0.897376419043703,0.101645183462809,-0.00843685337995721,0.908106565577996,0.339307762746573
0.00047,-0.044762110522617,0.895143279670407,0.101139871578869,-0.00780705681912576,0.906106687121585,0.342852382194689
0.00048,-0.0446504523430758,0.892910140991753,0.100635819142228,-0.00720739234215517,0.904106809202831,0.346165334762949
0.00049,-0.0445387941707283,0.890677003012612,0.100133026152182,-0.00663893217935187,0.902106931825309,0.349233999568865
0.0005,-0.0444271360057512,0.88844386573785,0.0996314926080116,-0.00610243423149553,0.900107054992626,0.352048519209034
0.00051,-0.0443154778483209,0.886210729172336,0.0991312185089853,-0.00559830846392497,0.89810717870842,0.354602165434739
0.00052,-0.0442038196986141,0.883977593320938,0.098632203854356,-0.00512660195013542,0.896107302976364,0.356891538155628
0.00053,-0.0440921615568074,0.881744458188526,0.0981344486433635,-0.00468700392674008,0.894107427800161,0.358916580266811
0.00054,-0.0439805034230773,0.879511323779967,0.0976379528752331,-0.00427886951413672,0.892107553183551,0.360680415675199
0.00055,-0.0438688452978104,0.877278190104922,0.0971427165503674,-0.00390125856201995,0.890107679130303,0.36218903900767
0.00056,-0.0437571871816595,0.875045057179138,0.0966487396706503,-0.00355298493529783,0.888107805644224,0.363450897627854
0.00057,-0.0436455290743588,0.872811924997378,0.0961560222327383,-0.00323267083791856,0.886107932729152,0.364476414606637
0.00058,-0.0435338709761063,0.870578793565003,0.0956645642359124,-0.0029388016435038,0.884108060388963,0.36527749504585
0.00059,-0.0434222128871004,0.868345662887376,0.0951743656794384,-0.00266977731232529,0.882108188627565,0.365867053332079
0.0006,-0.0433105548075391,0.866112532969858,0.0946854265625669,-0.00242395790042029,0.880108317448904,0.366258586509413
0.00061,-0.0431988967376207,0.863879403817811,0.0941977468845332,-0.00219970182088861,0.87810844685696,0.366465808474973
0.00062,-0.0430872386775434,0.861646275436596,0.0937113266445576,-0.00199539644234151,0.87610857685575,0.366502350998062
0.00063,-0.0429755806275053,0.859413147831577,0.0932261658418452,-0.00180948135314529,0.874108707449329,0.366381530401606
0.00064,-0.0428639225877047,0.857180021008113,0.0927422644755858,-0.00164046506265634,0.872108838641788,0.366116174256208
0.00065,-0.0427522645585758,0.854946894977034,0.092259622546291,-0.00148693610285804,0.870108970437255,0.365718500240239
0.00066,-0.0426406065408527,0.852713769756104,0.0917782400561368,-0.00134756956144435,0.868109102839898,0.365200038344756
0.00067,-0.0425289485342358,0.850480645339164,0.0912981170014286,-0.00122113001618054,0.866109235853921,0.364571587868886
0.00068,-0.0424172905389475,0.848247521732136,0.09081925338142,-0.00110647174771799,0.864109369483569,0.363843201298215
0.00069,-0.0423056325552105,0.846014398940945,0.090341649195348,-0.00100253695812043,0.862109503733124,0.36302418837689
0.0007,-0.0421939745832471,0.843781276971516,0.0898653044424329,-0.000908352583859657,0.860109638606911,0.362123134858982
0.00071,-0.0420823166232798,0.841548155829773,0.0893902191218782,-0.000823026138183372,0.858109774109294,0.361147931762944
0.00072,-0.0419706586755312,0.839315035521641,0.0889163932328711,-0.000745741094614628,0.856109910244675,0.36010581034771
0.00073,-0.0418590007402238,0.837081916053043,0.088443826774582,-0.000675751890386988,0.854110047017502,0.359003381770591
0.00074,-0.04174734281758,0.834848797429906,0.0879725197461647,-0.000612378868873121,0.852110184432262,0.357846678395505
0.00075,-0.0416356849080198,0.832615679662665,0.0875024721478215,-0.000555003305546719,0.850110322493484,0.356641195262148
0.00076,-0.0415240270122482,0.830382562768276,0.0870336839812602,-0.00050306255979077,0.84811046120574,0.355391931140234
0.00077,-0.0414123691301077,0.82814944674398,0.0865661552435172,-0.000456045450026475,0.846110600573646,0.354103428166791
0.00078,-0.0413007112618661,0.825916331596731,0.0860998859339078,-0.00041348788988325,0.844110740601861,0.35277980960799
0.00079,-0.0411890534077935,0.823683217333545,0.0856348760517427,-0.000374968810381887,0.842110881295089,0.351424815425349
0.0008,-0.0410773955681628,0.821450103961499,0.0851711255963272,-0.000340106354490884,0.840111022658077,0.350041835675746
0.00081,-0.0409657377432496,0.819216991487732,0.0847086345669614,-0.00030855437183384,0.83811116469562,0.348633941447148
0.00082,-0.0408540799333322,0.816983879919444,0.0842474029629399,-0.000279999179276885,0.836111307412557,0.347203913569761
0.00083,-0.0407424221386917,0.814750769263895,0.0837874307835517,-0.000254156597919856,0.834111450813773,0.345754268979682
0.00084,-0.0406307643596116,0.812517659528409,0.0833287180280799,-0.000230769230282768,0.832111594904202,0.344287285013454
0.00085,-0.0405191065964312,0.810284550721515,0.0828712646960536,-0.000209603983818247,0.830111739688823,0.342805021566488
0.00086,-0.0404074488495687,0.808051442853459,0.0824150707873562,-0.000190449802969627,0.828111885172665,0.34130934142037
0.00087,-0.040295791119214,0.805818335929544,0.0819601363007623,-0.00017311561313002,0.826112031360805,0.33980192870659
0.00088,-0.0401841334056737,0.803585229957598,0.0815064612355835,-0.000157428443261441,0.82411217825837,0.338284305781512
0.00089,-0.0400724757092576,0.801352124945529,0.0810540455911272,-0.000143231726124866,0.822112325870535,0.336757848523133
0.0009,-0.0399608180302789,0.79911902090132,0.0806028893666967,-0.000130383747806287,0.820112474202528,0.335223800287249
0.00091,-0.0398491603690545,0.796885917833031,0.0801529925615904,-0.000118756250758781,0.818112623259625,0.333683284493883
0.00092,-0.0397375027259043,0.794652815748801,0.0797043551751023,-0.000108233159111463,0.816112773047157,0.332137316107224
0.00093,-0.0396258451011518,0.792419714656843,0.0792569772065209,-9.870942523136e-05,0.814112923570505,0.330586812023973
0.00094,-0.0395141874951239,0.79018661456545,0.0788108586551298,-9.0089983599242e-05,0.812113074835103,0.329032600491497
0.00095,-0.0394025299081878,0.787953515483772,0.0783659995203713,-8.22888074933263e-05,0.810113226846442,0.327475429600175
0.00096,-0.0392908723407677,0.78572041742217,0.0779223998019168,-7.5228049612702e-05,0.808113379610062,0.325915975010861
0.00097,-0.0391792147931295,0.783487320387658,0.077480059498713,-6.88372642493387e-05,0.806113533131563,0.324354846943706
0.00098,-0.0390675572656222,0.781254224389016,0.0770389786100549,-6.30527062254682e-05,0.804113687416597,0.322792596474323
0.00099,-0.0389558997585985,0.779021129435107,0.0765991571352327,-5.78166953870306e-05,0.802113842470874,0.321229721234635
0.001,-0.0388442422724152,0.776788035534887,0.0761605950735317,-5.30770365254066e-05,0.800113998300162,0.319666670605989
0.00101,-0.038732584807433,0.774554942697395,0.0757232924242318,-4.87864990805587e-05,0.798114154910284,0.318103850375417
0.00102,-0.0386209273640165,0.772321850931761,0.0752872491866075,-4.49023464530614e-05,0.796114312307124,0.316541626942594
0.00103,-0.0385092699425341,0.770088760247199,0.0748524653599274,-4.13859090533458e-05,0.794114470496624,0.314980331129598
0.00104,-0.0383976125433583,0.767855670653015,0.074418940943454,-3.82021964133695e-05,0.792114629484787,0.31342026163543
0.00105,-0.0382859551669,0.765622582159333,0.0739866759365924,-3.5319546737297e-05,0.790114789277675,0.31186168815263
0.00106,-0.0381742978136249,0.763389494777425,0.0735556703389532,-3.27093113619908e-05,0.788114949881415,0.310304854170347
0.00107,-0.03806264048385,0.761156408515447,0.0731259241494901,-3.03455676617528e-05,0.786115111302191,0.308749979518929
0.00108,-0.037950983177971,0.75892332338322,0.0726974373674704,-2.82048590468478e-05,0.784115273546255,0.307197262670051
0.00109,-0.0378393258963885,0.756690239390662,0.0722702099921552,-2.62659610755084e-05,0.782115436619921,0.305646882803422
0.0011,-0.0377276686395072,0.754457156547793,0.0718442420227999,-2.45096693262183e-05,0.780115600529566,0.304099001677307
0.00111,-0.0376160114077361,0.752224074864724,0.0714195334586532,-2.29186075199599e-05,0.778115765281636,0.302553765317377
0.00112,-0.0375043542014887,0.749990994351669,0.0709960842989571,-2.1477052313206e-05,0.776115930882641,0.301011305554248
0.00113,-0.037392697021183,0.747757915018938,0.0705738945429464,-2.01707760953437e-05,0.774116097339159,0.299471741401534
0.00114,-0.0372810398672412,0.745524836876937,0.0701529641898488,-1.8986904958465e-05,0.772116264657836,0.297935180298625
0.00115,-0.037169382740139,0.743291759937217,0.0697332932390921,-1.7913790365346e-05,0.770116432845387,0.296401719231549
0.00116,-0.0370577256404275,0.741058684212937,0.0693148816903927,-1.69408927483476e-05,0.768116601908597,0.294871445747283
0.00117,-0.0369460685684477,0.738825609712783,0.0688977295425505,-1.60586753485059e-05,0.766116771854322,0.293344438876054
0.00118,-0.0368344115246504,0.736592536447793,0.0684818367948047,-1.52585088572783e-05,0.764116942689489,0.291820769958701
0.00119,-0.0367227545094918,0.734359464429115,0.0680672034463879,-1.4532585046467e-05,0.762117114421098,0.290300503394363
0.0012,-0.0366110975234329,0.732126393668009,0.0676538294965259,-1.38738392960824e-05,0.760117287056224,0.288783697310401
0.00121,-0.0364994405669399,0.729893324175845,0.067241714944437,-1.32758786201951e-05,0.758117460602014,0.287270404181527
0.00122,-0.0363877836404839,0.727660255964109,0.0668308597893316,-1.27329183296745e-05,0.756117635065694,0.285760671375144
0.00123,-0.0362761267445412,0.725427189044395,0.0664212640304127,-1.22397243084404e-05,0.754117810454562,0.284254541646879
0.00124,-0.0361644698795931,0.72319412342841,0.0660129276668742,-1.17915606912745e-05,0.752117986775999,0.282752053588676
0.00125,-0.0360528130461911,0.72096105912936,0.0656058506981691,-1.13841423775719e-05,0.75011816403746,0.281253242034405
0.00126,-0.0359411562449856,0.718727996162562,0.0652000331241223,-1.10135920332686e-05,0.748118342246483,0.279758138426282
0.00127,-0.0358294994763478,0.716494934537394,0.0647954749433814,-1.06764017301939e-05,0.746118521410685,0.278266771141574
0.00128,-0.0357178427407941,0.714261874266325,0.0643921761551602,-1.03693970573967e-05,0.744118701537765,0.276779165796366
0.00129,-0.0356061860388467,0.712028815361957,0.0639901367586657,-1.0089704505577e-05,0.742118882635505,0.275295345520755
0.0013,-0.0354945293710339,0.709795757837021,0.0635893567530967,-9.83472496996302e-06,0.740119064711772,0.273815331184901
0.00131,-0.0353828727378898,0.707562701704382,0.0631898361376442,-9.60210673053647e-06,0.738119247774517,0.272339141625762
0.00132,-0.0352712161399544,0.705329646977032,0.0627915749114906,-9.38972216593521e-06,0.736119431831778,0.270866793843139
0.00133,-0.0351595595777739,0.703096593668096,0.0623945730738097,-9.19564551419525e-06,0.734119616891682,0.26939830318525
0.00134,-0.0350479030519002,0.700863541790828,0.0619988306237657,-9.01813468691865e-06,0.732119802962441,0.267933683501982
0.00135,-0.0349362465629689,0.698630491360259,0.0616043475608193,-8.85561328490032e-06,0.73011999005236,0.2664729472945
0.00136,-0.0348245901117339,0.696397442393929,0.0612111238848575,-8.70665497113818e-06,0.728120178169834,0.265016105845542
0.00137,-0.0347129336986154,0.694164394902317,0.0608191595944193,-8.56996941204109e-06,0.726120367323352,0.263563169336467
0.00138,-0.0346012773242068,0.691931348899576,0.0604284546886929,-8.44438819212046e-06,0.724120557521495,0.262114146962803
0.00139,-0.0344896209891086,0.689698304400013,0.0600390091668579,-8.32885487885282e-06,0.72212074877294,0.260669047018157
0.0014,-0.0343779646939281,0.687465261418087,0.0596508230280859,-8.22241328740943e-06,0.720120941086459,0.259227876989886
0.00141,-0.0342663084392798,0.68523221996841,0.0592638962715391,-8.12419754598871e-06,0.718121134470923,0.25779064364045
0.00142,-0.0341546522257851,0.682999180065748,0.0588782288963704,-8.03342524668041e-06,0.716121328935302,0.25635735306546
0.00143,-0.0340429960540724,0.680766141725018,0.0584938209017229,-7.949388280532e-06,0.714121524488666,0.254928010767467
0.00144,-0.0339313399247772,0.678533104961292,0.058110672286729,-7.87144531866109e-06,0.712121721140187,0.253502621716912
0.00145,-0.033819683838633,0.676300069791715,0.0577287830508542,-7.79901667662375e-06,0.71012191889914,0.252081190395265
0.00146,-0.0337080277965121,0.674067036236356,0.0573481531940429,-7.73157786821594e-06,0.708122117774905,0.250663720846824
0.00147,-0.0335963717988956,0.671834004307052,0.0569687827147247,-7.66865379983826e-06,0.706122317776969,0.249250216725222
0.00148,-0.0334847158464674,0.669600974019924,0.0565906716120585,-7.60981518701364e-06,0.704122518914925,0.247840681323589
0.00149,-0.0333730599399202,0.667367945391275,0.0562138198851939,-7.55467308113586e-06,0.702122721198477,0.246435117617553
0.0015,-0.0332614040799544,0.665134918437583,0.0558382275332708,-7.50287527997739e-06,0.700122924637438,0.245033528294401
0.00151,-0.0331497482672791,0.662901893175508,0.0554638945554188,-7.45410422044585e-06,0.698123129241735,0.24363591577146
0.00152,-0.0330380925026113,0.660668869621889,0.0550908209507567,-7.40807085050941e-06,0.696123335021408,0.242242282242214
0.00153,-0.0329264367866764,0.658435847793742,0.0547190067183922,-7.36451543200749e-06,0.694123541986614,0.240852629673577
0.00154,-0.0328147811202079,0.656202827708266,0.0543484518574207,-7.32320163039384e-06,0.692123750147626,0.23946695984973
0.00155,-0.032703125504032,0.653969809384599,0.0539791563672297,-7.28391655828419e-06,0.690123959514836,0.238085274374157
0.00156,-0.0325914699391154,0.651736792844844,0.0536111202476686,-7.24646704052012e-06,0.688124170098758,0.236707574697688
0.00157,-0.0324798144260683,0.649503778103627,0.0532443434972499,-7.21067832285372e-06,0.686124381910027,0.235333862129325
0.00158,-0.0323681589656874,0.647270765179494,0.0528788261151187,-7.17639270861592e-06,0.684124594959403,0.233964137847414
0.00159,-0.0322565035587806,0.645037754091235,0.0525145681004149,-7.14346675037703e-06,0.682124809257774,0.232598402920502
0.0016,-0.0321448482061676,0.64280474485789,0.0521515694522736,-7.11177176813373e-06,0.680125024816152,0.231236658305236
0.00161,-0.0320331929086797,0.64057173749875,0.0517898301698246,-7.08118974089637e-06,0.678125241645681,0.229878904875699
0.00162,-0.03192153766716,0.638338732033359,0.0514293502521919,-7.05161568664312e-06,0.676125459757639,0.228525143408384
0.00163,-0.0318098824824636,0.636105728481522,0.0510701296984941,-7.02295258493283e-06,0.674125679163433,0.227175374617724
0.00164,-0.0316982273554577,0.6338727268633,0.0507121685078434,-6.99511466707837e-06,0.67212589987461,0.225829599134771
0.00165,-0.0315865722870532,0.631639727199678,0.0503554666794543,-6.96802259339798e-06,0.670126121902853,0.224487817540644
0.00166,-0.0314749172782234,0.62940672951294,0.0500000242127045,-6.94160587183859e-06,0.668126345259984,0.223150030351005
0.00167,-0.0313632623298169,0.627173733822793,0.0496458411064917,-6.91580000184586e-06,0.666126569957968,0.221816238035975
0.00168,-0.0312516074427621,0.624940740150604,0.0492929173599371,-6.8905469992459e-06,0.664126796008914,0.220486441017241
0.00169,-0.0311399526180014,0.622707748518045,0.0489412529721582,-6.86579427335753e-06,0.662127023425077,0.219160639676146
0.0017,-0.0310282978564913,0.620474758947089,0.0485908479422675,-6.84149418725611e-06,0.66012725221886,0.217838834357128
0.00171,-0.0309166431592028,0.618241771460017,0.0482417022693734,-6.81760378121563e-06,0.658127482402819,0.216521025370037
0.00172,-0.0308049885271213,0.616008786079425,0.0478938159525791,-6.79408390118735e-06,0.656127713989659,0.215207212996319
0.00173,-0.0306933339612472,0.613775802828221,0.0475471889909827,-6.77089948253843e-06,0.654127946992243,0.213897397487542
0.00174,-0.0305816794625957,0.611542821729638,0.0472018213836768,-6.74801847526524e-06,0.652128181423592,0.212591579072811
0.00175,-0.0304700250322174,0.609309842807639,0.0468577131298125,-6.72541238697515e-06,0.650128417296886,0.211289757955543
0.00176,-0.0303583706712095,0.60707686608716,0.0465148642286347,-6.70305449867194e-06,0.648128654625468,0.209991934325381
0.00177,-0.0302467163805983,0.604843891591699,0.0461732746791028,-6.68092160519632e-06,0.646128893422845,0.20869810834713
0.00178,-0.030135062161468,0.602610919345955,0.0458329444803061,-6.65899221691346e-06,0.644129133702695,0.207408280172692
0.00179,-0.0300234080149197,0.600377949374983,0.0454938736313283,-6.63724643870215e-06,0.642129375478861,0.206122449942008
0.0018,-0.0299117539420713,0.598144981704201,0.045156062131248,-6.61566753561738e-06,0.640129618765363,0.204840617773207
0.00181,-0.029800099944058,0.595912016359391,0.0448195099791381,-6.59423910980436e-06,0.638129863576397,0.203562783780922
0.00182,-0.0296884460220323,0.593679053366706,0.0444842171740652,-6.57294682158816e-06,0.636130109926334,0.202288948065386
0.00183,-0.0295767921771643,0.591446092752674,0.0441501837150894,-6.55177805733054e-06,0.634130357829729,0.201019110714744
0.00184,-0.0294651384106421,0.589213134544203,0.0438174096012644,-6.53072074274672e-06,0.63213060730132,0.199753271812716
0.00185,-0.0293534847236989,0.586980178769144,0.0434858948317203,-6.50976452636924e-06,0.630130858356033,0.198491431431208
0.00186,-0.0292418311176294,0.584747225456613,0.043155639405711,-6.48889974909386e-06,0.628131111008982,0.197233589636947
0.00187,-0.0291301775936285,0.582514274633708,0.0428266433221162,-6.46811757870213e-06,0.626131365275476,0.195979746490708
0.00188,-0.0290185241529677,0.580281326329103,0.0424989065799859,-6.44741042189406e-06,0.624131621171019,0.194729902044832
0.00189,-0.0289068707969385,0.5780483805719,0.0421724291783638,-6.42677093714304e-06,0.622131878711315,0.193484056349484
0.0019,-0.0287952175268526,0.575815437391629,0.0418472111162867,-6.40619270109757e-06,0.62013213791227,0.19224220944855
0.00191,-0.0286835643440423,0.573582496818259,0.0415232523927844,-6.3856700080185e-06,0.618132398789995,0.191004361380965
0.00192,-0.0285719112498609,0.571349558882198,0.041200553006879,-6.36519737470693e-06,0.616132661360811,0.189770512183837
0.00193,-0.0284602582456827,0.569116623614303,0.0408791129575846,-6.344770391343e-06,0.614132925641255,0.188540661887247
0.00194,-0.0283486053329033,0.566883691045886,0.0405589322439066,-6.32438456068822e-06,0.612133191648072,0.187314810521455
0.00195,-0.0282369525129833,0.5646507612096,0.0402400108649708,-6.30403578615403e-06,0.610133459398232,0.186092958113917
0.00196,-0.0281252997874731,0.56241783413996,0.0399223488200941,-6.28372057437176e-06,0.608133728908926,0.184875104688094
0.00197,-0.0280136471577583,0.560184909868113,0.0396059461080219,-6.26343605995298e-06,0.606134000197577,0.183661250263365
0.00198,-0.0279019946253384,0.557951988427556,0.0392908027277632,-6.24317899927617e-06,0.604134273281829,0.182451394861158
0.00199,-0.0277903421917372,0.555719069852303,0.0389769186783199,-6.22294655182685e-06,0.602134548179563,0.181245538500216
0.002,-0.0276786898585033,0.553486154176892,0.0386642939586858,-6.20273690616034e-06,0.600134824908909,0.180043681192886
0.00201,-0.0275670376272106,0.551253241436386,0.0383529285678469,-6.1825476326676e-06,0.598135103488225,0.178845822955061
0.00202,-0.027455385499458,0.549020331666389,0.0380428225047803,-6.16237668045491e-06,0.596135383936121,0.177651963800181
0.00203,-0.0273437334768706,0.546787424903049,0.0377339757684536,-6.14222235522298e-06,0.594135666271457,0.176462103739408
0.00204,-0.0272320815610994,0.544554521183061,0.0374263883578248,-6.1220832645975e-06,0.592135950513352,0.175276242781981
0.00205,-0.0271204297538794,0.542321620544864,0.0371200602720065,-6.101957825476e-06,0.590136236681178,0.174094380938148
0.00206,-0.0270087780570635,0.540088723029322,0.0368149915103576,-6.08184468587546e-06,0.588136524794567,0.172916518216673
0.00207,-0.0268971264722816,0.53785582867275,0.036511182071506,-6.06174287113096e-06,0.586136814873435,0.171742654624006
0.00208,-0.0267854750013136,0.535622937514547,0.0362086319544183,-6.04165121681688e-06,0.584137106937954,0.17057279016762
0.00209,-0.026673823645969,0.533390049594741,0.0359073411580532,-6.02156872229159e-06,0.582137401008576,0.169406924853944
0.0021,-0.0265621724080882,0.531157164954005,0.0356073096813604,-6.00149455248543e-06,0.58013769710604,0.168245058688367
0.00211,-0.0264505212895421,0.528924283633658,0.0353085375232807,-5.98142798072543e-06,0.578137995251375,0.167087191675587
0.00212,-0.0263388702922332,0.526691405675681,0.0350110246827447,-5.96136820681311e-06,0.576138295465888,0.165933323820661
0.00213,-0.0262272194180959,0.524458531122723,0.0347147711586724,-5.94131453041736e-06,0.574138597771191,0.164783455128011
0.00214,-0.0261155686690967,0.522225660018109,0.0344197769499725,-5.92126651978728e-06,0.572138902189207,0.163637585600474
0.00215,-0.0260039180473068,0.519992792407325,0.0341260420557385,-5.90122354991028e-06,0.570139208742151,0.162495715241943
0.00216,-0.0258922675549444,0.517759928338874,0.033833566475358,-5.881185106471e-06,0.568139517452553,0.161357844055636
0.00217,-0.0257806171939485,0.515527067855577,0.033542350207347,-5.86115084519536e-06,0.566139828343277,0.160223972043774
0.00218,-0.0256689669664449,0.51329421100409,0.0332523932506261,-5.84112041952446e-06,0.564140141437504,0.159094099208561
0.00219,-0.0255573168745967,0.51106135783185,0.0329636956041063,-5.82109338655882e-06,0.56214045675873,0.157968225552704
0.0022,-0.0254456669206045,0.508828508387081,0.0326762572666886,-5.8010693824508e-06,0.56014077433079,0.156846351078437
0.00221,-0.0253340171067076,0.506595662718814,0.0323900782372631,-5.78104805051892e-06,0.558141094177856,0.155728475787919
0.00222,-0.025222367435184,0.50436282087689,0.032105158514708,-5.76102931583867e-06,0.55614141632449,0.154614599681741
0.00223,-0.0251107179083509,0.502129982911977,0.0318214980978891,-5.74101293681603e-06,0.554141740795577,0.15350472276139
0.00224,-0.0249990685285661,0.499897148875583,0.0315390969856585,-5.72099859892729e-06,0.55214206761634,0.152398845028727
0.00225,-0.0248874192983209,0.497664318821966,0.0312579551770977,-5.70098606416566e-06,0.550142396812381,0.151296966485173
0.00226,-0.0247757702202957,0.495431492809258,0.0309780726716514,-5.6809750939271e-06,0.548142728409667,0.150199087132128
0.00227,-0.0246641212968066,0.493198670888187,0.0306994494676879,-5.66096575841388e-06,0.546143062434625,0.149105206969329
0.00228,-0.0245524725304104,0.490965853114409,0.0304220855640755,-5.64095784304747e-06,0.544143398913985,0.148015325998024
0.00229,-0.0244408239237102,0.488733039544547,0.0301459809596713,-5.62095116740889e-06,0.542143737874876,0.14692944421926
0.0023,-0.0243291754793561,0.486500230236206,0.0298711356533203,-5.60094559380005e-06,0.540144079344833,0.145847561633841
0.00231,-0.0242175272000463,0.484267425247989,0.0295975496438543,-5.58094098631786e-06,0.538144423351795,0.144769678242548
0.00232,-0.0241058790885271,0.48203462463951,0.0293252229300907,-5.56093740348824e-06,0.536144769924222,0.143695794045164
0.00233,-0.0239942311475945,0.479801828471412,0.0290541555108315,-5.54093468420909e-06,0.534145119090866,0.142625909042579
0.00234,-0.0238825833800943,0.477569036805379,0.0287843473848623,-5.52093274468645e-06,0.532145470880947,0.141560023235276
0.00235,-0.0237709357890498,0.475336249706734,0.028515798551266,-5.50093150866412e-06,0.530145825324124,0.140498136623694
0.00236,-0.0236592883777363,0.473103467245947,0.0282485090095955,-5.48093090819415e-06,0.528146182450506,0.139440249208218
0.00237,-0.0235476411489301,0.470870689483367,0.0279824787580132,-5.46093095982192e-06,0.526146542290759,0.138386360988838
0.00238,-0.0234359941057299,0.468637916485921,0.0277177077953289,-5.44093157564279e-06,0.524146904875875,0.137336471966018
0.00239,-0.0233243472512925,0.466405148321748,0.0274541961203389,-5.42093270923311e-06,0.522147270237363,0.136290582140021
0.0024,-0.0232127005888341,0.464172385060222,0.0271919437318246,-5.40093431535527e-06,0.520147638407214,0.135248691511097
0.00241,-0.0231010541216311,0.461939626771967,0.0269309506285512,-5.38093634851734e-06,0.518148009417922,0.134210800079501
0.00242,-0.0229894078530212,0.459706873528881,0.0266712168092664,-5.36093876119735e-06,0.516148383302576,0.133176907845539
0.00243,-0.0228777617864043,0.45747412540415,0.0264127422726989,-5.34094150406908e-06,0.51414876009463,0.132147014809448
0.00244,-0.0227661159252432,0.455241382472272,0.0261555270175569,-5.3209445234355e-06,0.512149139828112,0.131121120971509
0.00245,-0.0226544702732394,0.453008644812623,0.025899571042939,-5.30094776028527e-06,0.510149522537572,0.130099226332019
0.00246,-0.0225428248344353,0.450775912511533,0.0256448743485601,-5.28095120003067e-06,0.508149908258139,0.129081330891066
0.00247,-0.0224311796121806,0.448543185641287,0.0253914369323154,-5.26095490820882e-06,0.50615029702556,0.128067434648358
0.00248,-0.0223195346102626,0.446310464283086,0.0251392587929496,-5.24095879657523e-06,0.504150688876008,0.127057537604316
0.00249,-0.0222078898325428,0.444077748519671,0.0248883399291903,-5.22096284161471e-06,0.502151083846279,0.126051639759052
0.0025,-0.0220962452829581,0.44184503843535,0.0246386803397473,-5.20096702175985e-06,0.500151481973749,0.12504974111266
0.00251,-0.0219846009655226,0.439612334116019,0.02439028002331,-5.1809713358499e-06,0.498151883299084,0.124051841666474
0.00252,-0.0218729568843281,0.43737963564919,0.0241431389785462,-5.16097578773618e-06,0.49615228786227,0.123057941421137
0.00253,-0.0217613130435457,0.435146943124016,0.0238972572041001,-5.14098035450823e-06,0.494152695699738,0.12206804037535
0.00254,-0.0216496694474273,0.432914256631317,0.0236526346985903,-5.1209850318503e-06,0.492153106851127,0.121082138529009
0.00255,-0.0215380261005481,0.430681576268511,0.0234092714611492,-5.10098981859919e-06,0.490153521356612,0.120100235881938
0.00256,-0.0214263830079481,0.428448902142484,0.0231671674917185,-5.08099471674419e-06,0.488153939256907,0.119122332433888
0.00257,-0.0213147401737017,0.426216234340553,0.022926322787853,-5.0609997314271e-06,0.486154360593261,0.11814842818453
0.00258,-0.0212030976024815,0.42398357296221,0.0226867373482231,-5.04100487094226e-06,0.484154785407463,0.11717852313345
0.00259,-0.021091455299056,0.421750918108929,0.0224484111714791,-5.0210101467365e-06,0.482155213741839,0.116212617280147
0.0026,-0.0209798132682912,0.419518269884191,0.0222113442562478,-5.00101557340916e-06,0.480155645639251,0.115250710624021
0.00261,-0.0208681715151519,0.417285628393522,0.0219755366011315,-4.98102100486436e-06,0.478156081153473,0.114292803170119
0.00262,-0.0207565300447039,0.415052993744527,0.0217409882047046,-4.96102634463092e-06,0.476156520335874,0.113338894921663
0.00263,-0.0206448888621149,0.412820366046919,0.0215076990655119,-4.9410317505308e-06,0.474156963222462,0.11238898587297
0.00264,-0.0205332479726571,0.410587745412558,0.0212756691820657,-4.92103722798948e-06,0.472157409859629,0.111443076023702
0.00265,-0.0204216073820471,0.408355131962355,0.021044898553561,-4.90104278430119e-06,0.470157860294387,0.110501165373433
0.00266,-0.0203099670966445,0.40612252583029,0.0208153871802663,-4.88104842862896e-06,0.468158314574366,0.109563253921643
0.00267,-0.0201983271214449,0.403889927122736,0.0205871350592861,-4.86105417200458e-06,0.466158772747815,0.108629341667711
0.00268,-0.0200866874622743,0.401657335962931,0.0203601421892063,-4.84106002732861e-06,0.464159234863602,0.107699428610911
0.00269,-0.0199750481250834,0.399424752476682,0.0201344085685866,-4.82106600937042e-06,0.462159700971214,0.106773514750404
0.0027,-0.01986340911595,0.397192176792414,0.0199099341959575,-4.8010721347681e-06,0.460160171120757,0.105851600085231
0.00271,-0.0197517704410815,0.394959609041209,0.0196867190698175,-4.78107831337741e-06,0.458160645380991,0.104933684623071
0.00272,-0.0196401321068166,0.392727049356861,0.0194647631886297,-4.76108448773964e-06,0.456161123816182,0.104019768368846
0.00273,-0.0195284941196281,0.39049449787591,0.0192440665508187,-4.74109076880187e-06,0.454161606463565,0.10310985131392
0.00274,-0.0194168564861246,0.388261954737696,0.0190246291547672,-4.72109716623192e-06,0.45216209337812,0.102203933457847
0.00275,-0.0193052192135375,0.386029420094209,0.0188064509997793,-4.70110369071508e-06,0.450162584615587,0.101302014800082
0.00276,-0.0191935823100043,0.383796894115818,0.0185895320866056,-4.68111035395415e-06,0.448163080232464,0.10040409533997
0.00277,-0.0190819457817003,0.381564376933226,0.0183738724117352,-4.66111716866945e-06,0.446163580286011,0.0995101750767386
0.00278,-0.0189703096359742,0.379331868700928,0.018159471973655,-4.64112414859876e-06,0.444164084834248,0.0986202540094936
0.00279,-0.0188586738803397,0.377099369576806,0.0179463307708182,-4.62113130849738e-06,0.442164593935954,0.0977343321372084
0.0028,-0.0187470385224791,0.374866879722196,0.0177344488016396,-4.60113866413813e-06,0.44016510765067,0.096852409458718
0.00281,-0.018635403570246,0.372634399301952,0.0175238260644925,-4.5811459840217e-06,0.438165626062861,0.0959744859843863
0.00282,-0.0185237690316682,0.3704019284845,0.0173144625577035,-4.56115310808876e-06,0.4361661492509,0.0951005617209141
0.00283,-0.0184121349149511,0.368169467441906,0.0171063582795488,-4.54116025786791e-06,0.434166677256877,0.094230636656956
0.00284,-0.0183005012284808,0.365937016349936,0.0168995132282488,-4.52116742019129e-06,0.432167210146587,0.0933647107921043
0.00285,-0.0181888679813073,0.363704575397836,0.0166939274028655,-4.50117458096319e-06,0.430167747986771,0.0925027841258362
0.00286,-0.0180772351835394,0.361472144796299,0.0164896008039974,-4.48118172516008e-06,0.428168290845124,0.091644856657505
0.00287,-0.0179656028433988,0.359239724717929,0.0162865334282648,-4.4611888368306e-06,0.426168838790286,0.0907909283863297
0.00288,-0.0178539709702872,0.35700731535924,0.0160847252740624,-4.44119589909555e-06,0.42416939189185,0.089940999311386
0.00289,-0.0177423395738355,0.354774916921427,0.0158841763397514,-4.42120289414788e-06,0.422169950220356,0.0890950694315966
0.0029,-0.0176307086639081,0.35254252961046,0.0156848866236549,-4.40120980325272e-06,0.420170513847294,0.0882531387457214
0.00291,-0.0175190782506078,0.350310153637184,0.0154868561240525,-4.38121682157781e-06,0.418171082875615,0.0874152072642071
0.00292,-0.0174074483442806,0.348077789217416,0.0152900848391756,-4.36122408243064e-06,0.416171657400566,0.0865812749937443
0.00293,-0.0172958189556377,0.345845436574406,0.0150945727674096,-4.34123138890551e-06,0.414172237471577,0.0857513419226666
0.00294,-0.0171841900970716,0.343613095965435,0.014900319909603,-4.32123874711841e-06,0.412172823167992,0.0849254080503884
0.00295,-0.0170725617789133,0.341380767606189,0.0147073262623884,-4.30124616394066e-06,0.410173414570345,0.0841034733761746
0.00296,-0.0169609340127455,0.339148451737705,0.0145155918240889,-4.28125364699893e-06,0.408174011760358,0.083285537899129
0.00297,-0.0168493068104457,0.336916148607036,0.0143251165929853,-4.26126120467525e-06,0.406174614820941,0.0824716016181819
0.00298,-0.0167376801841927,0.334683858467377,0.01413590056731,-4.24126884610699e-06,0.404175223836194,0.0816616645320788
0.00299,-0.0166260541464723,0.332451581578195,0.0139479437452396,-4.22127658118686e-06,0.402175838891404,0.0808557266393683
0.003,-0.0165144287100844,0.330219318205357,0.0137612461248882,-4.20128442056295e-06,0.400176460073047,0.0800537879383906
0.00301,-0.0164028038881485,0.327987068621253,0.0135758077042996,-4.18129229767092e-06,0.398177087508366,0.0792558484433333
0.00302,-0.016291179696047,0.325754833143941,0.0133916284846702,-4.16130016881583e-06,0.396177721314567,0.0784619081632946
0.00303,-0.0161795561469137,0.323522612046262,0.0132087084627436,-4.14130811056456e-06,0.39417836154938,0.0776719670825166
0.00304,-0.0160679332549547,0.32129040562274,0.0130270476364041,-4.12131612622057e-06,0.392179008309297,0.0768860252002736
0.00305,-0.015956311034942,0.319058214179381,0.012846646003787,-4.10132421923183e-06,0.390179661692309,0.0761040825156523
0.00306,-0.0158446895020361,0.316826038030108,0.0126675035629588,-4.08133239319076e-06,0.388180321797906,0.0753261390275378
0.00307,-0.015733068671795,0.314593877496928,0.0124896203119084,-4.06134065183428e-06,0.386180988727076,0.074552194734598
0.00308,-0.0156214485601815,0.3123617329101,0.0123129962485366,-4.04134899904377e-06,0.384181662582307,0.0737822496352687
0.00309,-0.0155098291835722,0.310129604608298,0.0121376313706461,-4.02135743884509e-06,0.382182343467582,0.0730163037277389
0.0031,-0.0153982105603203,0.307897492970114,0.0119635256783831,-4.00136597540858e-06,0.380183031488387,0.0722543570099357
0.00311,-0.0152865927080125,0.305665398358776,0.011790679169828,-3.98137455967646e-06,0.378183726788163,0.0714964094934977
0.00312,-0.0151749756442629,0.30343332113816,0.0116190918422735,-3.96138314978601e-06,0.376184429507034,0.0707424611876378
0.00313,-0.0150633593877002,0.301201261692665,0.0114487636937455,-3.94139178785643e-06,0.374185139729353,0.0699925120792648
0.00314,-0.0149517439574835,0.298969220417478,0.0112796947222037,-3.9214004673932e-06,0.372185857574279,0.0692465621677499
0.00315,-0.0148401293733163,0.296737197718834,0.0111118849255315,-3.90140918123938e-06,0.37018658316302,0.0685046114522725
0.00316,-0.014728515655634,0.294505194017813,0.0109453343017879,-3.88141792157566e-06,0.368187316618834,0.0677666599317994
0.00317,-0.0146169028270331,0.292273209779132,0.0107800428513058,-3.86142667992034e-06,0.366188058067029,0.0670327076050642
0.00318,-0.0145052909082863,0.290041245430849,0.0106160105706454,-3.84143544712929e-06,0.364188807634964,0.0663027544705469
0.00319,-0.0143936799217894,0.287809301433822,0.0104532374577815,-3.82144426476814e-06,0.362189565484296,0.0655768005379472
0.0032,-0.0142820698906073,0.28557737826248,0.0102917235106141,-3.80145316041249e-06,0.360190331770367,0.0648548458134508
0.00321,-0.0141704608384907,0.283345476405173,0.0101314687269547,-3.78146209044216e-06,0.358191106606289,0.0641368902871337
0.00322,-0.0140588527898935,0.281113596364509,0.00997247310451107,-3.76147105333196e-06,0.356191890134064,0.0634229339583043
0.00323,-0.013947245771121,0.278881738680454,0.0098147366424808,-3.74148004762998e-06,0.354192682498207,0.0627129768260251
0.00324,-0.0138356398090253,0.276649903904092,0.00965825933960373,-3.72148907195763e-06,0.352193483845747,0.0620070188890875
0.00325,-0.0137240349299798,0.274418092577017,0.00950304119269495,-3.70149812500963e-06,0.35019429432622,0.0613050601459863
0.00326,-0.0136124311619229,0.272186305272419,0.00934908219950933,-3.68150720555401e-06,0.348195114091678,0.0606071005948952
0.00327,-0.0135008285336562,0.269954542580976,0.00919638235768538,-3.66151636446476e-06,0.346195943336347,0.0599131402471917
0.00328,-0.013389227074866,0.267722805111295,0.00904494166472535,-3.64152563316699e-06,0.344196782242084,0.0592231791085142
0.00329,-0.0132776268161456,0.26549109349035,0.00889476011797376,-3.62153498107674e-06,0.342197630945931,0.0585372171679282
0.0033,-0.0131660277915242,0.263259408414336,0.00874583771796236,-3.601544417147e-06,0.340198489617526,0.0578552544243545
0.00331,-0.0130544300331157,0.261027750541081,0.00859817446108771,-3.58155395111162e-06,0.338199358429556,0.0571772908763875
0.00332,-0.0129428335750354,0.258796120568798,0.00845177034489117,-3.56156359348527e-06,0.336200237557762,0.056503326522265
0.00333,-0.0128312384526265,0.256564519220524,0.00830662536693133,-3.54157335556343e-06,0.334201127180935,0.0558333613598379
0.00334,-0.0127196447024034,0.254332947242995,0.0081627395246406,-3.52158324942244e-06,0.332202027480915,0.0551673953865395
0.00335,-0.0126080523632766,0.252101405431267,0.00802011281683333,-3.50159325976463e-06,0.330202938685206,0.0545054286135167
0.00336,-0.0124964614750458,0.249869894598421,0.00787874524164757,-3.48160338157883e-06,0.328203861009976,0.0538474610463432
0.00337,-0.0123848720780217,0.247638415567963,0.00773863679601613,-3.46161364057829e-06,0.326204794629125,0.0531934926749777
0.00338,-0.0122732842144468,0.245406969202393,0.00759978747741617,-3.44162404443608e-06,0.324205739748092,0.0525435234982724
0.00339,-0.0121616979280277,0.243175556393793,0.00746219728317762,-3.42163460097451e-06,0.322206696576319,0.0518975535147283
0.0034,-0.0120501132645459,0.24094417807611,0.00732586621114907,-3.40164531816512e-06,0.320207665327257,0.0512555827224553
0.00341,-0.0119385302728153,0.238712835244365,0.00719079426074129,-3.38165620412869e-06,0.318208646218362,0.0506176111191322
0.00342,-0.0118269490008599,0.23648152887793,0.00705698142815657,-3.36166717165483e-06,0.316209639548734,0.0499836387268146
0.00343,-0.0117153694994745,0.234250260012006,0.00692442771067548,-3.34167826710483e-06,0.314210645512993,0.049353665531916
0.00344,-0.0116037918212789,0.232019029718649,0.00679313310538325,-3.32168949016609e-06,0.312211664347839,0.0487276915325799
0.00345,-0.0114922160207725,0.229787839107863,0.00666309760912877,-3.30170083613954e-06,0.310212696297664,0.0481057167274581
0.00346,-0.0113806421570943,0.227556689383006,0.00653432122161202,-3.2817122993874e-06,0.308213741611756,0.0474877411147589
0.00347,-0.0112690702888215,0.225325581736389,0.0064068039391586,-3.26172387333315e-06,0.30621480054429,0.0468737646921983
0.00348,-0.011157500477527,0.223094517420676,0.00628054575878742,-3.24173556144932e-06,0.304215873384208,0.046263787466004
0.00349,-0.0110459327872708,0.220863497738692,0.00615554667746897,-3.22174737473911e-06,0.302216960448365,0.0456578094485077
0.0035,-0.0109343672857208,0.218632524065924,0.00603180669322995,-3.20175929376922e-06,0.300218061978317,0.0450558306269962
0.00351,-0.0108228040433,0.216401597833401,0.00590932580400875,-3.18177131262239e-06,0.298219178259808,0.0444578509999601
0.00352,-0.0107112431320492,0.214170720504864,0.00578810400625924,-3.16178342481841e-06,0.296220309584492,0.043863870565359
0.00353,-0.0105996846274877,0.211939893614125,0.0056681412968642,-3.14179562331406e-06,0.294221456249941,0.0432738893205621
0.00354,-0.010488128608535,0.209709118763491,0.00554943767285282,-3.1218079005032e-06,0.292222618559636,0.0426879072622892
0.00355,-0.0103765751594602,0.20747839766287,0.00543199313326086,-3.10182032614223e-06,0.290223796917236,0.0421059244136795
0.00356,-0.0102650243651547,0.205247732034952,0.00531580767390013,-3.08183288377932e-06,0.28822499162871,0.0415279407667472
0.00357,-0.0101534763151029,0.20301712369487,0.00520088129141573,-3.06184556046563e-06,0.286226203010861,0.0409539563141498
0.00358,-0.0100419311024962,0.200786574532416,0.005087213982121,-3.04185836004885e-06,0.284227431407402,0.0403839710536124
0.00359,-0.00993038882677024,0.198556086562948,0.00497480574434479,-3.02187128694056e-06,0.282228677169323,0.0398179849821652
0.0036,-0.00981884959026208,0.196325661860341,0.00486365657474463,-3.00188434611625e-06,0.28022994065489,0.0392559980960711
0.00361,-0.00970731349958421,0.194095302584555,0.00475376646949571,-2.98189754664707e-06,0.278231222247863,0.0386980103958113
0.00362,-0.00959578066672445,0.191865011003697,0.00464513542511895,-2.96191091326761e-06,0.276232522417168,0.0381440219022805
0.00363,-0.00948425121084302,0.189634789530073,0.00453776343990607,-2.94192444705282e-06,0.274233841514052,0.0375940326004249
0.00364,-0.00937272525412647,0.187404640637033,0.00443165050956725,-2.92193815978834e-06,0.272235179949379,0.0370480424885831
0.00365,-0.00926120292523583,0.185174566928133,0.00432679663030077,-2.90195206430826e-06,0.27023653814379,0.0365060515644498
0.00366,-0.0091496843601522,0.182944571154082,0.00422320179920879,-2.88196617035033e-06,0.268237916532179,0.0359680598261908
0.00367,-0.00903816970180423,0.180714656205282,0.00412086601354109,-2.8619804148151e-06,0.266239315639048,0.0354340672925461
0.00368,-0.00892665909831175,0.178484825076639,0.00401978926871195,-2.84199483784543e-06,0.264240735888255,0.034904073951195
0.00369,-0.00881515270553184,0.176255080918594,0.00391997156028046,-2.82200944019136e-06,0.26224217775713,0.0343780798005574
0.0037,-0.00870365069085862,0.17402542711329,0.00382141288686442,-2.80202422189487e-06,0.260243641734678,0.033856084838279
0.00371,-0.00859215322642258,0.171795867138282,0.00372411324356393,-2.78203918228989e-06,0.258245128321574,0.0333380890611139
0.00372,-0.00848066049357969,0.169566404656512,0.00362807262555159,-2.76205436758556e-06,0.256246638120225,0.0328240924877606
0.00373,-0.00836917268372925,0.167337043532711,0.00353329102824346,-2.74206976551526e-06,0.25424817163538,0.0323140951074297
0.00374,-0.0082576900013426,0.165107787894091,0.00343976844926455,-2.72208538098671e-06,0.252249729417303,0.0318080969167355
0.00375,-0.00814621265854249,0.16287864202174,0.00334750488323495,-2.70210122164697e-06,0.250251312034459,0.0313060979124427
0.00376,-0.00803474088071352,0.160649610463054,0.00325650032590404,-2.68211729553482e-06,0.248252920069067,0.030808098090188
0.00377,-0.00792327490698197,0.158420698041362,0.0031667547737856,-2.66213356616002e-06,0.246254554219337,0.0303140974696274
0.00378,-0.00781181498798371,0.156191909811206,0.00307826822161372,-2.6421500406349e-06,0.244256215098889,0.0298240960440692
0.00379,-0.00770036139026447,0.153963251146503,0.00299104066512346,-2.62216672465275e-06,0.242257903339218,0.0293380938062536
0.0038,-0.0075889143961768,0.151734727738496,0.00290507210007256,-2.60218361519592e-06,0.240259619606292,0.0288560907521784
0.00381,-0.00747747430269384,0.149506345572017,0.00282036252045152,-2.58220070837641e-06,0.238261364582705,0.0283780868764842
0.00382,-0.00736604142745294,0.147278111046537,0.00273691192216308,-2.56221803528417e-06,0.236263139045175,0.0279040821905109
0.00383,-0.00725461610626535,0.145050030926307,0.00265472030002748,-2.5422356125532e-06,0.234264943757678,0.0274340766964456
0.00384,-0.00714319869345987,0.142822112347262,0.00257378764700503,-2.52225343961074e-06,0.232266779465502,0.0269680703860729
0.00385,-0.00703178956933991,0.140594362966368,0.00249411395845805,-2.50227152879871e-06,0.230268646960363,0.0265060632558843
0.00386,-0.00692038913654251,0.13836679088873,0.00241569922813597,-2.48228988039695e-06,0.228270547107228,0.0260480553127949
0.00387,-0.00680899782447557,0.13613940475647,0.00233854344997347,-2.46230849740107e-06,0.226272480788261,0.0255940465606949
0.00388,-0.00669761609170575,0.133912213796563,0.00226264661819989,-2.44232739507711e-06,0.224274448866579,0.0251440369921297
0.00389,-0.00658624442620425,0.131685227825765,0.0021880087258592,-2.42234658321853e-06,0.222276452253555,0.0246980266034891
0.0039,-0.00647488335121685,0.129458457368163,0.00211462976699807,-2.40236606642609e-06,0.220278491933116,0.0242560153998759
0.00391,-0.00636353342326342,0.127231913615162,0.00204250973339357,-2.38238584815784e-06,0.21828056892822,0.0238180033870564
0.00392,-0.00625219524232437,0.125005608629422,0.00197164861912002,-2.36240593926303e-06,0.216282684230228,0.023383990555777
0.00393,-0.00614086944650228,0.12277955523803,0.00190204641478939,-2.34242634720299e-06,0.214284838888115,0.02295397690122
0.00394,-0.00602955672343018,0.120553767260889,0.00183370311236265,-2.32244707982887e-06,0.212287034033124,0.0225279624276525
0.00395,-0.00591825781132764,0.118328259531897,0.00176661870299718,-2.30246814528522e-06,0.210289270867344,0.0221059471452035
0.00396,-0.00580697350564149,0.116103048031901,0.00170079317810297,-2.28248955087133e-06,0.208291550528804,0.0216879310410632
0.00397,-0.00569570466152298,0.113878149938314,0.00163622652755427,-2.26251130423321e-06,0.206293874232698,0.021273914109251
0.00398,-0.00558445220377454,0.11165358382422,0.00157291874195138,-2.24253341395892e-06,0.204296243269753,0.0208638963495106
0.00399,-0.00547321712848631,0.109429369691183,0.00151086980961793,-2.22255589044915e-06,0.202298659042889,0.0204578777739702
0.004,-0.00536200051644802,0.107205529237686,0.00145007971986927,-2.20257874179295e-06,0.200301122893536,0.0200558583712465
0.00401,-0.00525080353437098,0.104982085883644,0.00139054845891207,-2.18260197742725e-06,0.198303636251898,0.0196578381368459
0.00402,-0.00513962745193374,0.102759065111549,0.00133227601388204,-2.16262561158758e-06,0.196306200701896,0.019263817085019
0.00403,-0.00502847364857659,0.100536494602498,0.00127526237052851,-2.14264965424015e-06,0.194308817766491,0.0188737952055366
0.00404,-0.00491734362604475,0.0983144044872369,0.00121950751330146,-2.12267411745867e-06,0.192311489058654,0.0184877724933153
0.00405,-0.00480623902342143,0.0960928276470102,0.00116501142580738,-2.10269901307621e-06,0.190314216329976,0.0181057489567758
0.00406,-0.0046951616316934,0.0938718000050716,0.00111177409003815,-2.08272435383389e-06,0.188317001348555,0.0177277245934623
0.00407,-0.00458411341051556,0.0916513608621748,0.00105979548564499,-2.06275015314473e-06,0.186319845924084,0.0173536993945544
0.00408,-0.00447309651227198,0.0894315533780406,0.00100907559138991,-2.04277642525696e-06,0.184322752001969,0.0169836733617986
0.00409,-0.00436211330032503,0.0872124249365434,0.000959614382429228,-2.02280318539438e-06,0.182325721647491,0.0166176465032664
0.0041,-0.00425116638199508,0.0849940278055874,0.000911411832707758,-2.00283044849722e-06,0.180328756897354,0.0162556188053941
0.00411,-0.00414025863750428,0.0827764197162353,0.000864467913465099,-1.9828582303936e-06,0.178331859915915,0.0158975902611251
0.00412,-0.00402939325551023,0.0805596645736366,0.000818782592497986,-1.9628865473673e-06,0.176335033083319,0.0155435608841775
0.00413,-0.00391857377534724,0.0783438333021375,0.000774355833715611,-1.94291541637276e-06,0.174338278738831,0.0151935306621484
0.00414,-0.00380780413620114,0.0761290048290617,0.000731187596555232,-1.92294485501123e-06,0.172341599396178,0.0148474995940325
0.00415,-0.00369708873171066,0.0739152671770288,0.000689277834162185,-1.90297488163043e-06,0.170344997727988,0.0145054676858315
0.00416,-0.00358643248387514,0.0717027189424113,0.000648626494945322,-1.88300551496004e-06,0.168348476432485,0.0141674349265323
0.00417,-0.00347584091963636,0.0694914708272572,0.000609233520177035,-1.86303677559244e-06,0.166352038430353,0.0138334013205946
0.00418,-0.00336532026433025,0.0672816475085847,0.00057109884226942,-1.84306868465241e-06,0.164355686742625,0.0135033668656697
0.00419,-0.00325487755404862,0.0650733898858633,0.00053422238310368,-1.82310126362001e-06,0.162359424478439,0.0131773315496125
0.0042,-0.00314452076897868,0.0628668577480046,0.00049860405162382,-1.80313453592994e-06,0.160363255065953,0.0128552953866293
0.00421,-0.00303425900005454,0.0606622331065205,0.000464243742876558,-1.78316852513251e-06,0.158367181918752,0.0125372583612758
0.00422,-0.00292410264144224,0.0584597240452585,0.000431141333749959,-1.76320325618048e-06,0.156371208672717,0.0122232204656389
0.00423,-0.00281406362658306,0.0562595694411521,0.000399296678506326,-1.74323875604322e-06,0.154375339255691,0.0119131817078747
0.00424,-0.00270415571738,0.0540620447476341,0.000368709603435779,-1.72327505198169e-06,0.152379577654691,0.0116071420738336
0.00425,-0.0025943948656093,0.0518674692222458,0.000339379901631223,-1.70331217311035e-06,0.150383928215974,0.0113051015715921
0.00426,-0.00248479965070253,0.0496762146812768,0.000311307323506183,-1.68335014944879e-06,0.14838839537952,0.0110070601884791
0.00427,-0.0023753918278494,0.0474887164602385,0.000284491565531978,-1.66338901312898e-06,0.146392983925118,0.010713017926166
0.00428,-0.00226619701269364,0.0453054871054363,0.000258932255027977,-1.64342879756708e-06,0.144397698840603,0.0104229747782583
0.00429,-0.00215724555505472,0.0431271338449082,0.000234628932379101,-1.62346953780421e-06,0.142402545389366,0.0101369307378403
0.0043,-0.00204857363631474,0.0409543805311902,0.000211581024010678,-1.60351127100811e-06,0.140407529188226,0.00985488580566344
0.00431,-0.00194022467526338,0.0387880957510982,0.000189787806590882,-1.58355403566714e-06,0.138412656057459,0.00957683996587534
0.00432,-0.00183225114518696,0.0366293291573578,0.000169248359380507,-1.56359787336083e-06,0.136417932331099,0.00930279322632162
0.00433,-0.00172471692973157,0.0344793585714749,0.000149961497834075,-1.54364282655613e-06,0.134423364484236,0.00903274556334088
0.00434,-0.00161770038751923,0.0323397512557624,0.000131925678715953,-1.52368894142064e-06,0.132428959596858,0.00876669698178273
0.00435,-0.00151129838441185,0.0302124445298084,0.00011513886790271,-1.50373626575637e-06,0.130434725023876,0.00850464746595546
0.00436,-0.00140563160469084,0.0280998519532832,9.95983504808717e-05,-1.48378485047499e-06,0.1284406687066,0.00824659701689684
0.00437,-0.00130085154457469,0.0260050031387391,8.53004535475592e-05,-1.46383474894863e-06,0.126446798964128,0.00799254562016716
0.00438,-0.00119714971743245,0.0239317277747065,7.22401417301304e-05,-1.44388601830957e-06,0.124453124738213,0.00774249327256795
0.00439,-0.00109476965562396,0.0218848955487896,6.04104212007553e-05,-1.42393871839085e-06,0.122459655453834,0.0074964399588813
0.0044,-0.000994022216574382,0.0198707221124421,4.98014546792086e-05,-1.4039929130006e-06,0.120466401222119,0.00725438567151393
0.00441,-0.000895304380235209,0.0178971448192572,4.03992564669358e-05,-1.38404866960913e-06,0.118473372782749,0.00701633039685755
0.00442,-0.000799120628775678,0.0159742500479201,3.21837907280084e-05,-1.36410605984323e-06,0.116480581599666,0.00678227412019576
0.00443,-0.000706103659152761,0.0141146871338583,2.51262841753953e-05,-1.34416515998236e-06,0.114488039937911,0.0065522168273095
0.00444,-0.000617026833013476,0.0123339170489937,1.91856438210749e-05,-1.32422605106843e-06,0.112495760910616,0.00632615850181243
0.00445,-0.00053279461780949,0.0106500210264505,1.43041753981331e-05,-1.30428881923422e-06,0.110503758606207,0.00610409913079015
0.00446,-0.000454392170256498,0.0090826923559445,1.04034556441848e-05,-1.28435355649635e-06,0.108512048117027,0.00588603869822976
0.00447,-0.000382779153608051,0.00765111341251461,7.38215502562825e-06,-1.26442036067272e-06,0.106520645590809,0.0056719771805475
0.00448,-0.00031873538322466,0.00637086989588391,5.11818338597807e-06,-1.24448933647663e-06,0.10452956843656,0.00546191455764615
0.00449,-0.000262703313552719,0.00525080226704999,3.47658874324175e-06,-1.22456059594553e-06,0.102538835406601,0.00525585080882429
0.0045,-0.000214695154609221,0.00429114950927665,2.32183945736848e-06,-1.20463425844545e-06,0.100548466592093,0.00505378589901844
0.00451,-0.000174308066011871,0.00348385357209973,1.53033681648184e-06,-1.18471045265191e-06,0.0985584838057446,0.0048557198032627
0.00452,-0.00014083222667254,0.00281472033723999,9.98894624408352e-07,-1.16478931607653e-06,0.096568910601005,0.00466165249149419
0.00453,-0.000113395128032833,0.00226630443835792,6.47541064780588e-07,-1.14487099672473e-06,0.0945797724827655,0.00447158393125377
0.00454,-9.10887635847292e-05,0.001820451898129,4.17802155035731e-07,-1.12495565353015e-06,0.0925910970513975,0.00428551408171874
0.00455,-7.30551881428726e-05,0.00146001038271576,2.68723382807259e-07,-1.10504345781185e-06,0.090602914293918,0.00410344289936514
0.00456,-5.85310631136245e-05,0.00116971949594334,1.72479803307166e-07,-1.0851345944104e-06,0.088615256832741,0.00392537033642312
0.00457,-4.68627400795001e-05,0.000936512117286709,1.10556112167142e-07,-1.06522926300368e-06,0.0866281602103245,0.00375129633950329
0.00458,-3.75040778999683e-05,0.000749470602836948,7.08021244189659e-08,-1.04532767969791e-06,0.0846416631942769,0.00358122084659463
0.00459,-3.00058911152091e-05,0.000599615728139437,4.53173200526042e-08,-1.02543007859589e-06,0.0826558082446856,0.00341514379387276
0.0046,-2.40024537084664e-05,0.000479636799926461,2.89950771440966e-08,-1.00553671383547e-06,0.0806706418731599,0.00325306510825324
0.00461,-1.91979169626841e-05,0.00038362007789839,1.85473988694252e-08,-9.85647861735562e-07,0.0786862151273523,0.00309498470559793
0.00462,-1.53539499541037e-05,0.000306801658190342,1.1862516526519e-08,-9.65763823346698e-07,0.0767025841729892,0.00294090249069907
0.00463,-1.22790664672916e-05,0.00024535408435081,7.58628365822381e-09,-9.4588492726855e-07,0.0747198109486399,0.00279081835585306
0.00464,-9.81967880731488e-06,0.000196207490602772,4.8512619511146e-09,-9.26011532921179e-07,0.0727379638903026,0.00264473217682267
0.00465,-7.85273075862508e-06,0.000156902320528122,3.10215401700294e-09,-9.06144034131212e-07,0.070757118913535,0.00250264381852571
0.00466,-6.27969703911728e-06,0.000125469367810254,1.98363199657916e-09,-8.86282863384016e-07,0.0687773603140079,0.0023645531235907
0.00467,-5.02172824629743e-06,0.000100332719377418,1.26838738585262e-09,-8.66428496754865e-07,0.0667987819658041,0.00223045991028535
0.00468,-4.01573920793308e-06,8.0231559914493e-05,8.11032544533442e-10,-8.46581459647648e-07,0.0648214887424819,0.00210036397088365
0.00469,-3.21126673672684e-06,6.41573585467182e-05,5.18587233420357e-10,-8.26742333126876e-07,0.0628455980698776,0.00197426506173345
0.0047,-2.5679487560451e-06,5.1303477848787e-05,3.31591619555207e-10,-8.06911761629135e-07,0.0608712420160121,0.00185216290795556
0.00471,-2.05350491411004e-06,4.10248082708613e-05,2.12023555813947e-10,-7.8709046179728e-07,0.0588985694096493,0.001734057185515
0.00472,-1.64211970057723e-06,3.28054489232643e-05,1.35570134003432e-10,-7.67279232841104e-07,0.0569277485701574,0.00161994751357125
0.00473,-1.31314784827341e-06,2.62328309660035e-05,8.66848970811471e-11,-7.47478968985586e-07,0.0549589705845696,0.0015098334453267
0.00474,-1.0500797845448e-06,2.0977039371583e-05,5.54271520339126e-11,-7.27690673575773e-07,0.0529924532372356,0.00140371445565185
0.00475,-8.39713051091337e-07,1.67742518864892e-05,3.54406402746517e-11,-7.07915476625075e-07,0.0510284457094683,0.00130158992280521
0.00476,-6.71489867385544e-07,1.34134990432859e-05,2.26610727756676e-11,-6.88154654995737e-07,0.0490672341987285,0.00120345910141484
0.00477,-5.36967531634342e-07,1.07260794054856e-05,1.44896994481043e-11,-6.68409657156635e-07,0.0471091489468215,0.0011093210977079
0.00478,-4.29394698479425e-07,8.57709109001045e-06,9.26485161656529e-12,-6.48682132593783e-07,0.0451545727514462,0.00101917483178715
0.00479,-3.43372323204982e-07,6.85865557846327e-06,5.92403306492617e-12,-6.2897396769746e-07,0.0432039515120039,0.00093301899149598
0.0048,-2.74583162185243e-07,5.48451177832024e-06,3.78788245619309e-12,-6.09287329183104e-07,0.0412578071884503,0.00085085196715534
0.00481,-2.19574835539139e-07,4.38568061946096e-06,2.42200821480745e-12,-5.89624717651628e-07,0.0393167541991063,0.000772671776632231
0.00482,-1.75586603323694e-07,3.50700332676607e-06,1.54865623802764e-12,-5.69989033025453e-07,0.0373815197624745,0.000698475955719929
0.00483,-1.40410682584639e-07,2.80437002223601e-06,9.90226089473578e-13,-5.50383655964982e-07,0.0354529695657236,0.000628261413461588
0.00484,-1.12281685950078e-07,2.24251034961882e-06,6.33160344406253e-13,-5.3081254894032e-07,0.033532140339319,0.000562024239288021
0.00485,-8.97879399736733e-08,1.79322136575512e-06,4.0484955513919e-13,-5.11280383051857e-07,0.03162028147758,0.000499759445265518
0.00486,-7.1800470631025e-08,1.43394850281329e-06,2.58865413667013e-13,-4.91792697347288e-07,0.0297189079221674,0.000441460600838173
0.00487,-5.74164812635365e-08,1.14665614973209e-06,1.65521491685738e-13,-4.72356100526774e-07,0.0278298680552104,0.000387119333173258
0.00488,-4.59140681263894e-08,9.16922802170604e-07,1.0583628593688e-13,-4.52978526730377e-07,0.0259554306475347,0.00033672462788421
0.00489,-3.67160130744043e-08,7.33217602909259e-07,6.7673069272034e-14,-4.33669561037103e-07,0.0240983958979243,0.000290261844516339
0.0049,-2.93606655114202e-08,5.86318545856596e-07,4.32711498306305e-14,-4.14440853353965e-07,0.022262235764214,0.000247711315484789
0.00491,-2.34788296042027e-08,4.68850679567909e-07,2.76682274107001e-14,-3.95306642801749e-07,0.0204512688092903,0.000209046360622285
0.00492,-1.87752806937253e-08,3.74916810826285e-07,1.76914377584509e-14,-3.76284416147219e-07,0.018670871226091,0.000174230467742146
0.00493,-1.50140195452663e-08,2.99802895569085e-07,1.13121722945219e-14,-3.57395720109057e-07,0.0169277182280026,0.000143213329713317
0.00494,-1.20062862707897e-08,2.39738570871481e-07,7.23321301723575e-15,-3.38667132162856e-07,0.0152300332124297,0.000115925382501267
0.00495,-9.6011198250067e-09,1.91708549294913e-07,4.6250822494473e-15,-3.2013136091991e-07,0.0135877915450666,9.22705459295453e-05
0.00496,-7.67777774845859e-09,1.53301181115634e-07,2.95738978721754e-15,-3.01828374705943e-07,0.0120127796171578,7.21171836882941e-05
0.00497,-6.139720620061e-09,1.22588278958193e-07,1.89102177725814e-15,-2.83806349095686e-07,0.0105183554055725,5.52880525260823e-05
0.00498,-4.90977641038477e-09,9.80285158598901e-08,1.20916218590571e-15,-2.66122078048943e-07,0.00911872928871745,4.15513485450404e-05
0.00499,-3.92622699098919e-09,7.83892468749424e-08,7.7316779240418e-16,-2.48840376557071e-07,0.00782764974787832,3.06165750616589e-05
0.005,-3.13973942998223e-09,6.26852082612041e-08,4.94392633085113e-16,-2.32032031447758e-07,0.00665659868448518,2.21397103008546e-05
0.00501,-2.51082775054209e-09,5.01278142054226e-08,3.16140736337812e-16,-2.15770155575227e-07,0.00561292950048079,1.57403801130846e-05
0.00502,-2.00789579992794e-09,4.00860627296054e-08,2.02157942616801e-16,-2.00125350358302e-07,0.00469859498360464,1.10289963528373e-05
0.00503,-1.60569346393297e-09,3.2055698964393e-08,1.29269355714517e-16,-1.85160622646331e-07,0.0039099608385748,7.63665890312538e-06
0.00504,-1.28405138671947e-09,2.56339419183679e-08,8.26602946321409e-17,-1.70927157065573e-07,0.00323872019189325,5.23911986375191e-06
0.00505,-1.02684257380682e-09,2.0498743473626e-08,5.28569033209252e-17,-1.57461727446764e-07,0.0026734643906463,3.56949749292159e-06
0.00506,-8.21159748421533e-10,1.63923572877551e-08,3.37995671478203e-17,-1.44785929335671e-07,0.00220133569084323,2.41975324618207e-06
0.00507,-6.56694215966925e-10,1.31089329324836e-08,2.16144452824365e-17,-1.32906925869534e-07,0.00180936297371318,1.63449330866059e-06
0.00508,-5.2518297816303e-10,1.04834732469342e-08,1.38229552543045e-17,-1.21819175208751e-07,0.00148534242840369,1.1013123823283e-06
0.00509,-4.20021040090378e-10,8.38409136285054e-09,8.84063878892957e-18,-1.11506625054185e-07,0.00121830657772703,7.40777594022067e-07
0.0051,-3.35924770921612e-10,6.70528740916987e-09,5.65441356269266e-18,-1.01944991701775e-07,0.000998696055679411,4.97679310039175e-07
0.00511,-2.68650750891556e-10,5.36233350815818e-09,3.61610900208869e-18,-9.31038860565555e-08,0.000818348300289558,3.34085493975203e-07
0.00512,-2.14844573142159e-10,4.2882543754735e-09,2.31246961188394e-18,-8.49486791049901e-08,0.000670388927980404,2.24141535262215e-07
0.00513,-1.71815889528046e-10,3.42933466102031e-09,1.47882160057483e-18,-7.74420593637014e-08,0.000549081917590786,1.50320558630276e-07
0.00514,-1.3741319738716e-10,2.74261850864411e-09,9.45818891334919e-19,-7.05452940581352e-08,0.00044967085209672,1.00784967308035e-07
0.00515,-1.09899392404186e-10,2.19342436592463e-09,6.04927934285263e-19,-6.42192227550401e-08,0.000368228080852971,6.75596948203243e-08
0.00516,-8.79005036657588e-11,1.75432142056992e-09,3.86952635245029e-19,-5.84250197357501e-08,0.000301519415023025,4.52809884210674e-08
0.00517,-7.03195163608351e-11,1.40340868393736e-09,2.47621904216385e-19,-5.31247638362131e-08,0.000246886699129432,3.03455056508048e-08
0.00518,-5.62590946060818e-11,1.12277184291304e-09,1.58483861462028e-19,-4.82818508287497e-08,0.000202147974245308,2.0334418684787e-08
0.00519,-4.50072214693099e-11,8.98196654638998e-10,1.01420581830607e-19,-4.38612794969044e-08,0.000165513685961304,1.36248908523413e-08
0.0052,-3.6010797731771e-11,7.18641758959144e-10,6.4921625065693e-20,-3.98298377073283e-08,0.000135516947693234,9.12852548971984e-09
0.00521,-2.87996874118655e-11,5.74721989518024e-10,4.15203568979014e-20,-3.61562103782365e-08,0.000110955821255218,6.11554573226327e-09
0.00522,-2.30344016730699e-11,4.59660644254303e-10,2.65583496596177e-20,-3.28110273550442e-08,9.08457068082392e-05,4.09671817949011e-09
0.00523,-1.84186921923893e-11,3.67544107663857e-10,1.69795528922787e-20,-2.97668654931154e-08,7.43801899964139e-05,2.74411042718876e-09
0.00524,-1.473157812704e-11,2.93961417994634e-10,1.08609810821845e-20,-2.69982169444722e-08,6.08988634065961e-05,1.83793098448616e-09
0.00525,-1.17849026349223e-11,2.35156796737172e-10,6.94999846175316e-21,-2.44814325777807e-08,4.98609377576101e-05,1.23088015187168e-09
0.00526,-9.42857645601029e-12,1.88134383415957e-10,4.44823065756907e-21,-2.21946481274237e-08,4.08235972662822e-05,8.24247269535071e-10
0.00527,-7.54583022110608e-12,1.50563486581733e-10,2.8488641365392e-21,-2.01176987320384e-08,3.34242626934842e-05,5.51886914280453e-10
0.00528,-6.03286846339019e-12,1.20372354969945e-10,1.82081892466001e-21,-1.82320262811854e-08,2.73660550574357e-05,3.69477884895613e-10
0.00529,-4.80824873056595e-12,9.59355141428579e-11,1.15651571666831e-21,-1.65205830750975e-08,2.2405901583351e-05,2.47324410244692e-10
0.0053,-3.83507444766844e-12,7.65166769621626e-11,7.35673099252619e-22,-1.49677344422281e-08,1.83447837505839e-05,1.65531060582308e-10
0.00531,-3.06277801712455e-12,6.11066140776991e-11,4.69169962739684e-22,-1.35591621850001e-08,1.50197506159926e-05,1.10769186406898e-10
0.00532,-2.43827216358914e-12,4.86457534286822e-11,2.97319941460855e-22,-1.22817703602887e-08,1.22973867302139e-05,7.41101409128e-11
0.00533,-1.96886594333015e-12,3.92802126549697e-11,1.93852695370132e-22,-1.11235944108737e-08,1.00684591287303e-05,4.95732086413584e-11
0.00534,-1.59004114367023e-12,3.17221230535106e-11,1.26427394662004e-22,-1.00737143074396e-08,8.24352901810216e-06,3.3152580499869e-11
0.00535,-1.29545218704145e-12,2.58449188976486e-11,8.39202659443173e-23,-9.1221721654238e-09,6.74937110341284e-06,2.21655182019187e-11
0.00536,-1.07450339921258e-12,2.1437161553575e-11,5.77380746726109e-23,-8.25989469550242e-09,5.52603289826447e-06,1.48155207040644e-11
0.00537,-8.91053149735322e-13,1.77774535084918e-11,3.97081408336338e-23,-7.47862043555431e-09,4.52442847867779e-06,9.89968614959962e-12
0.00538,-7.40978699599957e-13,1.47835093162221e-11,2.7460415144504e-23,-6.77083181220243e-09,3.70436702812425e-06,6.61266620859922e-12
0.00539,-6.13936116584371e-13,1.22489587806496e-11,1.8852050285044e-23,-6.12969204932109e-09,3.03294303196586e-06,4.41535909247757e-12
0.0054,-5.02767757345724e-13,1.00310552012563e-11,1.26432815520931e-23,-5.54898666042688e-09,2.48321633682542e-06,2.94694330273271e-12
0.00541,-4.0431834776836e-13,8.06686180921036e-12,8.17673032097008e-24,-5.02306935472063e-09,2.0331296050195e-06,1.96595666217187e-12
0.00542,-3.17704093021392e-13,6.33865845659125e-12,5.04838063690942e-24,-4.54681215527868e-09,1.66462280591113e-06,1.31084128269018e-12
0.00543,-2.45910766216398e-13,4.90608780338456e-12,3.02409195823452e-24,-4.11555947856343e-09,1.36290770288718e-06,8.73522786550349e-13
0.00544,-1.59066058254833e-13,3.17304780869939e-12,1.26462567218739e-24,-3.72508610748945e-09,1.11587902562091e-06,5.81726296809203e-13
0.00545,-1.15807063513717e-14,2.29795849664416e-13,6.56377806385323e-27,-3.37155846398578e-09,9.13624723683576e-07,3.87125730189567e-13
0.00546,1.41723341224284e-13,-2.82962672955126e-12,1.00747019411263e-24,-3.05149930859406e-09,7.48030578804505e-07,2.57418963698542e-13
0.00547,2.93306088010302e-13,-5.85472235775696e-12,4.31106712563545e-24,-2.76175521237266e-09,6.12450608666028e-07,1.71018665658232e-13
0.00548,4.32948025719313e-13,-8.64151879090086e-12,9.39056015457728e-24,-2.49946712379754e-09,5.01443982769652e-07,1.13505096897456e-13
0.00549,5.47750134238372e-13,-1.09325691120693e-11,1.50288972907104e-23,-2.2620434491444e-09,4.1055745958329e-07,7.52501261388385e-14
0.0055,6.22133881629036e-13,-1.24169517314884e-11,1.93863349808199e-23,-2.04713534550713e-09,3.36144201623568e-07,4.98267689169669e-14
0.00551,6.37841224127293e-13,-1.27302703865225e-11,2.03764716622846e-23,-1.85261440763107e-09,2.75218961968519e-07,3.29473174687928e-14
0.00552,5.73934606143603e-13,-1.1454654141675e-11,1.64970736920868e-23,-1.6765521561069e-09,2.2533689758878e-07,2.17524148626125e-14
0.00553,5.94492784008338e-13,-1.18647494163441e-11,1.76988545824998e-23,-1.5172014702512e-09,1.84495721541892e-07,1.43364097990649e-14
0.00554,6.82909464038194e-13,-1.36291459296598e-11,2.33535314364411e-23,-1.37297980921866e-09,1.51056695373669e-07,9.43028089525764e-15
0.00555,7.49442513226523e-13,-1.4956791790272e-11,2.81242901095812e-23,-1.24245382943122e-09,1.23678298202112e-07,6.18947139257029e-15
0.00556,7.89233811937794e-13,-1.57507283396384e-11,3.11885934318955e-23,-1.1243254497765e-09,1.0126223986733e-07,4.05234091734148e-15
0.00557,7.97425240536452e-13,-1.59139969192162e-11,3.18377149797415e-23,-1.01741918781025e-09,8.29092534633234e-08,2.6457121628048e-15
0.00558,7.69158679386954e-13,-1.5349638870463e-11,2.96186833409466e-23,-9.20670669020143e-10,6.78831530271135e-08,1.72188649460466e-15
0.00559,7.21145148268778e-13,-1.43911942854163e-11,2.6034378519102e-23,-8.33116091959104e-10,5.55806743114762e-08,1.11660529909631e-15
0.0056,6.95658610898549e-13,-1.3882414406144e-11,2.42255192523196e-23,-7.53882827425958e-10,4.55078104803466e-08,7.21105974541819e-16
0.00561,6.55671307371758e-13,-1.3084266281016e-11,2.15194278687112e-23,-6.82180891144868e-10,3.72603382179628e-08,4.63484718555882e-16
0.00562,6.01102628344045e-13,-1.19951456451753e-11,1.80855044526457e-23,-6.17295140479889e-10,3.05074688424968e-08,2.96274896108041e-16
0.00563,5.3187196447107e-13,-1.06134482337652e-11,1.41585193091708e-23,-5.5857824910185e-10,2.49785212459871e-08,1.88195163039415e-16
0.00564,4.47898706408474e-13,-8.93756978192897e-12,1.00397865515308e-23,-5.05444234377572e-10,2.04516611088267e-08,1.18664909786452e-16
0.00565,3.49102244811898e-13,-6.96590602480952e-12,6.09834412444319e-24,-4.57362764224114e-10,1.6745478568891e-08,7.41815678393426e-17
0.00566,2.76508322093242e-13,-5.51715496751397e-12,3.82517787525962e-24,-4.13853727657631e-10,1.37111546624413e-08,4.59031392620306e-17
0.00567,2.07966933652006e-13,-4.14930412962073e-12,2.16331921115273e-24,-3.74482712405384e-10,1.12272286639371e-08,2.80632850529691e-17
0.00568,1.4529334149522e-13,-2.89858251307125e-12,1.05550573498764e-24,-3.38856115056955e-10,9.19311683238891e-09,1.69038450650264e-17
0.00569,9.09247148845367e-14,-1.81362965761634e-12,4.13087512973857e-25,-3.06617987103845e-10,7.527365592666e-09,9.99809631643454e-18
0.0057,4.72982230816311e-14,-9.43085103007211e-13,1.11616916174406e-25,-2.7744626952515e-10,6.16343153718091e-09,5.78104312202091e-18
0.00571,1.68510353481604e-14,-3.35588388994733e-13,1.40995136716157e-26,-2.5104938474242e-10,5.04661658697738e-09,3.24747217182915e-18
0.00572,-1.34767683715194e-14,2.69538479484264e-13,9.17239533898392e-27,-2.2716346926386e-10,4.13216524973717e-09,1.75658859783276e-18
0.00573,-4.3159081230063e-14,8.61800229822728e-13,9.34714246086631e-26,-2.05549798565698e-10,3.38346121385638e-09,9.02868527570075e-19
0.00574,-6.46552266012098e-14,1.29069275373032e-12,2.09548633122363e-25,-1.859923572562e-10,2.77054148340304e-09,4.31909068251109e-19
0.00575,-7.70696924424963e-14,1.53834755502478e-12,2.97613614076742e-25,-1.68295641676409e-10,2.26879098264598e-09,1.85762780794647e-19
0.00576,-7.95069667114534e-14,1.58689613752374e-12,3.16655258498176e-25,-1.52282720427879e-10,1.85809860769605e-09,6.77984704451484e-20
0.00577,-7.10715373656144e-14,1.41847000504485e-12,2.5298389083784e-25,-1.37793422477208e-10,1.52187850938335e-09,1.98534921751171e-20
0.00578,-5.758930255247e-14,1.14933498630767e-12,1.66076105077548e-25,-1.24682644564301e-10,1.24647734745207e-09,7.77294186254738e-21
0.00579,-5.26572689845543e-14,1.05083930667947e-12,1.38814136751702e-25,-1.12819367411821e-10,1.02094488296857e-09,1.21152564331312e-20
0.0058,-4.54647397949323e-14,9.07244293166761e-13,1.03455496062543e-25,-1.02084562166165e-10,8.36019525433645e-10,2.22909718397704e-20
0.00581,-3.65933805477095e-14,7.30160415372361e-13,6.70000494278539e-26,-9.23712555535879e-11,6.84630876327969e-10,3.28462490927101e-20
0.00582,-2.66248568069904e-14,5.31198142899075e-13,3.54535801010757e-26,-8.35818722860294e-11,5.60529859644072e-10,4.13849437928588e-20
0.00583,-1.61408341368824e-14,3.21967945349764e-13,1.30199564785753e-26,-7.56289141425491e-11,4.59013677712577e-10,4.70462169900546e-20
0.00584,-5.72297810148957e-15,1.14080292327219e-13,1.63236655741138e-27,-6.84325131076219e-11,3.75858916663261e-10,4.99172071422428e-20
0.00585,1.92833286554434e-14,-3.84964598094731e-13,1.86431438191142e-26,-6.192100848346e-11,3.07888733388181e-10,5.03775975790168e-20
0.00586,4.49512666023331e-14,-8.97205157173036e-13,1.01224591500492e-25,-5.60289597397757e-11,2.5216419680966e-10,4.90402534085485e-20
0.00587,6.98342359382357e-14,-1.39377220385649e-12,2.44249744547197e-25,-5.06976764182544e-11,2.06581556328001e-10,4.64037676480921e-20
0.00588,9.26050624658418e-14,-1.84818072390759e-12,4.29449808767791e-25,-4.58723614592089e-11,1.69019730207092e-10,4.30163070868002e-20
0.00589,1.11820535925928e-13,-2.23163022870802e-12,6.26109386080852e-25,-4.15042034984871e-11,1.38049153900791e-10,3.92238275396514e-20
0.0059,1.25921409997372e-13,-2.51300475525899e-12,7.93923604388203e-25,-3.75528382071819e-11,1.12915058970006e-10,3.51879865639961e-20
0.00591,1.33232402297139e-13,-2.65887286618096e-12,8.88741353221252e-25,-3.39763134484663e-11,9.22810541742103e-11,3.12008849751688e-20
0.00592,1.31962194380294e-13,-2.6334876497138e-12,8.71828556957152e-25,-3.07389244089279e-11,7.5329172004307e-11,2.739837926495e-20
0.00593,1.20203431739994e-13,-2.39878671971676e-12,7.23332588726576e-25,-2.78131571632369e-11,6.20451960903532e-11,2.37334467031359e-20
0.00594,9.59327238074872e-14,-1.91439221566838e-12,4.60676099461408e-25,-2.51631369042587e-11,5.09694796062357e-11,2.04491886655145e-20
0.00595,9.77661538255978e-14,-1.95093531680522e-12,4.78410034422687e-25,-2.27663622802857e-11,4.20803782904077e-11,1.74797239476224e-20
0.00596,9.8153882275918e-14,-1.95862793844882e-12,4.82168662302496e-25,-2.0600309158337e-11,3.50934527743422e-11,1.48172386876257e-20
0.00597,9.64552176363767e-14,-1.92468610708596e-12,4.65580386966661e-25,-1.86385734201516e-11,2.92303592559228e-11,1.25226041467142e-20
0.00598,9.26169847233703e-14,-1.8480505970156e-12,4.29221011338841e-25,-1.68645882039464e-11,2.4403117299006e-11,1.05451947576299e-20
0.00599,8.66092079281296e-14,-1.72812532034751e-12,3.75301231800531e-25,-1.52598949552518e-11,2.03572881969996e-11,8.86036069605647e-21
0.006,7.84251112167224e-14,-1.5647773270023e-12,3.07685835057061e-25,-1.38058709145508e-11,1.68499338378439e-11,7.4410846416465e-21
0.00601,6.8081118130049e-14,-1.35833680471133e-12,2.31838004512043e-25,-1.24895595421164e-11,1.3787170815469e-11,6.25053555795778e-21
0.00602,5.56168517838483e-14,-1.10959707901686e-12,1.54688203265159e-25,-1.12976269616495e-11,1.11337840187102e-11,5.24976412384984e-21
0.00603,4.10951348686905e-14,-8.19814613271882e-13,8.44289896184806e-26,-1.02188691759745e-11,8.91423772934518e-12,4.40227453095243e-21
0.00604,2.46019896499854e-14,-4.90709008640281e-13,3.02390097474042e-26,-9.24421701356569e-12,7.20563251377188e-12,3.67536144698046e-21
0.00605,1.11593413689618e-14,-2.22444716554936e-13,6.20627112336376e-27,-8.3424068270594e-12,4.39450551260681e-12,3.1576337706934e-21
0.00606,-2.14939399301869e-15,4.31434609380911e-14,2.36660827204456e-28,-7.52029059396739e-12,1.62004019006714e-12,2.73549645127119e-21
0.00607,-1.49599624881108e-14,2.9878541649482e-13,1.12401004485277e-26,-6.77178902197354e-12,-1.00327990436635e-12,2.38422817489193e-21
0.00608,-2.6800103796197e-14,5.35056470619168e-13,3.60184248376049e-26,-6.0924587218721e-12,-3.30773571558804e-12,2.08145468140754e-21
0.00609,-3.71575744416969e-14,7.41734064857287e-13,6.91989337647936e-26,-5.47949220756718e-12,-5.07237268286918e-12,1.80705890827941e-21
0.0061,-4.54801477935591e-14,9.07797761797402e-13,1.03637038517967e-25,-4.93171789607324e-12,-6.02300073985639e-12,1.54342866534995e-21
0.00611,-5.11756140652683e-14,1.02142924506995e-12,1.31192808420646e-25,-4.44960010751466e-12,-5.83219431457281e-12,1.27636309615129e-21
0.00612,-5.36117803148398e-14,1.07001231934747e-12,1.43958788707984e-25,-4.00833824110964e-12,-6.07020582901034e-12,1.07311024144623e-21
0.00613,-5.21164704448229e-14,1.04013291034468e-12,1.36022062611504e-25,-3.59645745856367e-12,-7.15834823401924e-12,9.36260489380631e-22
0.00614,-4.59775252022999e-14,9.17579064818443e-13,1.05849131916887e-25,-3.22325628603018e-12,-7.9954686794528e-12,8.14341951324462e-22
0.00615,-4.84292434619994e-14,9.66471969950807e-13,1.1742124795707e-25,-2.88361626497221e-12,-8.55531830913484e-12,7.03219045530088e-22
0.00616,-4.99989968920784e-14,9.9776487991069e-13,1.25139880850611e-25,-2.57241893685283e-12,-8.81164826688912e-12,5.99670710183295e-22
0.00617,-5.04486537300361e-14,1.00670635604786e-12,1.27384906502973e-25,-2.28454584313515e-12,-8.73820969653932e-12,5.01373621061067e-22
0.00618,-4.97415435734566e-14,9.92565651281672e-13,1.23823978556708e-25,-2.02184833133964e-12,-8.40974218404322e-12,4.11831582903596e-22
0.00619,-4.78487956320835e-14,9.54767752602596e-13,1.14565975794818e-25,-1.8056704087402e-12,-8.18342263503785e-12,3.45902348017351e-22
0.0062,-4.474933872782e-14,8.92893381072232e-13,1.00191828894151e-25,-1.61412218841452e-12,-7.78999393586515e-12,2.87654240531523e-22
0.00621,-4.04299012947294e-14,8.06678991823319e-13,8.17721121594859e-26,-1.4442819630182e-12,-7.23503687938897e-12,2.36007706619124e-22
0.00622,-3.48850113790338e-14,6.96016774059698e-13,6.08708270107483e-26,-1.29322802520677e-12,-6.52413225847304e-12,1.90112213252754e-22
0.00623,-2.81169966391164e-14,5.60954651056373e-13,3.95350176366072e-26,-1.15803866763583e-12,-5.66286086598128e-12,1.4933531968107e-22
0.00624,-2.01359843455183e-14,4.01696280159433e-13,2.02700728684595e-26,-1.03579218296091e-12,-4.65680349477735e-12,1.13257421006528e-22
0.00625,-1.39322029927213e-14,2.77887156189786e-13,9.69720024819667e-27,-9.3391777019175e-13,-3.81853707731585e-12,8.69988303065677e-23
0.00626,-7.68665876066891e-15,1.53247256085727e-13,2.9465456201038e-27,-8.45762757482562e-13,-3.04298623204744e-12,6.64897162883919e-23
0.00627,-1.5591056245291e-15,3.09652049032621e-14,1.19397628652916e-28,-7.678209148804e-13,-2.31839547439501e-12,5.02608264749458e-23
0.00628,4.23159271251101e-15,-8.45911967255962e-14,9.02552398339181e-28,-6.97904472611933e-13,-1.6721133529458e-12,3.76648033809328e-23
0.00629,9.44861847233701e-15,-1.88695871217384e-13,4.48237071016804e-27,-6.33825660903857e-13,-1.13148841628727e-12,2.80994128559001e-23
0.0063,1.38371998019111e-14,-2.76264464037258e-13,9.60290014146203e-27,-5.73396709982844e-13,-7.23869213006667e-13,2.10162168151954e-23
0.00631,1.71246107732684e-14,-3.41854343698934e-13,1.47002112368257e-26,-5.21043334371842e-13,-3.52897099273349e-13,1.56110658871062e-23
0.00632,1.90201713835203e-14,-3.79664601764732e-13,1.8128976411028e-26,-4.79142402103376e-13,3.94622852538302e-14,1.1405358889905e-23
0.00633,1.9215247554852e-14,-3.83536052845554e-13,1.8498449698802e-26,-4.41184999344212e-13,3.45032106058292e-13,8.3668259663957e-24
0.00634,1.73832511345239e-14,-3.46951234600886e-13,1.51361348808355e-26,-4.05855482168774e-13,5.52777188142957e-13,6.22759774413467e-24
0.00635,1.92710125775106e-14,-3.84604461136761e-13,1.85974039348271e-26,-3.71838206651476e-13,6.51662356510833e-13,4.77151671582619e-24
0.00636,2.07355043966128e-14,-4.13810844636115e-13,2.15269793864336e-26,-3.37817528866742e-13,6.30652436164874e-13,3.83150125391669e-24
0.00637,2.16549649640581e-14,-4.3214093561089e-13,2.3474270046963e-26,-3.03974517266172e-13,5.10425115587856e-13,3.24493022913167e-24
0.00638,2.19948324541521e-14,-4.38905641724034e-13,2.4213039701225e-26,-2.79617713719762e-13,5.05054171144744e-13,2.6637152557004e-24
0.00639,2.17234013096311e-14,-4.33472921181361e-13,2.3615585767137e-26,-2.57046882173087e-13,4.68225464664124e-13,2.24275011598309e-24
0.0064,2.08118222416614e-14,-4.15267782731539e-13,2.16720361418426e-26,-2.35711076456072e-13,4.05106503703877e-13,1.93294017298367e-24
0.00641,1.92341022298397e-14,-3.83772285666094e-13,1.85079396415702e-26,-2.15059350398633e-13,3.20864795821866e-13,1.69707883483754e-24
0.00642,1.69671045221928e-14,-3.38525539819415e-13,1.43998614908199e-26,-1.94540757830695e-13,2.20667848575982e-13,1.5062866208849e-24
0.00643,1.39905486351774e-14,-2.79123705568738e-13,9.788724006528e-27,-1.73604352582176e-13,1.09683169524082e-13,1.3375932398861e-24
0.00644,1.02870103536813e-14,-2.05219993834176e-13,5.29066131294953e-27,-1.51789311572945e-13,-1.19900704398856e-13,1.35270429617913e-24
0.00645,8.53240751726042e-15,-1.7019825023257e-13,3.63821378507512e-27,-1.30285271441589e-13,-3.91538149855077e-13,1.44396732643975e-24
0.00646,6.78286386262641e-15,-1.35278739943911e-13,2.29776170496988e-27,-1.09451668005324e-13,-6.61966179578462e-13,1.54860585190456e-24
0.00647,5.03688253382074e-15,-1.00432005877299e-13,1.2658461156746e-27,-8.95886365401921e-14,-9.16850305986737e-13,1.64702018179718e-24
0.00648,3.33184874057541e-15,-6.64042743450997e-14,5.52885256712923e-28,-7.10835425975446e-14,-1.14052087237702e-12,1.71628650673878e-24
0.00649,1.70514769262192e-15,-3.39417716596692e-14,1.44094792418231e-28,-5.44109820040365e-14,-1.31597305292599e-12,1.73143442463271e-24
0.0065,1.94164599691839e-16,-3.79072413336477e-15,1.72839492322875e-30,-4.01327808616291e-14,-1.42486685268979e-12,1.66829879054126e-24
0.00651,-1.16371532848291e-15,2.33026419214488e-14,6.87189292484252e-29,-2.88979955475939e-14,-1.44752710760401e-12,1.50814593713661e-24
0.00652,-2.33110688217088e-15,4.65921001924166e-14,2.73720240489993e-28,-2.14429127145048e-14,-1.36294348448377e-12,1.24428207721119e-24
0.00653,-3.27062485164019e-15,6.53314243671749e-14,5.37549543107015e-28,-1.8591049290245e-14,-1.14877048102366e-12,8.90859464637031e-25
0.00654,-3.94488402715932e-15,7.87743881333673e-14,7.81030412308209e-28,-9.05343607461175e-15,-1.11992906422021e-12,7.32651833942982e-25
0.00655,-4.95270450228083e-15,9.88808174334504e-14,1.23016206652418e-27,2.50869158455985e-15,-1.14973011887796e-12,6.32414313830175e-25
0.00656,-5.81451937035101e-15,1.16073399954663e-13,1.69474285749215e-27,1.30131665254764e-14,-1.15639727091559e-12,5.26695217932696e-25
0.00657,-6.50067633219594e-15,1.29760348156409e-13,2.11764277084411e-27,2.22290115846481e-14,-1.13837447285924e-12,4.19852339059756e-25
0.00658,-6.99062603413612e-15,1.39531675090649e-13,2.44828361567974e-27,2.98925037004739e-14,-1.09428271534754e-12,3.16743699138169e-25
0.00659,-7.26381912249182e-15,1.44977393809339e-13,2.6428616493971e-27,3.57071739132357e-14,-1.0229200271316e-12,2.22314472450199e-25
0.0066,-7.29970624358347e-15,1.45687517364439e-13,2.66859397448505e-27,3.93438073651031e-14,-9.23261475074987e-13,1.41130385937216e-25
0.00661,-7.07773804373144e-15,1.41252058807907e-13,2.50838733362706e-27,4.04404433001296e-14,-7.94459164153762e-13,7.68890613743667e-26
0.00662,-6.57736516925607e-15,1.31261031191699e-13,2.16592930311697e-27,3.8602375064255e-14,-6.35842237456436e-13,3.19497098572905e-26
0.00663,-5.7780382664778e-15,1.15304447567777e-13,1.67120188458665e-27,3.34021501053052e-14,-4.46916876184043e-13,6.93053467881233e-27
0.00664,-4.65920798171688e-15,9.29723209880946e-14,1.08641749504507e-27,3.21890048408639e-14,-2.88468851942282e-13,1.07655420294398e-27
0.00665,-4.2876449838369e-15,8.55528359260754e-14,9.19828914507201e-28,3.21250245323247e-14,-1.42010913238075e-13,1.65793776837705e-26
0.00666,-3.88708001210381e-15,7.75551279092059e-14,7.55793303721453e-28,3.14062003301093e-14,2.42146022077313e-15,5.05740660509857e-26
0.00667,-3.45017980588015e-15,6.88329456389358e-14,5.95265717430934e-28,3.00767557799912e-14,1.39898606994543e-13,9.75456400164516e-26
0.00668,-2.98516868452482e-15,5.95504993465921e-14,4.45465348032524e-28,2.81830457497987e-14,2.65040941310013e-13,1.49931305450977e-25
0.00669,-2.5002709673966e-15,4.98719992634987e-14,3.12366459799225e-28,2.57735564294139e-14,3.72018953060539e-13,1.98627514169822e-25
0.0067,-2.00371097385441e-15,3.9961655620983e-14,2.00501193144078e-28,2.2898905330774e-14,4.5455320780597e-13,2.33877191296896e-25
0.00671,-1.50371302325703e-15,2.99836786503687e-14,1.12830231230953e-28,1.96118412878695e-14,5.05914346772721e-13,2.46617309971241e-25
0.00672,-1.00850143496338e-15,2.01022785829831e-14,5.06813289325316e-29,1.59672444567464e-14,5.18923086853713e-13,2.30373424080166e-25
0.00673,-5.26300528332219e-16,1.04816656501501e-14,1.37557041352116e-29,1.20221263155039e-14,4.85950220608416e-13,1.83794199624568e-25
0.00674,-6.53346227224906e-17,1.28605008319691e-15,2.0229139114407e-31,8.26493226878542e-15,5.08888418817095e-13,1.74992604365092e-25
0.00675,3.58168769223461e-16,-7.16459306949031e-15,6.4827479048074e-30,4.62802802058469e-15,5.46186950294635e-13,1.75519418930135e-25
0.00676,7.41547786630888e-16,-1.48143147790199e-14,2.76463403903762e-29,1.10454690009608e-15,5.70865659944608e-13,1.6931089100728e-25
0.00677,1.07648083340106e-15,-2.14970115330903e-14,5.81694982455075e-29,-2.20684473643976e-15,5.81982245877724e-13,1.56754165964656e-25
0.00678,1.3545318022359e-15,-2.70443511070111e-14,9.20293253119e-29,-5.20343192968017e-15,5.78635619941378e-13,1.38668002772203e-25
0.00679,1.56726458583742e-15,-3.12880012760941e-14,1.23147821551868e-28,-7.7784511171828e-15,5.59965907719659e-13,1.16279701739299e-25
0.0068,1.70624307690755e-15,-3.40596298156495e-14,1.45908020433176e-28,-9.82109013340349e-15,5.25154448533351e-13,9.11886231532717e-26
0.00681,1.76303116814829e-15,-3.51909045009885e-14,1.55741349536167e-28,-1.12164882096981e-14,4.73423795439924e-13,6.5316906038741e-26
0.00682,1.72919275226159e-15,-3.45134931074217e-14,1.4978621438312e-28,-1.1845735974321e-14,4.0403771523355e-13,4.0848230451381e-26
0.00683,1.59629172194945e-15,-3.18590634102603e-14,1.2761780548988e-28,-1.15858754524264e-14,3.16301188445085e-13,2.0155700913051e-26
0.00684,1.35589196991381e-15,-2.70592831848144e-14,9.204912863973e-29,-1.21449263514219e-14,2.4552598058008e-13,7.77126547696152e-27
0.00685,1.34515261688861e-15,-2.68432026572463e-14,9.0573217365811e-29,-1.28408227734536e-14,1.8029997303853e-13,1.42881998009694e-27
0.00686,1.31543854498845e-15,-2.62486026913727e-14,8.65944518664649e-29,-1.32380873122911e-14,1.141646190836e-13,2.53539433456283e-28
0.00687,1.26251426733418e-15,-2.51909869584022e-14,7.97471924358031e-29,-1.33391778753772e-14,4.93652431232129e-14,3.61919617823226e-27
0.00688,1.18708913876302e-15,-2.36845481787834e-14,7.04858337012641e-29,-1.31506990611889e-14,-1.16509931487271e-14,1.03335746001013e-26
0.00689,1.08987251411217e-15,-2.17434790729653e-14,5.93982549696271e-29,-1.26834021592373e-14,-6.62350907522963e-14,1.87182754159457e-26
0.0069,9.71573748218836e-16,-1.93819723613966e-14,4.71900261441249e-29,-1.19521851500676e-14,-1.11536213421591e-13,2.67653420477419e-26
0.00691,8.32902195920227e-16,-1.66142207645264e-14,3.46691226558562e-29,-1.09760927052592e-14,-1.44501687604689e-13,3.23849759117158e-26
0.00692,6.74567212053531e-16,-1.3454417002803e-14,2.2731149409465e-29,-9.7783161874255e-15,-1.61877002463685e-13,3.37595082057336e-26
0.00693,4.97278151455979e-16,-9.91675379667576e-15,1.23450737431232e-29,-8.38619365021427e-15,-1.60205809874662e-13,2.98196965326955e-26
0.00694,3.01744368964744e-16,-6.01542386659296e-15,4.53946740278012e-30,-6.92984981988046e-15,-1.81954942329217e-13,3.15881570978471e-26
0.00695,2.27103562640817e-16,-4.52574245815732e-15,2.56763946265022e-30,-5.41529710848566e-15,-2.09414232651517e-13,3.47484981640921e-26
0.00696,1.60528660612776e-16,-3.19710604474132e-15,1.27982928801306e-30,-3.86616736259616e-15,-2.30971662692308e-13,3.63585416520984e-26
0.00697,9.99206979227742e-17,-1.98764702012616e-15,4.93498930162319e-31,-2.33399751812811e-15,-2.45923035900284e-13,3.62540083405628e-26
0.00698,4.52796745708005e-17,-8.97365384311609e-16,9.98457616795496e-32,-8.74911731776745e-16,-2.53568314445775e-13,3.44056002387796e-26
0.00699,-3.39440944313538e-18,7.37388627021311e-17,7.97572798596255e-34,4.50378618982565e-16,-2.53211619220742e-13,3.09278945259172e-26
0.007,-4.61015541190386e-17,9.25665720915165e-16,1.0901257140523e-31,1.57657493589523e-15,-2.44161229838777e-13,2.60834905460692e-26
0.00701,-8.28417594569119e-17,1.65841519032755e-15,3.47879383037345e-31,2.43379139992696e-15,-2.25729584635103e-13,2.02822641710351e-26
0.00702,-1.13615025456749e-16,2.27198727093916e-15,6.51517050884811e-31,2.94755497126364e-15,-1.97233280666578e-13,1.40756721875618e-26
0.00703,-1.38421352118556e-16,2.76638196275009e-15,9.64775035789636e-31,3.03880538931178e-15,-1.57993073711685e-13,8.14613771054555e-27
0.00704,-1.57260739442327e-16,3.14159926576028e-15,1.24323321624578e-30,3.71968940902358e-15,-1.36774749765518e-13,4.96479271509349e-27
0.00705,-1.75693697204526e-16,3.50914764841918e-15,1.55055526481808e-30,4.56710102832445e-15,-1.21486888974079e-13,2.88445293673309e-27
0.00706,-1.89272491822223e-16,3.77983385689905e-15,1.79850211129728e-30,5.30567148120676e-15,-1.05238040283392e-13,1.37552043890537e-27
0.00707,-1.9791358119462e-16,3.95198256787782e-15,1.9656470540056e-30,5.91961586694712e-15,-8.8337486484295e-14,4.42129419411619e-28
0.00708,-2.01616965321715e-16,4.02559378135545e-15,2.03921736372496e-30,6.39314928482194e-15,-7.10945103676325e-14,4.60905888807189e-29
0.00709,-2.00382644203509e-16,4.00066749733197e-15,2.01376370210857e-30,6.7104868341078e-15,-5.38183947242413e-14,1.10780507360815e-28
0.0071,-1.94210617840002e-16,3.87720371580736e-15,1.89116012168088e-30,6.85584361408116e-15,-3.68184223449652e-14,5.27215533710629e-28
0.00711,-1.83100886231192e-16,3.65520243678161e-15,1.68060406583758e-30,6.81343472401855e-15,-2.04038760206417e-14,1.16231038778908e-27
0.00712,-1.67053449377083e-16,3.33466366025477e-15,1.39861636884565e-30,6.56747526319647e-15,-4.88403854211401e-15,1.86932132544333e-27
0.00713,-1.4606830727767e-16,2.91558738622676e-15,1.06904125584328e-30,6.10218033089139e-15,9.43180729977982e-15,2.50047392629608e-27
0.00714,-1.20145459932959e-16,2.39797361469768e-15,7.23046342839964e-31,5.91850329666668e-15,2.33384213375112e-14,3.42257459578321e-27
0.00715,-1.12812349185733e-16,2.25145912309094e-15,6.37304783263907e-31,5.80159828361092e-15,3.61012149436372e-14,4.44585273027816e-27
0.00716,-1.05249874375921e-16,2.10039143515939e-15,5.54578314373027e-31,5.62718278100725e-15,4.71790936097625e-14,5.36687916433187e-27
0.00717,-9.71045549779877e-17,1.93771464333756e-15,4.71939215518554e-31,5.3972298840717e-15,5.63007155793182e-14,6.0946338998514e-27
0.00718,-8.83763909919319e-17,1.76342874762544e-15,3.9081030659065e-31,5.11371268802027e-15,6.3194739095735e-14,6.5489628174977e-27
0.00719,-7.90653824177551e-17,1.57753374802306e-15,3.12715674623991e-31,4.77860428806905e-15,6.75898224024418e-14,6.66721267438672e-27
0.0072,-6.91715292554557e-17,1.38002964453038e-15,2.39280673797721e-31,4.39387777943403e-15,6.92146237428694e-14,6.41149922069081e-27
0.00721,-5.86948315050354e-17,1.17091643714745e-15,1.72231925435504e-31,3.96150625733131e-15,6.77978013604476e-14,5.77660843513973e-27
0.00722,-4.76352891664925e-17,9.50194125874211e-16,1.13397318005477e-31,3.48346281697685e-15,6.30680134986063e-14,4.79853087942173e-27
0.00723,-3.59929022398288e-17,7.17862710710717e-16,6.47060071202925e-32,2.96172055358677e-15,5.47539184007763e-14,3.56362917148504e-27
0.00724,-2.37676707250423e-17,4.73922191656923e-16,2.81884155370781e-32,2.52578376635483e-15,5.16113887190292e-14,2.95762877414516e-27
0.00725,-1.75503724399776e-17,3.49828803292125e-16,1.53486243518029e-32,2.12849722496371e-15,4.98915657104039e-14,2.53531502820692e-27
0.00726,-1.20691842934978e-17,2.40433497646189e-16,7.24186454124466e-33,1.74505677272681e-15,4.7427697031279e-14,2.10611723061008e-27
0.00727,-7.22508525211012e-18,1.43761252564389e-16,2.58296958562567e-33,1.3818181850924e-15,4.42586661319872e-14,1.68741484656341e-27
0.00728,-3.01807531581363e-18,5.98120680467076e-17,4.43561800318797e-34,1.04513723750866e-15,4.04233564628601e-14,1.29466517308991e-27
0.00729,5.51845515390911e-19,-1.14140559068403e-17,1.75313208554101e-35,7.41369705423867e-16,3.59606514742306e-14,9.40941869654623e-28
0.0073,3.48467724150412e-18,-6.99171192962672e-17,6.21036102923486e-34,4.76871364286203e-16,3.09094346164303e-14,6.36578834755059e-28
0.00731,5.78041986252549e-18,-1.15697122121563e-16,1.69250192236821e-33,2.57997989543938e-16,2.53085893397921e-14,3.88919428475454e-28
0.00732,7.43907337845542e-18,-1.48754064382735e-16,2.79262237519218e-33,9.11053566452623e-17,1.91969990946474e-14,2.0217104100379e-28
0.00733,8.46063778929362e-18,-1.69087946079778e-16,3.60435887755482e-33,-1.74507589615683e-17,1.26135473313294e-14,7.73650071124606e-29
0.00734,8.84511309504026e-18,-1.76698767212696e-16,3.93294066577301e-33,-1.86724166154872e-16,7.33024802643917e-15,1.49396522285299e-29
0.00735,1.0161770764878e-17,-2.02953912703492e-16,5.18614401998435e-33,-3.62048066837604e-16,2.71833782677577e-15,4.72470254675728e-31
0.00736,1.11553839050856e-17,-2.22763278059086e-16,6.24599095729758e-33,-5.10734902235007e-16,-1.54719877879344e-15,2.22719282890324e-29
0.00737,1.18023754983511e-17,-2.35655594036481e-16,6.98827281319393e-33,-6.30738666500448e-16,-5.36791835257414e-15,6.83552892594576e-29
0.00738,1.21027455446744e-17,-2.41630860635674e-16,7.34582889644214e-33,-7.20013353787248e-16,-8.64537745687059e-15,1.25799318957078e-28
0.00739,1.20564940440557e-17,-2.40689077856667e-16,7.28758371929949e-33,-7.76512958248765e-16,-1.12811326539883e-14,1.81681538777469e-28
0.0074,1.16636209964947e-17,-2.3283024569946e-16,6.81854699751154e-33,-7.9819147403833e-16,-1.31767405062318e-14,2.24162900737169e-28
0.00741,1.09241264019916e-17,-2.18054364164052e-16,5.97981365031214e-33,-7.83002895309289e-16,-1.42337575759062e-14,2.43711884765652e-28
0.00742,9.83801026054646e-18,-1.96361433250444e-16,4.8485638004237e-33,-7.28901216214984e-16,-1.43537404253164e-14,2.34470018272638e-28
0.00743,8.40527257215904e-18,-1.67751452958634e-16,3.53806277405665e-33,-6.3384043090875e-16,-1.34382456167673e-14,1.95758817990834e-28
0.00744,6.62591333682961e-18,-1.32224423288626e-16,2.19766110091018e-33,-5.91239629047895e-16,-1.38614071048013e-14,1.95676432507076e-28
0.00745,6.18938227309453e-18,-1.23502737727754e-16,1.91698343000327e-33,-5.62277175428301e-16,-1.45722805480734e-14,2.04078146558459e-28
0.00746,5.74432445993373e-18,-1.14612570486658e-16,1.65066454295586e-33,-5.2486261366508e-16,-1.4953264643084e-14,2.04195935919778e-28
0.00747,5.2653573003624e-18,-1.05047270249314e-16,1.38641174928677e-33,-4.80230648622979e-16,-1.49908874392841e-14,1.96000573624439e-28
0.00748,4.75248079438062e-18,-9.48068370157239e-17,1.12908817342932e-33,-4.29615985166762e-16,-1.46716769861247e-14,1.79981702099912e-28
0.00749,4.20569494198829e-18,-8.38912707858853e-17,8.83899157049516e-34,-3.74253328161172e-16,-1.39821613330567e-14,1.57152432368448e-28
0.0075,3.62499974318553e-18,-7.23005715598005e-17,6.56392259046285e-34,-3.15377382470973e-16,-1.29088685295312e-14,1.29053971146815e-28
0.00751,3.01039519797228e-18,-6.00347393374686e-17,4.52457255551285e-34,-2.54222852960914e-16,-1.14383266249991e-14,9.77602758450055e-29
0.00752,2.36188130634847e-18,-4.70937741188883e-17,2.78326139928996e-34,-1.92024444495743e-16,-9.55706366891119e-15,6.58827374639792e-29
0.00753,1.67945806831424e-18,-3.34776759040619e-17,1.40573122776747e-34,-1.30016861940225e-16,-7.25160771071874e-15,3.65748913924033e-29
0.00754,9.63125483869448e-19,-1.91864446929871e-17,4.61146319246277e-35,-8.90734519549033e-17,-6.1941641308103e-15,2.51018614828533e-29
0.00755,6.11595923013073e-19,-1.21711792224078e-17,1.8519869363959e-35,-5.61923816636287e-17,-5.5665818260224e-15,1.87808694979282e-29
0.00756,3.05947835516065e-19,-6.07196461144593e-18,4.58433876118232e-36,-2.58888951109964e-17,-4.94101586749841e-15,1.35198401787383e-29
0.00757,4.01908948896425e-20,-7.69342120013337e-19,6.83112216345304e-38,1.83700770298845e-18,-4.31746625523843e-15,9.24111566204231e-30
0.00758,-1.85674898866242e-19,3.7366882518909e-18,1.78432340074852e-36,2.69853267783305e-17,-3.69593298924235e-15,5.8693752328271e-30
0.00759,-3.7164954575155e-19,7.44612650426603e-18,7.0241355648714e-36,4.95560621150255e-17,-3.07641606951028e-15,3.33163532431098e-30
0.0076,-5.17733045766313e-19,1.03589726371127e-17,1.35587315912646e-35,6.95492137130774e-17,-2.45891549604211e-15,1.55724951794112e-30
0.00761,-6.23925398910506e-19,1.24752266504304e-17,1.96383189681011e-35,8.69647815724826e-17,-1.84343126883795e-15,4.77908543395436e-31
0.00762,-6.90226605184147e-19,1.37948885442194e-17,2.39923287944692e-35,1.01802765693244e-16,-1.22996338789769e-15,2.76402785812847e-32
0.00763,-7.16636664587225e-19,1.43179583184796e-17,2.58294157803689e-35,1.1406316607536e-16,-6.18511853221447e-16,1.42809749636272e-31
0.00764,-7.03155577119744e-19,1.40444359732111e-17,2.48374582467147e-35,1.24725030080802e-16,-2.03037566958568e-16,5.52968283330998e-31
0.00765,-7.60263091907199e-19,1.51823248149825e-17,2.90148797623095e-35,1.33293661937867e-16,1.14464574520999e-16,1.0563687082075e-30
0.00766,-7.9958880584394e-19,1.59654899294355e-17,3.20769481203077e-35,1.3951775523627e-16,3.83781353704644e-16,1.59207999675124e-30
0.00767,-8.19472851272307e-19,1.63607578770431e-17,3.36777856664545e-35,1.4339730997601e-16,6.04912770592319e-16,2.08880919041554e-30
0.00768,-8.19915228192304e-19,1.63681286578053e-17,3.37022180055721e-35,1.44932326157087e-16,7.77858825184064e-16,2.49067271336367e-30
0.00769,-8.00915936603932e-19,1.59876022717222e-17,3.21485087683737e-35,1.441228037795e-16,9.02619517479849e-16,2.75719637246859e-30
0.0077,-7.6247497650719e-19,1.52191787187937e-17,2.9128359611464e-35,1.40968742843252e-16,9.7919484747969e-16,2.86331535731315e-30
0.00771,-7.04592347902074e-19,1.40628579990198e-17,2.48669102173384e-35,1.3547014334834e-16,1.00758481518359e-15,2.79937424018997e-30
0.00772,-6.27268050788593e-19,1.25186401124006e-17,1.97027382943849e-35,1.27627005294765e-16,9.87789420591539e-16,2.57112697610153e-30
0.00773,-5.30502085166733e-19,1.0586525058936e-17,1.40878595768812e-35,1.17439328682527e-16,9.19808663703538e-16,2.19973690276003e-30
0.00774,-4.14294451036512e-19,8.26651283862608e-18,8.58772782499826e-36,1.12379925067834e-16,9.28776265087853e-16,2.11284774774055e-30
0.00775,-3.79441649258529e-19,7.57031197139452e-18,7.20068131604202e-36,1.08672911461596e-16,9.51464310685466e-16,2.08302112031375e-30
0.00776,-3.45318701199171e-19,6.8887995705232e-18,5.9613393288686e-36,1.04400131991188e-16,9.5575289767718e-16,2.00495815916251e-30
0.00777,-3.10411222067479e-19,6.19175136472885e-18,4.81493530534017e-36,9.95615866566101e-17,9.41642026062996e-16,1.88144032604565e-30
0.00778,-2.74719211863459e-19,5.4791673540116e-18,3.76957966604007e-36,9.41572754578619e-17,9.09131695842916e-16,1.71698627766586e-30
0.00779,-2.38242670587106e-19,4.75104753837132e-18,2.83356210912135e-36,8.81871983949429e-17,8.58221907016936e-16,1.51785186566961e-30
0.0078,-2.00981598238426e-19,4.00739191780814e-18,2.01535161030754e-36,8.16513554678541e-17,7.88912659585063e-16,1.29203013664725e-30
0.00781,-1.62935994817412e-19,3.24820049232193e-18,1.32359642289197e-36,7.45497466765945e-17,7.01203953547286e-16,1.04925133213293e-30
0.00782,-1.2410586032407e-19,2.47347326191283e-18,7.67124077738357e-37,6.68823720211652e-17,5.9509578890362e-16,8.00982888604683e-31
0.00783,-8.44911947583981e-20,1.68321022658076e-18,3.54941383280331e-37,5.86492315015656e-17,4.70588165654058e-16,5.60429437484319e-31
0.00784,-4.40919981203885e-20,8.77411386325585e-19,9.62344255216822e-38,5.30156963663364e-17,4.07099662317266e-16,4.40630323502901e-31
0.00785,-2.21430036049607e-20,4.39441702746321e-19,2.40096997122641e-38,4.83823590348624e-17,3.64501438845473e-16,3.60998103911472e-31
0.00786,-3.25875695901442e-21,6.26556913877342e-20,4.57355722676317e-40,4.3936717358017e-17,3.22407966761823e-16,2.9111589978763e-31
0.00787,1.28497279147804e-20,-2.58706392009836e-19,8.55976428990064e-39,3.96787713358001e-17,2.80819246066316e-16,2.30362798177493e-31
0.00788,2.61824510164237e-20,-5.2464454744639e-19,3.48799463691098e-38,3.56085209682118e-17,2.39735276758952e-16,1.78135009414209e-31
0.00789,3.6739412345917e-20,-7.35158774921959e-19,6.83003116425348e-38,3.17259662552513e-17,1.99156058839725e-16,1.33845867117948e-31
0.0079,4.45206119032568e-20,-8.90249074436471e-19,1.0002265851944e-37,2.80311071969202e-17,1.59081592308648e-16,9.69258281959363e-32
0.00791,4.95260496884451e-20,-9.89915445989966e-19,1.23568174136161e-37,2.45239437932175e-17,1.19511877165715e-16,6.68224728424065e-32
0.00792,5.17557257014819e-20,-1.03415788958245e-18,1.34777434356079e-37,2.12044760441434e-17,8.04469134109246e-17,4.30005045386306e-32
0.00793,5.12096399423668e-20,-1.0229764052139e-18,1.31810403769628e-37,1.80727039496973e-17,4.18867010442709e-17,2.49417500529089e-32
0.00794,4.78877924111001e-20,-9.56370992884339e-19,1.15146435694294e-37,1.53550072586736e-17,1.50371052793043e-17,1.43287063943749e-32
0.00795,5.05789746299971e-20,-1.00994556167236e-18,1.28365659424209e-37,1.29370001825215e-17,-5.76400459871928e-18,7.72290426203955e-33
0.00796,5.22532190639546e-20,-1.04323827712378e-18,1.36932613702134e-37,1.07605745190839e-17,-2.33930019608536e-17,3.60378804315012e-33
0.00797,5.27784813255333e-20,-1.05361083446741e-18,1.39639286337379e-37,8.82573026836046e-18,-3.7849886807101e-17,1.30940054505832e-33
0.00798,5.2154761414733e-20,-1.04106323370327e-18,1.36308299050409e-37,7.13246743035182e-18,-4.91346591374563e-17,2.71634432357543e-34
0.00799,5.03820593315539e-20,-1.00559547483134e-18,1.27158191811343e-37,5.68078600505763e-18,-5.72473189519223e-17,1.62322268806154e-35
0.008,4.7460375075996e-20,-9.47207557851634e-19,1.12803422839949e-37,4.4706859924779e-18,-6.2187866250499e-17,1.62786307701601e-34
0.00801,4.33897086480585e-20,-8.6589948276413e-19,9.42543686056442e-38,3.50216739261249e-18,-6.39563010331866e-17,4.24738911135295e-34
0.00802,3.81700600477427e-20,-7.61671249568857e-19,7.29173238275053e-38,2.77523020546172e-18,-6.25526232999843e-17,6.09382130737027e-34
0.00803,3.18014292750482e-20,-6.34522858265803e-19,5.05945014742512e-38,2.28987443102541e-18,-5.79768330508927e-17,6.17857917302988e-34
0.00804,2.42838163299748e-20,-4.84454308854969e-19,2.94840327642548e-38,1.53839863687558e-18,-5.85607395502055e-17,9.33299342828882e-34
0.00805,2.18718355412006e-20,-4.36280210287616e-19,2.39057689434286e-38,7.77335613625655e-19,-6.00944230598465e-17,1.3690491473395e-33
0.00806,1.95625538475011e-20,-3.9016400976736e-19,1.91139551629003e-38,1.370045158302e-19,-6.04392361979463e-17,1.74459405015768e-33
0.00807,1.72620007962154e-20,-3.44230470119618e-19,1.48740636966934e-38,-3.82594656510561e-19,-5.95951789645048e-17,2.0111927710569e-33
0.00808,1.49701763873433e-20,-2.9847959134438e-19,1.11794740640216e-38,-7.81461903396751e-19,-5.75622513595222e-17,2.1373729325768e-33
0.00809,1.26870806208846e-20,-2.52911373441648e-19,8.02359330152362e-39,-1.05959722482837e-18,-5.43404533829983e-17,2.10893106002294e-33
0.0081,1.04127134968391e-20,-2.07525816411413e-19,5.39985596326142e-39,-1.21700062080543e-18,-4.99297850349324e-17,1.92893258146678e-33
0.00811,8.14707501520745e-21,-1.62322920253691e-19,3.30172412072209e-39,-1.25367209132789e-18,-4.43302463153259e-17,1.61771182774589e-33
0.00812,5.8901651759893e-21,-1.17302684968474e-19,1.72268736281513e-39,-1.16961163639577e-18,-3.75418372241783e-17,1.21287203246371e-33
0.00813,3.64198397918466e-21,-7.24651105557628e-20,6.56262795874334e-40,-9.6481925600908e-19,-2.95645577614895e-17,7.69285331989682e-34
0.00814,1.40253142479313e-21,-2.78101970155485e-20,9.59950436572413e-41,-1.00230265825536e-18,-2.55256772162833e-17,6.32357476198091e-34
0.00815,1.05094984202921e-22,-1.92559335541881e-21,3.88023115609555e-43,-1.09864029964091e-18,-2.28344747141881e-17,5.72529389811583e-34
0.00816,-9.9684215415426e-22,2.00565657898978e-20,5.13821743279606e-41,-1.16065368076985e-18,-2.0174859032604e-17,5.05702119262342e-34
0.00817,-1.91730186941276e-21,3.8415544608303e-20,1.86975425008083e-40,-1.18834280164218e-18,-1.7546830171531e-17,4.33776127811889e-34
0.00818,-2.65628416157269e-21,5.31513430997989e-20,3.57002128357762e-40,-1.18170766225791e-18,-1.49503881309685e-17,3.58946801165724e-34
0.00819,-3.21378903063379e-21,6.42639612643806e-20,5.21206437567307e-40,-1.14074826261702e-18,-1.23855329109174e-17,2.83704447473378e-34
0.0082,-3.58981647659621e-21,7.17533991020507e-20,6.49242305815736e-40,-1.06546460271952e-18,-9.85226451137745e-18,2.10834297328336e-34
0.00821,-3.78436649945994e-21,7.56196566128095e-20,7.20673486270654e-40,-9.55856682565417e-19,-7.3505829323485e-18,1.43416503768083e-34
0.00822,-3.797439099225e-21,7.58627337966568e-20,7.24973532088282e-40,-8.11924502154704e-19,-4.88048817383057e-18,8.48261422741009e-35
0.00823,-3.62903427589132e-21,7.24826306535917e-20,6.6152579641344e-40,-6.33668061487349e-19,-2.44198023582324e-18,3.87332107718523e-35
0.00824,-3.27915202945898e-21,6.54793471836154e-20,5.39623432379604e-40,-5.56867688908612e-19,-7.49294104273779e-19,2.01134295479438e-35
0.00825,-3.37732006790719e-21,6.74289432504844e-20,5.72057649437139e-40,-5.12915922796296e-19,5.58460859283569e-19,1.05771831606532e-35
0.00826,-3.41999255807945e-21,6.82720958702288e-20,5.86304568664766e-40,-4.66960039748654e-19,1.66461779826081e-18,4.62398605018573e-36
0.00827,-3.39771136225974e-21,6.78198600534404e-20,5.78437964241784e-40,-4.19000039765676e-19,2.5691767126581e-18,1.40131522558815e-36
0.00828,-3.31047648044808e-21,6.60722358001194e-20,5.48906699187937e-40,-3.69035922847381e-19,3.2721376024751e-18,1.5554842040241e-37
0.00829,-3.15828791264445e-21,6.30292231102658e-20,4.99423666243983e-40,-3.17067688993759e-19,3.773500467712e-18,2.31964092662295e-37
0.0083,-2.94114565884887e-21,5.86908219838795e-20,4.32965787871686e-40,-2.63095338204811e-19,4.0732653083688e-18,1.07474142489601e-36
0.00831,-2.65904971906128e-21,5.30570324209595e-20,3.53774016253811e-40,-2.07118870480526e-19,4.1714321244455e-18,2.22696032412563e-36
0.00832,-2.31200009328178e-21,4.61278544215078e-20,2.67353333294181e-40,-1.49138285820925e-19,4.06800091594206e-18,3.33060142186621e-36
0.00833,-1.89999678151032e-21,3.79032879855235e-20,1.80472750617585e-40,-8.91535842259967e-20,3.76297168285852e-18,4.12654607412712e-36
0.00834,-1.4230397837469e-21,2.83833331130066e-20,1.01165309569841e-40,-5.00642786533694e-20,3.78902304144259e-18,5.40797556643588e-36
0.00835,-1.2564657416894e-21,2.50568573185132e-20,7.88168822710268e-41,-2.02996395610337e-20,3.8770016602319e-18,6.74936337991664e-36
0.00836,-1.10005085333142e-21,2.19336746511815e-20,6.03721166203992e-41,6.0182860716895e-21,3.8901771254738e-18,7.8026901201319e-36
0.00837,-9.48155993338096e-22,1.89012710160923e-20,4.48149783347286e-41,2.88894982448056e-20,3.82854943716831e-18,8.47709157586939e-36
0.00838,-8.0078116170944e-22,1.59596464132454e-20,3.19364635471132e-41,4.83139969583147e-20,3.69211859531542e-18,8.71755916303047e-36
0.00839,-6.57926358445448e-22,1.31088008426409e-20,2.1533861949591e-41,6.42917822122168e-20,3.48088459991514e-18,8.5049399246304e-36
0.0084,-5.19591583546095e-22,1.03487343042783e-20,1.34107567931387e-41,7.68228540065136e-20,3.19484745096741e-18,7.85593653079815e-36
0.00841,-3.85776837011431e-22,7.67944679815864e-21,7.37702488767695e-42,8.5907212341201e-20,2.83400714847233e-18,6.82310727877699e-36
0.00842,-2.56482118841431e-22,5.10093832428133e-21,3.24883660206187e-42,9.15448572162814e-20,2.39836369242985e-18,5.49486609292376e-36
0.00843,-1.31707429036094e-22,2.61320888264641e-21,8.4865586409116e-43,9.37357886317547e-20,1.88791708283998e-18,3.99548252470924e-36
0.00844,-1.14527675954e-23,2.16258473253465e-22,5.24016050238949e-45,9.92401386751844e-20,1.62760881838819e-18,3.43715104008111e-36
0.00845,6.50059308719716e-23,-1.3088339017809e-21,2.19104867755733e-43,1.04642129019835e-19,1.45325155564849e-18,3.12965715571492e-36
0.00846,1.29084651659201e-22,-2.58683673460823e-21,8.48126746243853e-43,1.08206537659114e-19,1.28143780611748e-18,2.79892797473297e-36
0.00847,1.81373483484768e-22,-3.62948509689474e-21,1.66492267731767e-42,1.09933364593022e-19,1.11216756979515e-18,2.45141148590277e-36
0.00848,2.2187242634868e-22,-4.43677898864055e-21,2.48449706867537e-42,1.09822609821558e-19,9.45440846681492e-19,2.09431779364648e-36
0.00849,2.50581480250921e-22,-5.00871840984539e-21,3.16365877293059e-42,1.07874273344723e-19,7.81257636776548e-19,1.73561911804113e-36
0.0085,2.67500645191501e-22,-5.3453033605094e-21,3.60102108761333e-42,1.04088355162517e-19,6.19617940080294e-19,1.38404979481825e-36
0.00851,2.72629921170418e-22,-5.4465338406326e-21,3.73700175516938e-42,9.84648552749391e-20,4.6052175659273e-19,1.04910627536416e-36
0.00852,2.65969308187671e-22,-5.31240985021494e-21,3.55382296296033e-42,9.10037736819886e-20,3.03969086313828e-19,7.41047126719788e-37
0.00853,2.47518806243262e-22,-4.94293138925647e-21,3.07551134326385e-42,8.17051103836679e-20,1.49959929243644e-19,4.7089303158094e-37
0.00854,2.17278415337192e-22,-4.33809845775718e-21,2.36789797327343e-42,7.70073742324585e-20,4.23064781912271e-20,3.32945879185748e-37
0.00855,2.19382656911956e-22,-4.37943657925682e-21,2.41250993328297e-42,7.36572975835955e-20,-4.11288133744036e-20,2.44533990294584e-37
0.00856,2.18529265334056e-22,-4.36183222408325e-21,2.3925397714081e-42,7.00022141717232e-20,-1.1159186197302e-19,1.75575252054398e-37
0.00857,2.14055155600975e-22,-4.27204119393342e-21,2.29453384310766e-42,6.60421239968408e-20,-1.6908266760463e-19,1.22887577417245e-37
0.00858,2.05960327712715e-22,-4.11006348880736e-21,2.12340336813759e-42,6.17770270589497e-20,-2.13601230269215e-19,8.35845071128299e-38
0.00859,1.94244781669275e-22,-3.87589910870507e-21,1.88798246689492e-42,5.72069233580492e-20,-2.45147549966785e-19,5.50752096484571e-38
0.0086,1.78908517470656e-22,-3.56954805362654e-21,1.60102816041779e-42,5.23318128941393e-20,-2.6372162669734e-19,3.50644813090669e-38
0.00861,1.59951535116853e-22,-3.1910103235717e-21,1.2792203703854e-42,4.71516956672192e-20,-2.69323460460881e-19,2.15527461572236e-38
0.00862,1.37373834607874e-22,-2.74028591854069e-21,9.43161919118263e-43,4.16665716772905e-20,-2.61953051257405e-19,1.28360560331249e-38
0.00863,1.11175415943715e-22,-2.21737483853344e-21,6.17378529577804e-43,3.58764409243525e-20,-2.41610399086915e-19,7.50609055458685e-39
0.00864,8.13562791243764e-23,-1.62227708354996e-21,3.30318825366638e-43,3.18512666871844e-20,-2.42833210783342e-19,3.37094163171479e-39
0.00865,7.02254306770462e-23,-1.40002654102695e-21,2.45908851006536e-43,2.8545132168124e-20,-2.48170177861823e-19,1.10235412748988e-39
0.00866,5.99383704530532e-23,-1.19465006348921e-21,1.78967323180246e-43,2.54267096079439e-20,-2.48756001807594e-19,3.38444860779934e-40
0.00867,5.01599239185906e-23,-9.99461381623578e-22,1.25191365420074e-43,2.24959990066434e-20,-2.44590682620658e-19,4.4571703073267e-40
0.00868,4.08900910736584e-23,-8.14460495430051e-22,8.30752881423747e-44,1.97530003642226e-20,-2.35674220301014e-19,9.22581143950736e-40
0.00869,3.21288719182552e-23,-6.39647404908602e-22,5.11922585939786e-44,1.71977136806811e-20,-2.22006614848659e-19,1.39935501449122e-39
0.0087,2.3876266452384e-23,-4.75022110059291e-22,2.81943008522118e-44,1.48301389560196e-20,-2.03587866263598e-19,1.63826376386532e-39
0.00871,1.61322746760433e-23,-3.20584610882087e-22,1.28122958248638e-44,1.26502761902379e-20,-1.8041797454583e-19,1.53343982103893e-39
0.00872,8.89689658923301e-24,-1.76334907376991e-22,3.85598125021031e-45,1.06581253833357e-20,-1.52496939695354e-19,1.11092292243222e-39
0.00873,2.17013219195316e-24,-4.22729995440011e-23,2.13951697007825e-46,8.85368653531326e-21,-1.1982476171217e-19,5.28660111919713e-40
0.00874,-4.04801851579729e-24,8.16011126169018e-23,8.53658564493367e-46,7.18569537899997e-21,-1.03129730401025e-19,5.14810387521447e-40
0.00875,-8.4526788197691e-24,1.69437557052505e-22,3.64064322337293e-45,5.68005486576897e-21,-9.19381978881477e-20,6.33458708360425e-40
0.00876,-1.20875918688576e-23,2.41913096985521e-22,7.39805420363722e-45,4.34992374509307e-21,-8.09295307654404e-20,7.09974347099176e-40
0.00877,-1.49723623659361e-23,2.99416105551421e-22,1.13160053849107e-44,3.19530201697229e-21,-7.01037290329035e-20,7.32843270871418e-40
0.00878,-1.7106990311005e-23,3.41946582750212e-22,1.47457443811735e-44,2.21618968140646e-21,-5.94607926905352e-20,6.98059565153883e-40
0.00879,-1.84914757040636e-23,3.69504528581878e-22,1.72076592156811e-44,1.41258673839593e-21,-4.90007217383391e-20,6.09125433766348e-40
0.0088,-1.91258185451121e-23,3.8208994304643e-22,1.83912783209676e-44,7.84493187940505e-22,-3.87235161763134e-20,4.770511988716e-40
0.00881,-1.90100188341508e-23,3.79702826143866e-22,1.81552705388436e-44,3.31909030040196e-22,-2.86291760044581e-20,3.20355300975444e-40
0.00882,-1.81440765711792e-23,3.62343177874183e-22,1.65274451203961e-44,5.48342646949651e-23,-1.87177012227715e-20,1.65064298926688e-40
0.00883,-1.65279917561978e-23,3.30010998237386e-22,1.37047517259902e-44,-4.67311080950911e-23,-8.98909183125701e-21,4.47128699172391e-41
0.00884,-1.41617643892065e-23,2.82706287233473e-22,1.00532804252673e-44,-3.9466671262619e-22,-2.16558269592806e-21,1.87576798514582e-41
0.00885,-1.4041346413452e-23,2.80259366765328e-22,9.8770179458641e-45,-7.75804039984992e-22,3.12832458105454e-21,1.10180702356306e-41
0.00886,-1.37703395477492e-23,2.74813234021538e-22,9.4943650384174e-45,-1.08185307472088e-21,7.59138585023279e-21,5.79243513068072e-42
0.00887,-1.33037320702789e-23,2.65468987465341e-22,8.85756782425268e-45,-1.31281381683375e-21,1.12236011116051e-20,2.67537075906823e-42
0.00888,-1.2641523981041e-23,2.52226627096735e-22,7.99415664973641e-45,-1.46868626632367e-21,1.40249703651725e-20,1.29757038156224e-42
0.00889,-1.17837152800355e-23,2.3508615291572e-22,6.94309198692688e-45,-1.54947042319062e-21,1.59954936109347e-20,1.32582429724514e-42
0.0089,-1.07303059672625e-23,2.14047564922297e-22,5.7547644335742e-45,-1.55516628743462e-21,1.71351708488919e-20,2.46301984351158e-42
0.00891,-9.48129604272165e-24,1.89110863116461e-22,4.49099471312002e-45,-1.48577385905564e-21,1.74440020790441e-20,4.44814139606882e-42
0.00892,-8.03668550641343e-24,1.60276047498221e-22,3.22503367469846e-45,-1.34129313805371e-21,1.69219873013911e-20,7.05627036893524e-42
0.00893,-6.39647435833764e-24,1.27543118067573e-22,2.04156229313478e-45,-1.12172412442882e-21,1.5569126515933e-20,1.00985852144424e-41
0.00894,-4.56066259849428e-24,9.09120748245156e-23,1.03669166894623e-45,-1.07399060683901e-21,1.56127486272583e-20,1.24490252135477e-41
0.00895,-3.8301769835416e-24,7.63286342728646e-23,7.30356337334672e-46,-1.07332624718184e-21,1.59274226969972e-20,1.40656648388594e-41
0.00896,-3.16443385170549e-24,6.3039369251013e-23,4.97830798193996e-46,-1.05634950401992e-21,1.59414276284174e-20,1.50190165990313e-41
0.00897,-2.54388784498698e-24,5.06544666391895e-23,3.21148626550615e-46,-1.02306037735325e-21,1.5654763421519e-20,1.52340802112775e-41
0.00898,-1.96853896338607e-24,3.91739264373941e-23,1.91839106196524e-46,-9.73458867181832e-22,1.5067430076302e-20,1.46934098057349e-41
0.00899,-1.43838720690266e-24,2.85977486456252e-23,1.02051622545879e-46,-9.07544973505652e-22,1.41794275927661e-20,1.34371139254625e-41
0.009,-9.53432575536955e-25,1.89259332638862e-23,4.45556626350609e-47,-8.25318696324734e-22,1.29907559709118e-20,1.15628555264428e-41
0.00901,-5.13675069288845e-25,1.01584802921754e-23,1.2740815122582e-47,-7.26780035639067e-22,1.15014152107388e-20,9.22585197758034e-42
0.00902,-1.19114688158332e-25,2.29538973049278e-24,6.16770289151364e-49,-6.11928991448651e-22,9.71140531224721e-21,6.63887506070245e-42
0.00903,2.3024856785464e-25,-4.66333842116288e-24,2.81332003765944e-48,-4.80765563753462e-22,7.62072627543661e-21,4.07225097055873e-42
0.00904,5.34414698749949e-25,-1.07177041627891e-23,1.45803578931733e-47,-4.09784937766864e-22,6.54831721311436e-21,3.08635815388731e-42
0.00905,7.83418965966008e-25,-1.56817616358998e-23,3.10990655992488e-47,-3.60335413733987e-22,5.82774090519935e-21,2.5388690517096e-42
0.00906,9.85231952080229e-25,-1.97042449804657e-23,4.90155586310821e-47,-3.12781853308287e-22,5.12044595295443e-21,2.03419826109147e-42
0.00907,1.14000336912025e-24,-2.27879478805694e-23,6.54920986329947e-47,-2.67124256489765e-22,4.4264323563796e-21,1.57602328626383e-42
0.00908,1.24773321708609e-24,-2.49328703362112e-23,7.83486345847581e-47,-2.23362623278413e-22,3.74570011547474e-21,1.16812914409643e-42
0.00909,1.30842149597771e-24,-2.61390123473902e-23,8.60698508213827e-47,-1.81496953674246e-22,3.07824923024008e-21,8.1440836409824e-43
0.0091,1.32206820579513e-24,-2.6406373914107e-23,8.78051670331315e-47,-1.41527247677256e-22,2.42407970067551e-21,5.18860988416941e-43
0.00911,1.28867334653836e-24,-2.57349550363615e-23,8.336873826551e-47,-1.03453505287443e-22,1.78319152678103e-21,2.85594571839258e-43
0.00912,1.20823691820737e-24,-2.41247557141534e-23,7.32394549192671e-47,-6.72757265048019e-23,1.15558470855653e-21,1.18824181790855e-43
0.00913,1.08075892080219e-24,-2.15757759474832e-23,5.85609427504025e-47,-3.29939113293445e-23,5.41259246002221e-22,2.28723983364319e-44
0.00914,9.06239354322809e-25,-1.80880157363508e-23,4.11415628701565e-47,-6.09398450443313e-24,1.08309821235432e-22,1.14052564574284e-45
0.00915,8.8371272968676e-25,-1.76356201557937e-23,3.90972123885919e-47,1.61959972689394e-23,-2.28198913837599e-22,2.32495382598543e-45
0.00916,8.53975572040401e-25,-1.70397550297597e-23,3.64896312683448e-47,3.52841865561224e-23,-5.11414280574328e-22,1.31950923120078e-44
0.00917,8.1403755102882e-25,-1.62407120865632e-23,3.31390548917115e-47,5.11705833571093e-23,-7.4133627897466e-22,2.76742850286737e-44
0.00918,7.63898666652013e-25,-1.52384913262039e-23,2.91680061227342e-47,6.38551876719037e-23,-9.17964909038646e-22,4.10745638113265e-44
0.00919,7.0355891890998e-25,-1.4033092748682e-23,2.47300256093716e-47,7.33379995005056e-23,-1.04130017076629e-21,5.0096648405782e-44
0.0092,6.33018307802706e-25,-1.26245163539971e-23,2.00096717834984e-47,7.96190188429159e-23,-1.11134206415759e-21,5.28299464683294e-44
0.00921,5.52276833330218e-25,-1.10127621421497e-23,1.52225208609088e-47,8.26982456991322e-23,-1.12809058921254e-21,4.87525535657308e-44
0.00922,4.61334495492504e-25,-9.19783011313968e-24,1.06151668413108e-47,8.2575680069156e-23,-1.09154574593113e-21,3.87312531752241e-44
0.00923,3.60191294289564e-25,-7.17972026696694e-24,6.46522150833011e-48,7.92513219529874e-23,-1.00170753431339e-21,2.50215166845197e-44
0.00924,2.48847229721397e-25,-4.95843260363151e-24,3.08131442950912e-48,8.08356170906601e-23,-1.00244235280211e-21,2.21019214966014e-44
0.00925,2.01804747317925e-25,-4.01942792008039e-24,2.02312442463913e-48,8.32304969207665e-23,-1.02105698780593e-21,2.12773200712979e-44
0.00926,1.59470924430824e-25,-3.17451769793767e-24,1.2606128629489e-48,8.43541346758615e-23,-1.02062314600852e-21,1.92367918312488e-44
0.00927,1.20726422894274e-25,-2.4013841065331e-24,7.20248575620643e-49,8.42065303559455e-23,-1.0011408274099e-21,1.61978810214397e-44
0.00928,8.55712427082722e-26,-1.7000271458667e-24,3.60094890966957e-49,8.27876839610185e-23,-9.62610032010053e-22,1.25034168749446e-44
0.00929,5.40053838728151e-26,-1.07044681593836e-24,1.4211664588058e-49,8.009759549108e-23,-9.05030759808977e-22,8.62151361292515e-45
0.0093,2.60288463879133e-26,-5.12643116748292e-25,3.21801858344995e-50,7.61362649461309e-23,-8.28403010806689e-22,5.14557044463331e-45
0.00931,1.64163025356112e-27,-2.6616048296384e-26,5.33648817369054e-53,7.09036923261708e-23,-7.32726785003181e-22,2.79427156740722e-45
0.00932,-1.91562645302416e-26,3.87634389417364e-25,1.9405545655515e-50,6.43998776311997e-23,-6.18002082398454e-22,2.41158616667397e-45
0.00933,-3.63648379634975e-26,7.30108196393004e-25,6.78075993692196e-50,5.66248208612162e-23,-4.84228902992481e-22,4.96676841594971e-45
0.00934,-4.99840900462006e-26,1.00080537263042e-24,1.26731905816361e-49,5.24586544635587e-23,-4.15394852126723e-22,7.33736807053857e-45
0.00935,-6.37142113324777e-26,1.27441742723213e-24,2.05089663220718e-49,4.94355315539753e-23,-3.6906243918349e-22,9.07108832282489e-45
0.00936,-7.45954980447197e-26,1.49120020961662e-24,2.80477469964164e-49,4.63027971387487e-23,-3.23673336724615e-22,1.07818316124473e-44
0.00937,-8.25723578533267e-26,1.65003154109293e-24,3.4315090571036e-49,4.30604512178784e-23,-2.7922754475009e-22,1.23845943634976e-44
0.00938,-8.76447907582961e-26,1.750911421661e-24,3.86184023400391e-49,3.97084937913654e-23,-2.3572506325993e-22,1.38068868137221e-44
0.00939,-8.98127967596295e-26,1.79383985132087e-24,4.05183058553606e-49,3.62469248592092e-23,-1.93165892254129e-22,1.49887330145242e-44
0.0094,-8.90763758573268e-26,1.77881683007253e-24,3.98286429267576e-49,3.26757444214099e-23,-1.51550031732686e-22,1.58826708309626e-44
0.00941,-8.54355280513881e-26,1.70584235791599e-24,3.66164736218103e-49,2.89949524779673e-23,-1.108774816956e-22,1.64537519417518e-44
0.00942,-7.8890253341812e-26,1.57491643485122e-24,3.12020762659207e-49,2.52045490288809e-23,-7.11482421428659e-23,1.66795418392621e-44
0.00943,-6.94405517286008e-26,1.38603906087826e-24,2.41589474423172e-49,2.13045340741519e-23,-3.23623130744965e-23,1.65501198295194e-44
0.00944,-5.70864232117535e-26,1.13921023599709e-24,1.63138019920486e-49,1.84857837849084e-23,-4.90759202770637e-24,1.63619075866582e-44
0.00945,-5.47896298374219e-26,1.09319487278811e-24,1.50176219397769e-49,1.61465689401105e-23,1.64647467317436e-23,1.59599758954818e-44
0.00946,-5.21823336439323e-26,1.0410124176624e-24,1.36140149002893e-49,1.39812099298783e-23,3.44211168441929e-23,1.52763439193141e-44
0.00947,-4.90697947828e-26,9.78775139948041e-25,1.20313595113905e-49,1.19897067542124e-23,4.89615183096351e-23,1.4328487541954e-44
0.00948,-4.54520132540246e-26,9.06483039645028e-25,1.03168177453725e-49,1.01720594131125e-23,6.00859511280737e-23,1.31424144407105e-44
0.00949,-4.13289890576062e-26,8.24136116753358e-25,8.52513534503247e-50,8.52826790657851e-24,6.77944152995086e-23,1.17526640864037e-44
0.0095,-3.67007221935439e-26,7.31734371273015e-25,6.71864182367212e-50,7.05833223461025e-24,7.20869108239404e-23,1.02023077433643e-44
0.00951,-3.15672126618393e-26,6.29277803204031e-25,4.9672504650987e-50,5.76225239720822e-24,7.29634377013676e-23,8.54294846943441e-45
0.00952,-2.59284604624916e-26,5.16766412546391e-25,3.34845832362332e-50,4.64002839437214e-24,7.04239959317911e-23,6.83472111596634e-45
0.00953,-1.97844655955008e-26,3.94200199300094e-25,1.94734622406217e-50,3.69166022610203e-24,6.4468585515211e-23,5.14629232782333e-45
0.00954,-1.31352280608658e-26,2.61579163465117e-25,8.56578761736036e-51,2.71041261354559e-24,6.43813903189536e-23,4.18847302873284e-45
0.00955,-1.01544905085559e-26,2.02091854546861e-25,5.10640136173092e-51,1.80074533289234e-24,6.54712721189819e-23,3.48597014308034e-45
0.00956,-7.50376490472736e-27,1.49197519947979e-25,2.77799646987738e-51,1.0157241527921e-24,6.53551236104229e-23,2.85157449217057e-45
0.00957,-5.12034418776539e-27,1.01646319911459e-25,1.28535093446728e-51,3.55349073244851e-25,6.40329447932767e-23,2.28402627001844e-45
0.00958,-3.00422835767001e-27,5.94382544373005e-26,4.36574245431148e-52,-1.80379905749392e-25,6.15047356675433e-23,1.78211718451377e-45
0.00959,-1.15541741444094e-27,2.2573323525497e-26,6.13783212421586e-53,-5.91462784190695e-25,5.77704962332219e-23,1.34469045742123e-45
0.0096,4.26088641921197e-28,-8.94847282393835e-27,1.10775089162749e-53,-8.77899562078916e-25,5.28302264903139e-23,9.70640824380632e-46
0.00961,1.74028981141673e-27,-3.51271346110124e-26,1.58588584011908e-52,-1.03969023941414e-24,4.66839264388186e-23,6.58914534906457e-46
0.00962,2.78718609404567e-27,-5.59626618357253e-26,3.98430750630231e-52,-1.07683481619636e-24,3.9331596078736e-23,4.0850935238819e-46
0.00963,3.56677748980813e-27,-7.14550544980791e-26,6.4672564141511e-52,-9.8933329242555e-25,3.07732354100647e-23,2.18474554090201e-46
0.00964,4.07906399870383e-27,-8.16043125980684e-26,8.41197317552939e-52,-1.11259045269898e-24,2.63547106844738e-23,1.16577197248829e-46
0.00965,4.81368372393832e-27,-9.62361596172068e-26,1.16835818209995e-51,-1.27713203540847e-24,2.33748477468431e-23,5.70329297024223e-47
0.00966,5.37898555389419e-27,-1.07491208185952e-25,1.45638438085379e-51,-1.39686478737368e-24,2.04614448940111e-23,2.20538221903437e-47
0.00967,5.76761307748399e-27,-1.15221834864282e-25,1.67238670988059e-51,-1.47178870859464e-24,1.76145021259774e-23,5.27827034644026e-48
0.00968,5.97956629470757e-27,-1.19428039652192e-25,1.79588778228688e-51,-1.5019037990713e-24,1.48340194427428e-23,1.1449734423789e-48
0.00969,6.01484520556502e-27,-1.20109822549686e-25,1.81577215718497e-51,-1.48721005880369e-24,1.21199968443069e-23,4.89293438762971e-48
0.0097,5.87344981005634e-27,-1.17267183556763e-25,1.7302863396928e-51,-1.42770748779181e-24,9.47243433066976e-24,1.25614597294799e-47
0.00971,5.55538010818146e-27,-1.1090012267342e-25,1.54703878093392e-51,-1.32339608603564e-24,6.89133190183083e-24,2.09901596530306e-47
0.00972,5.06063609994049e-27,-1.01008639899662e-25,1.28299987803766e-51,-1.1742758535352e-24,4.37668955779104e-24,2.78189479811912e-47
0.00973,4.38921778533339e-27,-8.75927352354866e-26,9.64501974138952e-52,-9.80346790290501e-25,1.92850729854995e-24,3.14880421746885e-47
0.00974,3.54112516436016e-27,-7.0652408680894e-26,6.27239358378382e-52,-9.04097858218115e-25,1.87502828395216e-25,3.9600712930055e-47
0.00975,3.34601145109136e-27,-6.67476205850901e-26,5.59626926634588e-52,-8.63426183104843e-25,-1.17006747476797e-24,4.84351889552807e-47
0.00976,3.14025467366541e-27,-6.26324106425989e-26,4.92582799499654e-52,-8.1662334581142e-25,-2.30866599807776e-24,5.51951961531274e-47
0.00977,2.91138997270398e-27,-5.80579790252954e-26,4.23117958998437e-52,-7.63689346337861e-25,-3.22829274153376e-24,5.9317746342564e-47
0.00978,2.65941734820702e-27,-5.30243257331792e-26,3.52812724324372e-52,-7.0462418468416e-25,-3.92894770513617e-24,6.04756404717419e-47
0.00979,2.38433680017455e-27,-4.75314507662501e-26,2.83405163517344e-52,-6.39427860850316e-25,-4.410630888885e-24,5.85774686179903e-47
0.0098,2.08614832860649e-27,-4.15793541245071e-26,2.1679109346366e-52,-5.68100374836317e-25,-4.67334229278029e-24,5.37676099878162e-47
0.00981,1.76485193350297e-27,-3.51680358079522e-26,1.55024079896097e-52,-4.90641726642187e-25,-4.71708191682192e-24,4.64262329169081e-47
0.00982,1.42044761486392e-27,-2.82974958165846e-26,1.00315437393833e-52,-4.07051916267914e-25,-4.54184976100998e-24,3.71692948701317e-47
0.00983,1.05293537268935e-27,-2.0967734150404e-26,5.50342293824939e-53,-3.17330943713498e-25,-4.14764582534446e-24,2.68485424415317e-47
0.00984,6.62315206979193e-28,-1.31787508094093e-26,2.17072681341343e-53,-2.60954140732816e-25,-4.1336050857757e-24,2.27690608455123e-47
0.00985,4.76369234043768e-28,-9.4685042860155e-27,1.11810915451976e-53,-2.17975302000397e-25,-4.19699495673621e-24,2.0355213995571e-47
0.00986,3.12899380498892e-28,-6.20717803532314e-27,4.78656208909743e-54,-1.78261716573703e-25,-4.18402669834377e-24,1.78163081201845e-47
0.00987,1.68483406786469e-28,-3.32659295127551e-27,1.36187944481035e-54,-1.41813384452736e-25,-4.0947003105984e-24,1.52057257289655e-47
0.00988,4.31213129064778e-29,-8.26749033872186e-28,7.91540498092966e-56,-1.08630305637489e-25,-3.92901579350005e-24,1.25826118546069e-47
0.00989,-6.31869011410381e-29,1.29235371688595e-27,2.20116315321482e-55,-7.8712480127974e-26,-3.68697314704878e-24,1.00118740528827e-47
0.0099,-1.50441235356102e-28,3.03071530099938e-27,1.17611662632725e-54,-5.20599079241852e-26,-3.36857237124457e-24,7.56418240264588e-48
0.00991,-2.18641689738713e-28,4.38833571846809e-27,2.44812534156118e-54,-2.86725890261225e-26,-2.97381346608743e-24,5.31596950582997e-48
0.00992,-2.67788264288873e-28,5.36521496929209e-27,3.64673279351167e-54,-8.55052343378589e-27,-2.50269643157734e-24,3.34943048744859e-48
0.00993,-2.97880959006584e-28,5.96135305347144e-27,4.49214928842109e-54,8.30628885282731e-27,-1.95522126771421e-24,1.75252299559531e-48
0.00994,-3.08919773891836e-28,6.17674997100594e-27,4.8142051062852e-54,2.48615630095799e-26,-1.67165513211964e-24,1.01282976081778e-48
0.00995,-3.46670608131722e-28,6.92810960698459e-27,6.05074743902248e-54,3.96177847966267e-26,-1.4800668898317e-24,5.8819251197408e-49
0.00996,-3.7452629170933e-28,7.48218000803859e-27,7.05240964389025e-54,5.18142140793375e-26,-1.29311519124739e-24,3.01633970855332e-49
0.00997,-3.91799229509003e-28,7.82518844982317e-27,7.70984421390267e-54,6.14508508577136e-26,-1.11080003636669e-24,1.25040743813412e-49
0.00998,-3.98489421530733e-28,7.95713493233824e-27,7.96874506655509e-54,6.85276951317516e-26,-9.33121425189647e-25,3.30614641145117e-50
0.00999,-3.94596867774524e-28,7.87801945558386e-27,7.80836500377938e-54,7.30447469014536e-26,-7.60079357716242e-25,3.10679193896384e-51
0.01,-3.80121568240377e-28,7.58784201956003e-27,7.2415157119435e-54,7.50020061668195e-26,-5.91673833946471e-25,1.53494143813739e-50
0.01001,-3.55063522928291e-28,7.08660262426676e-27,6.31456776185155e-54,7.43994729278493e-26,-4.27904853880334e-25,5.27240454505825e-50
0.01002,-3.19422731838267e-28,6.37430126970404e-27,5.10745060874387e-54,7.12371471845429e-26,-2.68772417517832e-25,1.00927426069665e-49
0.01003,-2.73199194970304e-28,5.45093795587187e-27,3.73365259229694e-54,6.55150289369005e-26,-1.14276524858964e-25,1.48418324075933e-49
0.01004,-2.16392912324392e-28,4.31651268277005e-27,2.3402209366232e-54,6.46594414298033e-26,-3.89574798742424e-27,2.08621209521725e-49
0.01005,-2.01260770670385e-28,4.01387407513464e-27,2.02278648761151e-54,6.49179914172775e-26,8.23177557050994e-26,2.69651593323207e-49
0.01006,-1.86003596988254e-28,3.70886968352835e-27,1.72639171940295e-54,6.43844558617232e-26,1.54497528904017e-25,3.20747723432198e-49
0.01007,-1.69836274395324e-28,3.38583156230867e-27,1.43819768651117e-54,6.30588347631404e-26,2.12643571609328e-25,3.57508243134047e-49
0.01008,-1.52758802891591e-28,3.04475971147555e-27,1.16257258311086e-54,6.09411281215287e-26,2.5675588382104e-25,3.76979689441896e-49
0.01009,-1.34771182477062e-28,2.68565413102911e-27,9.04126443251275e-55,5.80313359368888e-26,2.86834465539137e-25,3.77656493096669e-49
0.0101,-1.15873413151733e-28,2.30851482096928e-27,6.67711140856024e-55,5.43294582092205e-26,3.02879316763627e-25,3.59480978567094e-49
0.01011,-9.60654949156043e-29,1.91334178129608e-27,4.58420389723202e-55,4.98354949385237e-26,3.04890437494511e-25,3.23843364049682e-49
0.01012,-7.53474277686763e-29,1.5001350120095e-27,2.81589743525362e-55,4.45494461247985e-26,2.9286782773179e-25,2.73581761468739e-49
0.01013,-5.3719211710945e-29,1.06889451310946e-27,1.42796595809499e-55,3.84713117680436e-26,2.66811487475456e-25,2.12982176476348e-49
0.01014,-3.11808467424178e-29,6.19620284596116e-28,4.78601799971324e-56,3.49845249021227e-26,2.65373045497936e-25,1.89858733446847e-49
0.01015,-1.97541627738102e-29,3.91668980306645e-28,1.90378279810827e-56,3.23794950815576e-26,2.69022499405166e-25,1.7624048049398e-49
0.01016,-9.82315358055197e-30,1.93584300302956e-28,4.59432202178531e-57,2.97877470484525e-26,2.67838570150016e-25,1.60460974252722e-49
0.01017,-1.20720102392362e-30,2.17701070895728e-29,4.77552084153356e-59,2.72092808028067e-26,2.61821257732484e-25,1.42902287289384e-49
0.01018,6.09369489607182e-30,-1.23773599333445e-28,1.99278887377535e-57,2.46440963446213e-26,2.50970562152572e-25,1.24012778641577e-49
0.01019,1.2079534179436e-29,-2.43046818966129e-28,7.54566940833594e-57,2.20921936738958e-26,2.35286483410279e-25,1.04307093818194e-49
0.0102,1.67503168261688e-29,-3.3604955180848e-28,1.43442282602397e-56,1.95535727906301e-26,2.14769021505606e-25,8.43661647994234e-50
0.01021,2.01060428362708e-29,-4.02781797860507e-28,2.05478819353008e-56,1.70282336948239e-26,1.89418176438547e-25,6.48372100367418e-50
0.01022,2.21467122097408e-29,-4.43243557122187e-28,2.48376319970005e-56,1.45161763864781e-26,1.59233948209112e-25,4.64337344529278e-50
0.01023,2.28723249465795e-29,-4.57434829593533e-28,2.64160650664943e-56,1.20174008655921e-26,1.24216336817296e-25,2.99355294420414e-50
0.01024,2.22828810467869e-29,-4.45355615274546e-28,2.50073528226071e-56,1.01041556154734e-26,1.06020110264027e-25,2.14883138304081e-50
0.01025,2.41132849466889e-29,-4.81745813693542e-28,2.92380245324285e-56,8.48729333227086e-27,9.37034871979644e-26,1.59807860570421e-50
0.01026,2.53760659721356e-29,-5.06822567795844e-28,3.23421370212615e-56,7.01992662553065e-27,8.17080214976526e-26,1.15625517211441e-50
0.01027,2.60151102459068e-29,-5.19462971864026e-28,3.39597157877005e-56,5.70205549525247e-27,7.00337131630898e-26,8.08765024163271e-51
0.01028,2.60304177680023e-29,-5.19667025898087e-28,3.39733348424816e-56,4.53367994143633e-27,5.86805621942762e-26,5.42008288491693e-51
0.01029,2.54219885384223e-29,-5.07434729898028e-28,3.2382017491699e-56,3.51479996408223e-27,4.76485685912117e-26,3.43381276489469e-51
0.0103,2.41898225571665e-29,-4.82766083863843e-28,2.9301236336804e-56,2.64541556319002e-27,3.69377323538945e-26,2.01276484295276e-51
0.01031,2.23339198242352e-29,-4.45661087795541e-28,2.49629132746078e-56,1.92552673876001e-27,2.65480534823283e-26,1.05082592796765e-51
0.01032,1.98542803396283e-29,-3.96119741693118e-28,1.97154194972778e-56,1.35513349079204e-27,1.64795319765112e-26,4.51844676304159e-52
0.01033,1.67509041033459e-29,-3.34142045556574e-28,1.402357549234e-56,9.34235819286109e-28,6.73216783644319e-27,1.29631591816409e-52
0.01034,1.30237911153872e-29,-2.59727999385897e-28,8.46865104267735e-57,3.94665281386785e-28,-2.65122715063756e-28,6.85471227636631e-54
0.01035,1.19145307727272e-29,-2.37553528209081e-28,7.0812313606014e-57,-1.28077226893976e-28,-5.73962921671786e-27,2.46512203979363e-53
0.01036,1.08302446159043e-29,-2.15885734266978e-28,5.84572903927763e-57,-5.65156987907824e-28,-1.0314817131529e-26,1.27622458296734e-52
0.01037,9.72223042173694e-30,-1.93752914808424e-28,4.70634027272758e-57,-9.16574001654759e-28,-1.39906864594971e-26,2.68530097520486e-52
0.01038,8.59048819022484e-30,-1.71155069833414e-28,3.67069551482269e-57,-1.18232826813482e-27,-1.67672372006226e-26,4.09407863627498e-52
0.01039,7.43501792136843e-30,-1.48092199341955e-28,2.74658251204469e-57,-1.36241978734791e-27,-1.86444693549045e-26,5.21561536186559e-52
0.0104,6.25581961516752e-30,-1.24564303334045e-28,1.94194630348451e-57,-1.45684855929409e-27,-1.96223829223435e-26,5.85568948777091e-52
0.01041,5.0528932716221e-30,-1.00571381809682e-28,1.26488922084304e-57,-1.46561458397336e-27,-1.97009779029394e-26,5.9127998898905e-52
0.01042,3.82623889073196e-30,-7.61134347688636e-29,7.2367088843083e-58,-1.38871786138569e-27,-1.88802542966921e-26,5.37816598422932e-52
0.01043,2.57585647249752e-30,-5.11904622115971e-29,3.26708223168475e-58,-1.22615839153112e-27,-1.71602121036019e-26,4.33572772689826e-52
0.01044,1.30174601691859e-30,-2.58024641378786e-29,8.25754345860258e-59,-1.23246345707424e-27,-1.70338616218453e-26,4.31720132431605e-52
0.01045,6.10072695525336e-31,-1.2007618551608e-29,1.76317785124555e-59,-1.27902480533144e-27,-1.72415276802022e-26,4.51771729080444e-52
0.01046,1.59778715010704e-32,-1.60845161047089e-31,1.28214842426619e-64,-1.30050919481658e-27,-1.71432928516167e-26,4.55308215100778e-52
0.01047,-4.89645589912422e-31,9.91902027282319e-30,1.27329528458354e-59,-1.29691662552964e-27,-1.67391571360887e-26,4.42133235730349e-52
0.01048,-9.06797688714963e-31,1.82319777499992e-29,4.24005969312835e-59,-1.26824709747064e-27,-1.60291205336185e-26,4.1298196882058e-52
0.01049,-1.23547842490665e-30,2.4778027270483e-29,7.79316870537918e-59,-1.21450061063957e-27,-1.5013183044206e-26,3.69521124836551e-52
0.0105,-1.47568779848748e-30,2.95571688342745e-29,1.10613131852714e-58,-1.13567716503643e-27,-1.36913446678511e-26,3.14348946857017e-52
0.01051,-1.62742580945748e-30,3.2569402441374e-29,1.34090122024155e-58,-1.0317767606612e-27,-1.20636054045536e-26,2.50995210574387e-52
0.01052,-1.69069245781659e-30,3.38147280917806e-29,1.4436613032096e-58,-9.02799397513921e-28,-1.01299652543141e-26,1.83921224294773e-52
0.01053,-1.66548774356484e-30,3.32931457854949e-29,1.39802911552733e-58,-7.48745075594573e-28,-7.89042421713218e-27,1.18519828937922e-52
0.01054,-1.55181166670224e-30,3.10046555225169e-29,1.21120502585826e-58,-6.71899298733648e-28,-6.72296149931123e-27,9.05687945443736e-53
0.01055,-1.63249653880933e-30,3.26055770599576e-29,1.33861680679635e-58,-6.20578963317303e-28,-5.93130793826178e-27,7.38471278541203e-53
0.01056,-1.6813108053834e-30,3.35715404477763e-29,1.41835931163318e-58,-5.68528952596064e-28,-5.16175745066835e-27,5.8990826641568e-53
0.01057,-1.69400514281352e-30,3.38175641187662e-29,1.43860044023144e-58,-5.15749266569924e-28,-4.41431003653079e-27,4.59427021381928e-53
0.01058,-1.67057955109971e-30,3.33436480729272e-29,1.39804486954538e-58,-4.62239905238882e-28,-3.68896569584911e-27,3.46462248541237e-53
0.01059,-1.61103403024194e-30,3.21497923102591e-29,1.29929725679195e-58,-4.0800086860293e-28,-2.98572442862318e-27,2.50455245781387e-53
0.0106,-1.51536858024023e-30,3.02359968307622e-29,1.14886223945082e-58,-3.53032156662084e-28,-2.30458623485326e-27,1.70853903776704e-53
0.01061,-1.38358320109459e-30,2.76022616344365e-29,9.57144435264353e-59,-2.97333769416338e-28,-1.64555111453921e-27,1.07112705987967e-53
0.01062,-1.215677892805e-30,2.42485867212819e-29,7.38448442237592e-59,-2.40905706865689e-28,-1.00861906768104e-27,5.86927286624712e-54
0.01063,-1.01165265537146e-30,2.01749720912984e-29,5.10978838638292e-59,-1.83747969010139e-28,-3.93790094278744e-28,2.50616408340157e-54
0.01064,-7.71507488793943e-31,1.53814177444851e-29,2.96840182996871e-59,-1.43065459449834e-28,4.97135618519715e-29,9.63732930667003e-55
0.01065,-6.93326535058905e-31,1.3819141067609e-29,2.39479930372309e-59,-1.10164836683469e-28,3.97291330735772e-28,2.54127562771771e-55
0.01066,-6.18666499220645e-31,1.232764725514e-29,1.90472056954613e-59,-8.06298663887785e-29,6.87246268879125e-28,1.03373240555852e-56
0.01067,-5.44551329438464e-31,1.08475725051152e-29,1.47393899333161e-59,-5.44605485657637e-29,9.19578376282029e-28,7.17853100266481e-56
0.01068,-4.70981025712349e-31,9.37891681753431e-30,1.10111895995262e-59,-3.16568832144206e-29,1.09428765294451e-27,3.02924361240935e-55
0.01069,-3.97955588042326e-31,7.92168019239784e-30,7.84935637055758e-60,-1.22188703347569e-29,1.21137409886651e-27,5.93237063302006e-55
0.0107,-3.25475016428382e-31,6.47586262970555e-30,5.24074975060713e-60,3.85349007323146e-30,1.27083771404806e-27,8.57235746861273e-55
0.01071,-2.53539310870518e-31,5.04146412945743e-30,3.17233707160545e-60,1.65601980095446e-29,1.27267849848917e-27,1.03446248761785e-54
0.01072,-1.8214847136872e-31,3.61848469165323e-30,1.63119349321594e-60,2.59012534741838e-29,1.21689645218981e-27,1.08948910631856e-54
0.01073,-1.11302497923014e-31,2.20692431629346e-30,6.04502002835735e-61,3.18766564671458e-29,1.10349157515e-27,1.01191716875797e-54
0.01074,-4.10013905333872e-32,8.06783003377861e-31,7.95534155941556e-62,4.08053182766831e-29,1.09322410790781e-27,1.12774928874752e-54
0.01075,2.20177148575156e-34,-1.51172857948151e-32,8.34294939221905e-65,4.94944018476183e-29,1.1048646693919e-27,1.28091876679622e-54
0.01076,3.51864840793798e-32,-7.12165390407532e-31,6.55272873569134e-62,5.63219397711838e-29,1.09714857667132e-27,1.37999698562841e-54
0.01077,6.43262403374335e-32,-1.29287734573857e-30,2.13068719269416e-61,6.12879320473773e-29,1.07007582974608e-27,1.41804712413308e-54
0.01078,8.76394459227428e-32,-1.75725315178805e-30,3.91796354370625e-61,6.43923786762002e-29,1.02364642861617e-27,1.39246840082398e-54
0.01079,1.05126100835308e-31,-2.10529280855598e-30,5.61017266457903e-61,6.56352796576524e-29,9.57860373281588e-28,1.30499607383956e-54
0.0108,1.16786205075128e-31,-2.33699631604236e-30,6.90256973986778e-61,6.50166349917339e-29,8.72717663742343e-28,1.16170144094294e-54
0.01081,1.22619758642205e-31,-2.4523636742472e-30,7.59259440070952e-61,6.25364446784442e-29,7.68218299998412e-28,9.72991839521932e-55
0.01082,1.22626761536535e-31,-2.45139488317045e-30,7.57987072482263e-61,5.81947087177841e-29,6.4436228204983e-28,7.53610646589158e-55
0.01083,1.16807213758122e-31,-2.33408994281216e-30,6.86620723650759e-61,5.19914271097534e-29,5.01149609896581e-28,5.22637278781836e-55
0.01084,1.05161115306964e-31,-2.10044885317231e-30,5.55559690664639e-61,4.99092475966988e-29,4.26255895379109e-28,4.29380270674272e-55
0.01085,1.08089007889508e-31,-2.1582716020941e-30,5.86217090078585e-61,4.89252413023506e-29,3.75380161707301e-28,3.74991584261059e-55
0.01086,1.09272931803216e-31,-2.18136764698921e-30,5.98536992449634e-61,4.75037545019493e-29,3.26017426857852e-28,3.21972837330598e-55
0.01087,1.08406385633648e-31,-2.16361012736146e-30,5.88586047865051e-61,4.56447871954947e-29,2.78167690830754e-28,2.70871735842537e-55
0.01088,1.05489369380804e-31,-2.10499904321086e-30,5.56924625948394e-61,4.33483393829867e-29,2.31830953626007e-28,2.22261129728949e-55
0.01089,1.00521883044683e-31,-2.00553439453739e-30,5.05367938366327e-61,4.0614411064425e-29,1.87007215243603e-28,1.76739012894314e-55
0.0109,9.3503926625288e-32,-1.86521618134108e-30,4.36986038828669e-61,3.74430022398105e-29,1.43696475683558e-28,1.34928523215549e-55
0.01091,8.44355001226171e-32,-1.68404440362191e-30,3.56103823088334e-61,3.38341129091426e-29,1.01898734945864e-28,9.747794254196e-56
0.01092,7.33166035366707e-32,-1.46201906137989e-30,2.68301028941364e-61,2.97877430724215e-29,6.16139930305201e-29,6.50606966952774e-56
0.01093,6.01472368674462e-32,-1.19914015461497e-30,1.80412236226908e-61,2.53038927296462e-29,2.28422499375206e-29,3.83753554696408e-56
0.01094,4.49274001149482e-32,-8.95407683327237e-31,1.00526866827285e-61,2.25463624487864e-29,-5.26370518258437e-30,2.44981714608619e-56
0.01095,3.95788228349039e-32,-7.88562543470804e-31,7.79190729181841e-62,2.04218210659314e-29,-2.7328619066224e-29,1.58534891948095e-56
0.01096,3.45655669490839e-32,-6.88440845495596e-31,5.9348227653562e-62,1.83748542319604e-29,-4.57018720139398e-29,9.69725922526322e-57
0.01097,2.9708518244546e-32,-5.91470727343851e-31,4.37727225507046e-62,1.64054619468734e-29,-6.03834640257319e-29,5.50842382628873e-57
0.01098,2.50076767212894e-32,-4.97652189015552e-31,3.09594866878803e-62,1.45136442106702e-29,-7.13733951016017e-29,2.82581648587528e-57
0.01099,2.04630423793157e-32,-4.06985230510732e-31,2.06831019525624e-62,1.26994010233514e-29,-7.86716652415455e-29,1.24816190593735e-57
0.011,1.60746152186241e-32,-3.19469851829374e-31,1.27258030414152e-62,1.09627323849166e-29,-8.22782744455655e-29,4.34076002311939e-58
0.01101,1.18423952392146e-32,-2.35106052971479e-31,6.87747746030367e-63,9.30363829536586e-30,-8.21932227136617e-29,1.02065904760624e-58
0.01102,7.7663824410865e-33,-1.53893833937032e-31,2.93566552429037e-63,7.72211875469891e-30,-7.84165100458331e-29,3.05299569689577e-59
0.01103,3.84657682424119e-33,-7.58331947260616e-32,7.05560357637878e-64,6.21817376291629e-30,-7.09481364420811e-29,5.77577165464773e-59
0.01104,8.29783886779691e-35,-9.24135338553494e-34,7.89380471970813e-69,4.97184434262982e-30,-7.01523822209559e-29,2.21132545415578e-58
0.01105,-2.33331627355835e-33,4.72377710119468e-32,2.88437330839414e-64,3.89215886562292e-30,-7.07923550220811e-29,5.15447324690982e-58
0.01106,-4.35504000998272e-33,8.75261218209166e-32,9.76415237189625e-64,2.93290356854337e-30,-7.02077033821799e-29,8.39833698001687e-58
0.01107,-6.00008807040907e-33,1.20295421231832e-31,1.83571633715203e-63,2.0940784513915e-30,-6.83984273012524e-29,1.12830651174555e-57
0.01108,-7.26846045483779e-33,1.45545669244699e-31,2.68078263303254e-63,1.37568351416713e-30,-6.53645267792987e-29,1.33262317064779e-57
0.01109,-8.16015716326888e-33,1.6327686585952e-31,3.36872092598432e-63,7.77718756870263e-31,-6.11060018163187e-29,1.42228363776076e-57
0.0111,-8.6751781957024e-33,1.73489011076294e-31,3.79930281600797e-63,3.00184179500829e-31,-5.56228524123114e-29,1.38453043446397e-57
0.01111,-8.81352355213817e-33,1.76182104895019e-31,3.9149647019512e-63,-5.69202179410087e-32,-4.89150785672787e-29,1.22434864046416e-57
0.01112,-8.5751932325763e-33,1.71356147315696e-31,3.70080778150935e-63,-2.93594435455343e-31,-4.09826802812197e-29,9.64465893795235e-58
0.01113,-7.96018723701681e-33,1.59011138338326e-31,3.18459805122502e-63,-4.09838473042173e-31,-3.18256575541345e-29,6.45352390818286e-58
0.01114,-6.96850556545969e-33,1.39147077962909e-31,2.43676630648815e-63,-6.743527860822e-31,-2.70218311790753e-29,5.70277111386635e-58
0.01115,-7.02082784394093e-33,1.40152200172203e-31,2.47072210548873e-63,-9.51367661796256e-31,-2.37528243656722e-29,5.53782594061042e-58
0.01116,-6.98078263578667e-33,1.39319359988257e-31,2.4402923169285e-63,-1.17191182309753e-30,-2.05868962450374e-29,5.22525974322728e-58
0.01117,-6.82702539431256e-33,1.36222047468628e-31,2.33202725953352e-63,-1.33598526998607e-30,-1.75240468171702e-29,4.77800053009841e-58
0.01118,-6.5595561195186e-33,1.30860262613314e-31,2.15125451384127e-63,-1.44358800246188e-30,-1.45642760820707e-29,4.21546500266606e-58
0.01119,-6.17837481140471e-33,1.23234005422316e-31,1.90715321928132e-63,-1.49472002052496e-30,-1.17075840397384e-29,3.56355855543309e-58
0.0112,-5.68348146997104e-33,1.13343275895635e-31,1.61275407417541e-63,-1.4893813241753e-30,-8.95397069017418e-30,2.85467527596344e-58
0.01121,-5.07487609521751e-33,1.01188074033271e-31,1.28493933573729e-63,-1.42757191341291e-30,-6.30343603337766e-30,2.12769794488143e-58
0.01122,-4.35255868714414e-33,8.67683998352225e-32,9.44442820072795e-64,-1.30929178823779e-30,-3.7559800693488e-30,1.42799803587224e-58
0.01123,-3.51652924575076e-33,7.00842533014877e-32,6.15849902179819e-64,-1.1345409486499e-30,-1.31160279808718e-30,8.07435715681649e-59
0.01124,-2.56678777103767e-33,5.11356344320721e-32,3.27597515948505e-64,-1.08750188819818e-30,4.69263957444708e-31,5.47311979531815e-59
0.01125,-2.20954603043936e-33,4.40013556294351e-32,2.42375171826154e-64,-1.0751103647224e-30,1.86979674612241e-30,4.00167372839445e-59
0.01126,-1.87992024154031e-33,3.74200740945028e-32,1.75135481102025e-64,-1.0500895629337e-30,3.03384980330588e-30,2.84297307291154e-59
0.01127,-1.56730015149906e-33,3.11802672129743e-32,1.21465859596375e-64,-1.01243948283206e-30,3.96142312899527e-30,1.9503626936541e-59
0.01128,-1.27168576031572e-33,2.52819349848519e-32,7.9749177140482e-65,-9.62160124417497e-31,4.65251672319024e-30,1.28087765408546e-59
0.01129,-9.93077067990236e-34,1.97250774101344e-32,4.84573231944179e-65,-8.99251487690009e-31,5.10713058589099e-30,7.95243216346648e-60
0.0113,-7.31474074522599e-34,1.45096944888217e-32,2.61512068470907e-65,-8.23713572649594e-31,5.32526471709751e-30,4.57874841257108e-60
0.01131,-4.86876779912812e-34,9.63578622091405e-33,1.14807568162323e-65,-7.35546379296251e-31,5.3069191168098e-30,2.36878188314471e-60
0.01132,-2.59285184160839e-34,5.10335260641051e-33,3.18492144839867e-66,-6.34749907629963e-31,5.0520937850278e-30,1.04049115694565e-60
0.01133,-4.8699287266758e-35,9.123936453127e-34,9.16687189736776e-68,-5.21324157650764e-31,4.56078872175159e-30,3.48736802514798e-61
0.01134,1.44880910769472e-34,-2.9370906623802e-33,1.11798623216121e-66,-4.55927510916059e-31,4.50104862348452e-30,1.05630109422149e-61
0.01135,2.83955990108032e-34,-5.70808695221856e-33,4.15453922371505e-66,-4.07910331830555e-31,4.53532200956577e-30,1.87263166534651e-61
0.01136,3.9852093963797e-34,-7.99011654939026e-33,8.09905012178256e-66,-3.61702546141496e-31,4.49213207396044e-30,4.48320157603034e-61
0.01137,4.89139157399684e-34,-9.79425247547942e-33,1.21386510672941e-65,-3.17304153848898e-31,4.37147881666855e-30,7.68466917890105e-61
0.01138,5.55810643393197e-34,-1.11204947304865e-32,1.56245445164778e-65,-2.74715154952754e-31,4.1733622376901e-30,1.05477267169492e-60
0.01139,5.98535397618508e-34,-1.19688433144114e-32,1.80801946414351e-65,-2.33935549453063e-31,3.89778233702508e-30,1.24171003235257e-60
0.0114,6.17313420075618e-34,-1.23392982272542e-32,1.92013273301419e-65,-1.94965337349818e-31,3.54473911467344e-30,1.29115500223427e-60
0.01141,6.12144710764521e-34,-1.22318594690148e-32,1.88559301864478e-65,-1.57804518643034e-31,3.11423257063529e-30,1.1923869727473e-60
0.01142,5.83029269685223e-34,-1.16465270396933e-32,1.70842525300769e-65,-1.22453093332703e-31,2.60626270491058e-30,9.62088724335081e-61
0.01143,5.29967096837723e-34,-1.05833009392897e-32,1.40988053966276e-65,-8.89110614188245e-32,2.0208295174993e-30,6.443464264771e-61
0.01144,4.52958192222005e-34,-9.04218116780367e-33,1.02843615375714e-65,-6.1772331469241e-32,1.71274533436964e-30,6.01444522256569e-61
0.01145,4.48275175658552e-34,-8.94626625489283e-33,1.00619561548557e-65,-3.871568059691e-32,1.50272959747792e-30,6.23000778539437e-61
0.01146,4.38911624803536e-34,-8.75731056166475e-33,9.63688248800591e-66,-1.85619230788449e-32,1.29970743605981e-30,6.20768537056568e-61
0.01147,4.23421122470086e-34,-8.44642110930019e-33,8.96099877943503e-66,-1.31105891504583e-33,1.10367885011528e-30,5.94670425349657e-61
0.01148,4.01803668658202e-34,-8.01359789779913e-33,8.06297779036497e-66,1.30369118944873e-32,9.14643839644348e-31,5.4611102234557e-61
0.01149,3.74059263367878e-34,-7.45884092716148e-33,6.98264535224918e-66,2.44819893497561e-32,7.32602404646978e-31,4.77976858356337e-61
0.0115,3.40187906599123e-34,-6.78215019738743e-33,5.77098036677342e-66,3.30241734507567e-32,5.57554545123233e-31,3.94636415079198e-61
0.01151,3.00189598351934e-34,-5.98352570847689e-33,4.49011480585457e-66,3.86634641974914e-32,3.89500261073083e-31,3.01940125596537e-61
0.01152,2.5406433862631e-34,-5.06296746042986e-33,3.21333371164141e-66,4.13998615899601e-32,2.28439552496525e-31,2.07220374375918e-61
0.01153,2.01812127422242e-34,-4.02047545324615e-33,2.02507519651424e-66,4.12333656281625e-32,7.43724193935345e-32,1.1929149727007e-61
0.01154,1.43432964739748e-34,-2.85604968692613e-33,1.02093044308568e-66,4.50925484099378e-32,-3.84499713979234e-32,8.60846932502151e-62
0.01155,1.2005120092939e-34,-2.38923776486522e-33,7.13740606401603e-67,4.94765217720635e-32,-1.27334144637402e-31,6.8726759836879e-62
0.01156,9.87723422335745e-35,-1.96450097838758e-33,4.8192518479845e-67,5.26068277461774e-32,-2.0107184842659e-31,5.41950786055688e-62
0.01157,7.8978529002723e-35,-1.56952629663116e-33,3.0711682271157e-67,5.44834663322796e-32,-2.59663082765496e-31,4.21456392305646e-62
0.01158,6.06697612368422e-35,-1.2043137195961e-33,1.80412915773247e-67,5.51064375303694e-32,-3.031078476541e-31,3.22595795306663e-62
0.01159,4.38460389359284e-35,-8.68863247282321e-34,9.35845476193444e-68,5.44757413404474e-32,-3.31406143092413e-31,2.42431854691806e-62
0.0116,2.85073620999817e-35,-5.63174879689834e-34,3.90764898894356e-68,5.25913777625134e-32,-3.44557969080436e-31,1.78278911539302e-62
0.01161,1.46537307289998e-35,-2.8724861681859e-34,1.00072022267646e-68,4.94533467965669e-32,-3.42563325618167e-31,1.27702788372508e-62
0.01162,2.28514482298745e-36,-4.10844586686838e-35,1.68832278261879e-70,4.5061648442609e-32,-3.25422212705606e-31,8.85207891599372e-63
0.01163,-8.59839561805778e-36,1.75317594759934e-34,4.02721569451584e-69,3.94162827006391e-32,-2.93134630342755e-31,5.88016993152148e-63
0.01164,-1.79968905941359e-35,3.61957543467264e-34,1.67218761297962e-68,3.69445159157338e-32,-2.88751234006499e-31,3.93820340624854e-63
0.01165,-2.58364505155053e-35,5.18083345732469e-34,3.40606991630589e-68,3.54093266462389e-32,-2.90519268865144e-31,2.64773679201727e-63
0.01166,-3.21761780944964e-35,6.44296543743607e-34,5.25319898251731e-68,3.36743036665397e-32,-2.87388293327706e-31,1.78492470867781e-63
0.01167,-3.70171834616169e-35,7.40608436310953e-34,6.92967738733055e-68,3.17394469766367e-32,-2.79358307394187e-31,1.22707107119281e-63
0.01168,-4.03594666168682e-35,8.07019023434531e-34,8.21900492904808e-68,2.96047565765298e-32,-2.66429311064585e-31,8.76841311735928e-64
0.01169,-4.22030275602501e-35,8.43528305114341e-34,8.97208422088074e-68,2.72702324662188e-32,-2.48601304338902e-31,6.62262379692533e-64
0.0117,-4.25478662917627e-35,8.50136281350381e-34,9.10722069094802e-68,2.47358746457033e-32,-2.25874287217132e-31,5.36722741659468e-64
0.01171,-4.13939828114058e-35,8.2684295214265e-34,8.6101225822781e-68,2.20016831149843e-32,-1.98248259699284e-31,4.78972381445145e-64
0.01172,-3.87413771191795e-35,7.73648317491151e-34,7.53390095280798e-68,1.90676578740612e-32,-1.65723221785353e-31,4.9312280006941e-64
0.01173,-3.4590049215084e-35,6.90552377395884e-34,5.99906967538325e-68,1.59337989229342e-32,-1.28299173475341e-31,6.08647015763641e-64
0.01174,-2.89399990991181e-35,5.77555131856827e-34,4.19354543775788e-68,1.38654197677771e-32,-1.0854347863536e-31,5.49452633293859e-64
0.01175,-2.81706131237489e-35,5.62049304258783e-34,3.96929390517078e-68,1.22231792840446e-32,-9.505323693929e-32,4.44040006341079e-64
0.01176,-2.71791557379062e-35,5.42136162866859e-34,3.69124561114891e-68,1.0682290942022e-32,-8.20357529333085e-32,3.64257233238316e-64
0.01177,-2.58697818915746e-35,5.15901736450938e-34,3.34115504052839e-68,9.24275474170927e-33,-6.94910266174152e-32,3.05756250804714e-64
0.01178,-2.42424915847537e-35,4.83346025011014e-34,2.93153396193984e-68,7.90457068310625e-33,-5.74190579916081e-32,2.6509708885465e-64
0.01179,-2.22972848174442e-35,4.44469028547098e-34,2.47788634149533e-68,6.66773876621339e-33,-4.58198470558912e-32,2.39747870197763e-64
0.0118,-2.00341615896457e-35,3.99270747059185e-34,1.9987083427879e-68,5.53225899103044e-33,-3.46933938102626e-32,2.28084810638909e-64
0.01181,-1.74531219013582e-35,3.47751180547275e-34,1.51548832689188e-68,4.4981313575574e-33,-2.40396982547221e-32,2.29392218978189e-64
0.01182,-1.45541657525819e-35,2.89910329011368e-34,1.0527068523628e-68,3.56535586579427e-33,-1.38587603892698e-32,2.4386249701095e-64
0.01183,-1.1337293143316e-35,2.25748192451452e-34,6.37836675237337e-69,2.73393251574092e-33,-4.15058021390411e-33,2.7259613952778e-64
0.01184,-7.80250407356167e-36,1.5526477086755e-34,3.01342749033588e-69,1.96291142408135e-33,2.9958473421878e-33,2.57870953945537e-64
0.01185,-6.29926623132952e-36,1.25261400357754e-34,1.95853824635129e-69,1.27298386165202e-33,8.63605544187932e-33,2.2906095841339e-64
0.01186,-4.9482903503298e-36,9.83026869279301e-35,1.20392841550958e-69,6.74661034118247e-34,1.33062569765439e-32,2.01286327586648e-64
0.01187,-3.71427760468384e-36,7.36854788717382e-35,6.745824939368e-70,1.67942941479939e-34,1.70064519461822e-32,1.74595183534135e-64
0.01188,-2.59722799439207e-36,5.14097761891868e-35,3.26905904241389e-70,-2.47170416262723e-34,1.97366403507927e-32,1.49069557398051e-64
0.01189,-1.59714151945427e-36,3.14755788802712e-35,1.21464976313514e-70,-5.70679039109835e-34,2.14968221903764e-32,1.24825389393946e-64
0.0119,-7.1401817987044e-37,1.38828869449916e-35,2.29869473254768e-71,-8.02582927061397e-34,2.22869974649332e-32,1.02012528810736e-64
0.01191,5.21420243595479e-38,-1.3682996166545e-36,3.5996173160858e-73,-9.42882080117426e-34,2.21071661744629e-32,8.0814734010698e-65
0.01192,7.01339093235424e-37,-1.42779808046618e-35,2.66330712682672e-71,-9.91576498277873e-34,2.09573283189656e-32,6.14496724294821e-65
0.01193,1.23357302675733e-36,-2.48461566190333e-35,7.9016234953823e-71,-9.48666181542769e-34,1.88374838984415e-32,4.41689205760906e-65
0.01194,1.64884382492528e-36,-3.30728270597687e-35,1.38880319088681e-70,-1.05034055359695e-33,1.85213598234663e-32,3.26954031174599e-65
0.01195,2.07990263452308e-36,-4.16523436406805e-35,2.19593418596899e-70,-1.17725716610031e-33,1.86074396528269e-32,2.40506774503959e-65
0.01196,2.42056463483081e-36,-4.84295518536383e-35,2.96328365541281e-70,-1.26878982412215e-33,1.83837503195605e-32,1.70262792580574e-65
0.01197,2.66883534869979e-36,-5.33639712760245e-35,3.5935563327235e-70,-1.32493852766248e-33,1.78502918236672e-32,1.14619015783508e-65
0.01198,2.82471477613003e-36,-5.6455601907839e-35,4.01847949451931e-70,-1.34570327672132e-33,1.7007064165147e-32,7.20682011764715e-66
0.01199,2.88820291712153e-36,-5.77044437490818e-35,4.19536649094441e-70,-1.33108407129865e-33,1.58540673439998e-32,4.11989325078025e-66
0.012,2.85929977167426e-36,-5.71104967997527e-35,4.10711674566889e-70,-1.28108091139447e-33,1.43913013602255e-32,2.06956202104657e-66
0.01201,2.73800533978825e-36,-5.46737610598519e-35,3.76221575588878e-70,-1.19569379700879e-33,1.26187662138245e-32,9.33850140206393e-67
0.01202,2.52431962146349e-36,-5.03942365293794e-35,3.19473509232604e-70,-1.07492272814162e-33,1.05364619047966e-32,6.00363988481733e-67
0.01203,2.21824261669999e-36,-4.42719232083353e-35,2.46433239922855e-70,-9.1876770479294e-34,8.14438843314185e-33,9.66292614557903e-67
0.01204,1.81977432549766e-36,-3.63068210967179e-35,1.65625139436993e-70,-8.54223442563457e-34,6.87773960557456e-33,1.75012034791578e-66
0.01205,1.74357283993771e-36,-3.47769649835178e-35,1.51879266257653e-70,-8.17121698652146e-34,6.01133670721563e-33,2.6663853456712e-66
0.01206,1.65796196561879e-36,-3.30609307885877e-35,1.37191227261203e-70,-7.74864881418123e-34,5.17678754618899e-33,3.60744298312691e-66
0.01207,1.55671180465127e-36,-3.10343478256995e-35,1.20829274342453e-70,-7.27452990861388e-34,4.37409212249463e-33,4.47086360253078e-66
0.01208,1.43982235703511e-36,-2.86972160948527e-35,1.03267137817785e-70,-6.74886026981932e-34,3.60325043613243e-33,5.17516618760157e-66
0.01209,1.30729362277038e-36,-2.60495355960481e-35,8.50505738913259e-71,-6.17163989779772e-34,2.86426248710265e-33,5.65981836352845e-66
0.0121,1.15912560185703e-36,-2.30913063292854e-35,6.67973646549287e-71,-5.54286879254899e-34,2.15712827540515e-33,5.88523639697178e-66
0.01211,9.95318294295086e-37,-1.98225282945644e-35,4.91973180881875e-71,-4.86254695407315e-34,1.48184780103995e-33,5.83278519606252e-66
0.01212,8.158717000845e-37,-1.62432014918847e-35,3.30122680584299e-71,-4.13067438237005e-34,8.38421064006922e-34,5.50477831040236e-66
0.01213,6.20785819225339e-37,-1.23533259212473e-35,1.90760743207286e-71,-3.34725107743995e-34,2.26848064306296e-34,4.92447793106392e-66
0.01214,4.10060651717572e-37,-8.15290158265181e-36,8.29462251788448e-72,-2.84274073691608e-34,-2.25748069925305e-34,4.74821765334203e-66
0.01215,3.14982316351676e-37,-6.25576373004177e-36,4.87304033119998e-72,-2.45016574534117e-34,-5.83600466132005e-34,4.63188527383635e-66
0.01216,2.30537837160868e-37,-4.57116110020425e-36,2.59345953378239e-72,-2.08470115061685e-34,-8.79339677479006e-34,4.41449890974651e-66
0.01217,1.54754747840943e-37,-3.0598229613159e-36,1.15546308408966e-72,-1.74634695274308e-34,-1.11296570396634e-33,4.10308307280614e-66
0.01218,8.76330483919259e-38,-1.72174931337725e-36,3.61206274186288e-73,-1.43510315171997e-34,-1.28447854559394e-33,3.70835990946278e-66
0.01219,2.91727388138039e-38,-5.56940156388016e-37,3.55944305663572e-74,-1.15096974754746e-34,-1.39387820236183e-33,3.2447492008776e-66
0.0122,-2.06261808934235e-38,4.34604509651797e-37,2.62829141546192e-74,-8.93946740225544e-35,-1.44116467427003e-33,2.73036836292555e-66
0.01221,-6.17637107297561e-38,1.25288468474219e-36,2.03677120306189e-73,-6.64034129754227e-35,-1.42633796131852e-33,2.18703244619532e-66
0.01222,-9.42398506951989e-38,1.89790036888326e-36,4.60932478806589e-73,-4.61231916133475e-35,-1.3493980635073e-33,1.64025413598928e-66
0.01223,-1.18054600789741e-37,2.36965156207478e-36,7.13954453871555e-73,-2.85540099363359e-35,-1.21034498083639e-33,1.11924375232382e-66
0.01224,-1.3320796101339e-37,2.66813826431692e-36,9.01398544147356e-73,-1.18149897108213e-35,-1.18785170167471e-33,8.52889885002715e-67
0.01225,-1.5618197705259e-37,3.12504164220445e-36,1.23402771502513e-72,3.14349368261297e-36,-1.19163784194944e-33,6.73040331304552e-67
0.01226,-1.73793010884522e-37,3.47505698037862e-36,1.52390688921787e-72,1.58386477097002e-35,-1.17584079167282e-33,5.17732072505114e-67
0.01227,-1.85793433285016e-37,3.71320104122936e-36,1.73826687953603e-72,2.62704723704403e-35,-1.14046055084486e-33,3.85572714898798e-67
0.01228,-1.92183244254072e-37,3.83947382475667e-36,1.85714143507957e-72,3.44389676648334e-35,-1.08549711946555e-33,2.7521314214645e-67
0.01229,-1.9296244379169e-37,3.85387533096056e-36,1.86998800204669e-72,4.03441335928794e-35,-1.0109504975349e-33,1.85347515275359e-67
0.0123,-1.88131031897869e-37,3.75640555984098e-36,1.77568772373369e-72,4.39859701545788e-35,-9.16820685052891e-34,1.14713272679251e-67
0.01231,-1.7768900857261e-37,3.54706451139799e-36,1.58254544053516e-72,4.53644773499304e-35,-8.03107682019548e-34,6.20911301183305e-68
0.01232,-1.61636373815914e-37,3.22585218563157e-36,1.30828968994378e-72,4.44796551789348e-35,-6.69811488434861e-34,2.63050807192105e-68
0.01233,-1.39973127627775e-37,2.79276858254163e-36,9.80072706550412e-73,4.13315036415915e-35,-5.16932104298801e-34,6.22239497496073e-69
0.01234,-1.12699270008202e-37,2.24781370212833e-36,6.34470422044239e-73,4.21389096376933e-35,-4.35730945172565e-34,9.90688166165228e-70
0.01235,-1.06307360958084e-37,2.11971570141332e-36,5.63896882612999e-73,4.37595767130061e-35,-3.80095189397363e-34,2.61060849684774e-69
0.01236,-9.96065648254583e-38,1.98555616557997e-36,4.94506475816593e-73,4.45972121819569e-35,-3.26599434247159e-34,8.11937493633132e-69
0.01237,-9.21988526153758e-38,1.8373913875296e-36,4.23231513519337e-73,4.46518160445458e-35,-2.75243679721954e-34,1.5664366211591e-68
0.01238,-8.40842243278361e-38,1.67522136726222e-36,3.51629339660446e-73,4.39233883007728e-35,-2.26027925821748e-34,2.36930221097052e-68
0.01239,-7.52626799628378e-38,1.4990461047778e-36,2.81403125047468e-73,4.24119289506375e-35,-1.78952172546532e-34,3.09528434778576e-68
0.0124,-6.57342195203838e-38,1.30886560007639e-36,2.14401867356341e-73,4.01174379941405e-35,-1.34016419896323e-34,3.64913922233316e-68
0.01241,-5.54988430004708e-38,1.10467985315794e-36,1.52620391131306e-73,3.70399154312809e-35,-9.12206678711059e-35,3.96562913135184e-68
0.01242,-4.45565504031024e-38,8.864888640225e-37,9.81993477849987e-74,3.31793612620599e-35,-5.05649164708946e-35,4.00952247759105e-68
0.01243,-3.29073417282769e-38,6.54292632670052e-37,5.34252155983707e-74,2.85357754864769e-35,-1.20491656956819e-35,3.77559376981058e-68
0.01244,-2.05512169759943e-38,4.0809115910059e-37,2.07302997207362e-74,2.61686672777638e-35,1.66097709382296e-35,3.90668548659968e-68
0.01245,-1.46297142766168e-38,2.89972562525866e-37,1.04283273914704e-74,2.45321193388777e-35,3.93110664084146e-35,4.08086740982564e-68
0.01246,-9.43046907127865e-39,1.86283576435918e-37,4.27452458288658e-75,2.28408026883834e-35,5.80355081404197e-35,4.12858005123202e-68
0.01247,-4.84618560432801e-39,9.48894433258962e-38,1.08950318789827e-75,2.10947173262807e-35,7.27830961342469e-35,4.04739264356001e-68
0.01248,-8.76863875766505e-40,1.57901631958337e-38,2.50353478462119e-77,1.92938632525701e-35,8.35538303898913e-35,3.84101676041696e-68
0.01249,2.47749611440722e-39,-5.10142639542974e-38,3.47319499481798e-76,1.74382404672511e-35,9.03477109073566e-35,3.5193063162762e-68
0.0125,5.21689436619203e-39,-1.05523838124474e-37,1.43698037496912e-75,1.55278489703244e-35,9.31647376866403e-35,3.09825756647734e-68
0.01251,7.34133087958853e-39,-1.47738559314709e-37,2.78906900188472e-75,1.35626887617895e-35,9.20049107277441e-35,2.60000910722593e-68
0.01252,8.85080565459674e-39,-1.77658427525001e-37,4.01306270321741e-75,1.15427598416464e-35,8.68682300306679e-35,2.05284187559367e-68
0.01253,9.74531869121666e-39,-1.95283442755352e-37,4.83286509736826e-75,9.46806220989529e-36,7.77546955954118e-35,1.49117914951835e-68
0.01254,1.00248699894483e-38,-2.00613605005761e-37,5.08680609815062e-75,7.99231513737252e-36,7.61714516250851e-35,1.22147010933056e-68
0.01255,1.11992694612053e-38,-2.23944223651074e-37,6.32928424531971e-75,6.78520553430598e-36,7.630413631983e-35,1.04135233044453e-68
0.01256,1.2060852248581e-38,-2.41042724641595e-37,7.32493060293126e-75,5.67893371125437e-36,7.51990426225404e-35,8.72659133659479e-69
0.01257,1.25869346954171e-38,-2.51453945790585e-37,7.96496119496478e-75,4.6734996682181e-36,7.28561705332166e-35,7.16194443754502e-69
0.01258,1.27775168017138e-38,-2.55177887098047e-37,8.19735888241348e-75,3.7689034051968e-36,6.9275520051858e-35,5.72781023375401e-69
0.01259,1.26325985674711e-38,-2.52214548563981e-37,8.00375640644623e-75,2.9651449221908e-36,6.44570911784657e-35,4.43260473034918e-69
0.0126,1.2152179992689e-38,-2.42563930188387e-37,7.39943638840799e-75,2.26222421919992e-36,5.84008839130392e-35,3.28493231112544e-69
0.01261,1.13362610773674e-38,-2.26226031971266e-37,6.43333132981959e-75,1.66014129622417e-36,5.11068982555786e-35,2.29358573854631e-69
0.01262,1.01848418215065e-38,-2.03200853912617e-37,5.18802361237779e-75,1.15889615326354e-36,4.25751342060837e-35,1.46754615374359e-69
0.01263,8.69792222510617e-39,-1.73488396012441e-37,3.77974549795529e-75,7.58488790318039e-37,3.28055917645547e-35,8.1598307651738e-70
0.01264,6.8755022881661e-39,-1.37088658270731e-37,2.35837912860047e-75,3.13123703377505e-37,2.76007109700462e-35,4.72275337281594e-70
0.01265,6.38343523693753e-39,-1.27237970303056e-37,2.03038350625219e-75,-1.03531150144258e-37,2.40286187953723e-35,2.64351449506065e-70
0.01266,5.88924048303653e-39,-1.17351298479811e-37,1.72606270009212e-75,-4.54052305181883e-37,2.05999180635016e-35,1.29055165818551e-70
0.01267,5.36788994743469e-39,-1.06929294196254e-37,1.43220939026334e-75,-7.38439761735248e-37,1.73146087744353e-35,4.95771934529822e-71
0.01268,4.81938363013194e-39,-9.59719574523836e-38,1.15298765965008e-75,-9.5669351980442e-37,1.41726909281729e-35,1.10641241682244e-71
0.01269,4.24372153112827e-39,-8.44792882481998e-38,8.92772534633409e-76,-1.1088135793894e-36,1.11741645247142e-35,6.18434248182436e-73
0.0127,3.6409036504237e-39,-7.24512865837027e-38,6.56149985091206e-76,-1.19479994049019e-36,8.31902956405938e-36,7.29848450176982e-72
0.01271,3.01092998801821e-39,-5.98879524588921e-38,4.47916924398131e-76,-1.21465260310678e-36,5.60728604620835e-36,2.21185202629094e-71
0.01272,2.3538005439118e-39,-4.67892858737682e-38,2.73081209425632e-76,-1.16837156723918e-36,3.03893397116112e-36,3.80486713905329e-71
0.01273,1.66951531810437e-39,-3.31552868283285e-38,1.36861640541932e-76,-1.05595683288736e-36,6.13973338917294e-37,5.0014952268583e-71
0.01274,9.58074310596132e-40,-1.89859553225777e-38,4.46879616121074e-77,-1.06801891455655e-36,-1.20043623279512e-36,7.1144961891399e-71
0.01275,5.94787306327833e-40,-1.17416633173806e-38,1.69608887241496e-77,-1.10824560179479e-36,-2.64034245380013e-36,9.47717031050532e-71
0.01276,2.7945198544111e-40,-5.45501784958401e-39,3.57817149724304e-78,-1.12771010512983e-36,-3.82565801792627e-36,1.14682530792128e-70
0.01277,6.4296261027423e-42,-1.39329466191123e-41,1.28890176500571e-81,-1.12641242456169e-36,-4.7563829251738e-36,1.28962727479782e-70
0.01278,-2.24279771687269e-40,4.58159139151408e-39,2.76012863426533e-78,-1.10435256009037e-36,-5.43251717554274e-36,1.36339790074136e-70
0.01279,-4.12676207928926e-40,8.33155516481559e-39,8.92529327234031e-78,-1.06153051171588e-36,-5.85406076903308e-36,1.36183429860282e-70
0.0128,-5.58759682622227e-40,1.12359583732854e-38,1.61081002746327e-77,-9.979462794382e-37,-6.02101370564482e-36,1.28505572502278e-70
0.01281,-6.62530195767186e-40,1.32948010169238e-38,2.24605819808328e-77,-9.13599863257327e-37,-5.93337598537792e-36,1.13960358043148e-70
0.01282,-7.23987747363768e-40,1.450808309573e-38,2.6675485611674e-77,-8.08491263173287e-37,-5.59114760823242e-36,9.38441409048935e-71
0.01283,-7.43132337411995e-40,1.48758046097046e-38,2.79862732689397e-77,-6.82620479186043e-37,-4.9943285742082e-36,7.00954898884729e-71
0.01284,-7.19963965911858e-40,1.43979655588473e-38,2.61671219354585e-77,-6.19151354604589e-37,-4.88387297504021e-36,6.15237674956822e-71
0.01285,-7.76448052153547e-40,1.55181696387928e-38,3.0361283252384e-77,-5.76062631579814e-37,-4.88538946823767e-36,5.68347501147211e-71
0.01286,-8.15027049591347e-40,1.62818301915889e-38,3.3393266087949e-77,-5.32007429726677e-37,-4.80868652659676e-36,5.14374138661585e-71
0.01287,-8.33868527789848e-40,1.66522340750184e-38,3.49052151618659e-77,-4.8698574904518e-37,-4.65376415011748e-36,4.54682621362462e-71
0.01288,-8.32972486749048e-40,1.66293812890813e-38,3.47890699400676e-77,-4.40997589535321e-37,-4.42062233879982e-36,3.90869720235013e-71
0.01289,-8.12338926468947e-40,1.62132718337778e-38,3.30530472565476e-77,-3.94042951197101e-37,-4.1092610926438e-36,3.24763943387061e-71
0.0129,-7.71967846949537e-40,1.54039057091075e-38,2.98216413133602e-77,-3.46121834030512e-37,-3.71968041164934e-36,2.58425536049069e-71
0.01291,-7.11859248190832e-40,1.42012829150707e-38,2.53356236806227e-77,-2.9723423803557e-37,-3.25188029581656e-36,1.94146480574188e-71
0.01292,-6.32013130192811e-40,1.26054034516672e-38,1.99520432965108e-77,-2.47380163212259e-37,-2.70586074514532e-36,1.34450496438178e-71
0.01293,-5.32429492955501e-40,1.06162673188973e-38,1.4144226467265e-77,-1.96559609560595e-37,-2.08162175963579e-36,8.20930402394908e-72
0.01294,-4.13108336478891e-40,8.23387451676089e-39,8.50177686718394e-78,-1.60370579241256e-37,-1.74803945328448e-36,5.62995745736945e-72
0.01295,-3.77215108659695e-40,7.51587449638341e-39,7.07887810359214e-78,-1.3093167037759e-37,-1.51872707815048e-36,4.00748736740017e-72
0.01296,-3.42229960481141e-40,6.81639719663439e-39,5.81850990433474e-78,-1.04239115549506e-37,-1.2989998052375e-36,2.74648871210536e-72
0.01297,-3.06602915665451e-40,6.10452812140832e-39,4.66324065335228e-78,-8.02929147570054e-38,-1.08885763454554e-36,1.79265209057372e-72
0.01298,-2.70333974212619e-40,5.38026727070508e-39,3.61951072543854e-78,-5.90930680000838e-38,-8.88300566074557e-37,1.09580853502571e-72
0.01299,-2.33423136122658e-40,4.64361464452492e-39,2.69386875482757e-78,-4.0639575278749e-38,-6.97328599824626e-37,6.09929510813936e-73
0.013,-1.95870401395556e-40,3.89457024286758e-39,1.89297163519245e-78,-2.49324365929945e-38,-5.15941735795681e-37,2.931269164224e-73
0.01301,-1.57675770031324e-40,3.13313406573332e-39,1.2235845196466e-78,-1.19716519428257e-38,-3.44139973987784e-37,1.07653083467233e-73
0.01302,-1.18839242029957e-40,2.35930611312201e-39,6.92580820742676e-79,-1.75722132823966e-39,-1.81923314400903e-37,1.99007766962172e-74
0.01303,-7.9360817391454e-41,1.57308638503366e-39,3.0694221047325e-79,5.71085525076356e-39,-2.92917570350373e-38,4.03193989029771e-76
0.01304,-3.92404961158159e-41,7.74474881468257e-40,7.37586202705898e-80,1.50828423812237e-38,8.55595905478386e-38,2.80533927336981e-74
0.01305,-1.72868753627731e-41,3.36853171916963e-40,1.35948627507328e-80,2.40090414500962e-38,1.76877230647325e-37,8.72192255859304e-74
0.01306,1.54464196371139e-42,-3.8438724924262e-41,2.65516010606739e-82,3.12958010104471e-38,2.51898414027951e-37,1.60021103522276e-73
0.01307,1.75366396163423e-41,-3.57010561032215e-40,1.66510681799571e-80,3.69431210622772e-38,3.10623140689725e-37,2.31919357466441e-73
0.01308,3.06891175951141e-41,-6.18862336406785e-40,4.91339134474039e-80,4.09510016055844e-38,3.53051410632625e-37,2.91588457002827e-73
0.01309,4.10020759000313e-41,-8.23994051048063e-40,8.65275283784819e-80,4.33194426403703e-38,3.79183223856668e-37,3.30917010376617e-73
0.0131,4.84755145310903e-41,-9.72405704955978e-40,1.20076471915604e-79,4.4048444166634e-38,3.89018580361843e-37,3.45007764493695e-73
0.01311,5.31094334882932e-41,-1.06409729813057e-39,1.43456385378106e-79,4.31380061843761e-38,3.82557480148157e-37,3.32177604920704e-73
0.01312,5.49038327716399e-41,-1.09906883057184e-39,1.52773992462213e-79,4.05881286935965e-38,3.5979992321561e-37,2.93957555885014e-73
0.01313,5.38587123811306e-41,-1.07732030227979e-39,1.46567099241054e-79,3.63988116942952e-38,3.20745909564202e-37,2.35092780274728e-73
0.01314,4.99740723167651e-41,-9.98851713254414e-40,1.25804594164655e-79,3.55810119282854e-38,3.13096948076441e-37,2.24351336586526e-73
0.01315,5.24282235112573e-41,-1.04737270372703e-39,1.3818617848792e-79,3.560277924824e-38,3.1275028778763e-37,2.24265839269933e-73
0.01316,5.38796301322335e-41,-1.07593783717908e-39,1.45712022042867e-79,3.51778780747773e-38,3.07461684519229e-37,2.17917737075649e-73
0.01317,5.41903955824731e-41,-1.08178702687454e-39,1.47205164689781e-79,3.43063084078974e-38,2.97231138271234e-37,2.05576806985817e-73
0.01318,5.33605198619759e-41,-1.06492027281341e-39,1.42571526572672e-79,3.29880702476004e-38,2.82058649043649e-37,1.87778991358477e-73
0.01319,5.1390002970742e-41,-1.02533757499568e-39,1.32104647567907e-79,3.12231635938862e-38,2.61944216836473e-37,1.65326397927547e-73
0.0132,4.82788449087715e-41,-9.63038933421358e-40,1.16485687284212e-79,2.90115884467548e-38,2.36887841649707e-37,1.39287299802838e-73
0.01321,4.40270456760644e-41,-8.78024348090442e-40,9.67834250626716e-80,2.63533448062063e-38,2.0688952348335e-37,1.10996135470046e-73
0.01322,3.86346052726206e-41,-7.70293819002934e-40,7.44542599767301e-80,2.32484326722407e-38,1.71949262337401e-37,8.20535087907566e-74
0.01323,3.21015236984401e-41,-6.39847346158832e-40,5.13422108321889e-80,1.96968520448578e-38,1.32067058211862e-37,5.43261890024439e-74
0.01324,2.44278009535216e-41,-4.86684929558109e-40,2.96789161672051e-80,1.76775633649836e-38,1.10690427728525e-37,4.14746163454552e-74
0.01325,2.19072170139069e-41,-4.36293595305849e-40,2.38325368543908e-80,1.61906320017431e-38,9.59717445310111e-38,3.33816163699332e-74
0.01326,1.95055110494796e-41,-3.88298938415955e-40,1.88618209954621e-80,1.47280892257179e-38,8.18923914807081e-38,2.63686552957234e-74
0.01327,1.71281241758545e-41,-3.40815619197735e-40,1.45176388857386e-80,1.32899350369084e-38,6.84523685776207e-38,2.0359568548039e-74
0.01328,1.47750563930311e-41,-2.93843637651179e-40,1.0780744240314e-80,1.18761694353144e-38,5.56516758217464e-38,1.52805335481098e-74
0.01329,1.24463077010096e-41,-2.47382993776288e-40,7.63210825659785e-81,1.04867924209358e-38,4.34903132130853e-38,1.1060069713187e-74
0.0133,1.01418780997898e-41,-2.01433687573061e-40,5.0529196143148e-81,9.12180399377277e-39,3.19682807516373e-38,7.62903845654195e-75
0.01331,7.86176758937181e-42,-1.559957190415e-40,3.02458447550462e-81,7.78120415382519e-39,2.10855784374024e-38,4.92064318746622e-75
0.01332,5.6059761697552e-42,-1.11069088181595e-40,1.52872648452196e-81,6.46499290109285e-39,1.08422062703789e-38,2.8704293112712e-75
0.01333,3.37450384094075e-42,-6.66537949933632e-41,5.47186768037285e-82,5.17317023557622e-39,1.23816425057037e-39,1.41628422928946e-75
0.01334,1.1673506029277e-42,-2.27498394767885e-41,6.20239350353086e-83,4.17253807526765e-39,-6.03061028308403e-39,6.45763356433224e-76
0.01335,-1.38723107631587e-43,3.275060244646e-42,1.7915715346945e-84,3.32828600563477e-39,-1.18210452620014e-38,2.35843491001062e-76
0.01336,-1.24501932869152e-42,2.53129727514089e-41,8.35005843405079e-83,2.57193007495903e-39,-1.65684617352643e-38,4.51763394882945e-77
0.01337,-2.16471066702869e-42,4.36248337699352e-41,2.4385323036928e-82,1.90347028324043e-39,-2.02728597028727e-38,2.57811577753378e-78
0.01338,-2.8977971226431e-42,5.82106433002247e-41,4.3147317236898e-82,1.32290663047898e-39,-2.29342391648267e-38,4.79702310980811e-77
0.01339,-3.44427869553474e-42,6.90704013422776e-41,6.05467366931227e-82,8.30239116674671e-40,-2.45526001211262e-38,1.32379294025926e-76
0.0134,-3.80415538570361e-42,7.62041078960939e-41,7.35426064491291e-82,4.25467741827506e-40,-2.51279425717712e-38,2.17937110483747e-76
0.01341,-3.97742719314973e-42,7.96117629616737e-41,8.01422809328095e-82,1.08592505937438e-40,-2.46602665167616e-38,2.77880683740916e-76
0.01342,-3.96409411787304e-42,7.9293366539016e-41,7.94014439564186e-82,-1.20386590995423e-40,-2.31495719560975e-38,2.96552214413468e-76
0.01343,-3.76415615987354e-42,7.52489186281205e-41,7.14241087165779e-82,-2.61469548971158e-40,-2.05958588897784e-38,2.69399100464151e-76
0.01344,-3.37761331915129e-42,6.74784192289888e-41,5.73626177942777e-82,-4.93443494001762e-40,-2.00695013836424e-38,3.12720159079708e-76
0.01345,-3.46360766289288e-42,6.91655603436034e-41,6.02140911822212e-82,-7.2597037022867e-40,-2.00190922975144e-38,3.72329872088607e-76
0.01346,-3.49490546145539e-42,6.97649869556512e-41,6.12181754482189e-82,-9.13158270285623e-40,-1.96565137990195e-38,4.14794179113951e-76
0.01347,-3.46160364565594e-42,6.90786249010322e-41,5.99826351046366e-82,-1.05500719417262e-39,-1.89817658881578e-38,4.36621242895161e-76
0.01348,-3.36370221549453e-42,6.71064741797464e-41,5.65759355717493e-82,-1.15151714188966e-39,-1.79948485649291e-38,4.3608363558693e-76
0.01349,-3.20120117097114e-42,6.38485347917931e-41,5.11905945446476e-82,-1.20268811343676e-39,-1.66957618293333e-38,4.13218338759218e-76
0.0135,-2.97410051208581e-42,5.93048067371734e-41,4.4143181993242e-82,-1.20852010881388e-39,-1.50845056813708e-38,3.69826743397271e-76
0.01351,-2.68240023883847e-42,5.34752900158858e-41,3.58743201622558e-82,-1.16901312802104e-39,-1.3161080121041e-38,3.09474649901587e-76
0.01352,-2.32610035122921e-42,4.63599846279322e-41,2.69486835712343e-82,-1.08416717105825e-39,-1.09254851483446e-38,2.37492268087969e-76
0.01353,-1.905200849258e-42,3.79588905733118e-41,1.80549990145355e-82,-9.53982237925501e-40,-8.37772076328139e-39,1.60974217187465e-76
0.01354,-1.41970173292484e-42,2.82720078520246e-41,1.00060455613355e-82,-9.22431418252214e-40,-7.00803734673687e-39,1.32170057945408e-76
0.01355,-1.24775365399928e-42,2.48361423594964e-41,7.71460134914686e-83,-9.16767589227091e-40,-6.06343704503636e-39,1.16413632060833e-76
0.01356,-1.0868819436283e-42,2.16227632528988e-41,5.84143099851569e-83,-9.00035071546567e-40,-5.16139548991227e-39,1.00682559357775e-76
0.01357,-9.31405198283809e-43,1.85186362024629e-41,4.27959431497776e-83,-8.72233865210642e-40,-4.3019126813646e-39,8.5195957356521e-77
0.01358,-7.81323417965789e-43,1.55237612081882e-41,3.00313466705794e-83,-8.33363970219309e-40,-3.48498861939321e-39,7.01872354553307e-77
0.01359,-6.36636602674288e-43,1.26381382700759e-41,1.98702166180537e-83,-7.83425386572579e-40,-2.71062330399839e-39,5.59040949304483e-77
0.0136,-4.97344752409258e-43,9.86176738812494e-42,1.20715114479212e-83,-7.22418114270438e-40,-1.97881673517987e-39,4.2608528936084e-77
0.01361,-3.63447867170747e-43,7.19464856233623e-42,6.40345200114528e-84,-6.50342153312904e-40,-1.2895689129379e-39,3.05768225044331e-77
0.01362,-2.3494594695873e-43,4.63678179270932e-42,2.64352150392231e-84,-5.6719750369997e-40,-6.42879837272349e-40,2.00995525456605e-77
0.01363,-1.11838991773207e-43,2.18816707924419e-42,5.78465567686886e-85,-4.72984165431634e-40,-3.87495081832211e-41,1.1481587847909e-77
0.01364,5.87299838582152e-45,-1.51195578059146e-43,4.29218911048556e-87,-4.18956256677625e-40,4.21199724119544e-40,7.18804142946255e-78
0.01365,8.22860318956684e-44,-1.67311988968143e-42,3.6485616432708e-85,-3.79215954180311e-40,7.88315883145924e-40,4.58344073277992e-78
0.01366,1.46118948524978e-43,-2.94406901628701e-42,1.11014122534363e-84,-3.4060711355921e-40,1.08868386430315e-39,2.74314848546957e-78
0.01367,1.97911176313115e-43,-3.97468287629153e-42,2.01073645069492e-84,-3.03129734814335e-40,1.32230366759113e-39,1.50627351814803e-78
0.01368,2.37662715260097e-43,-4.76496146969535e-42,2.88031218821772e-84,-2.66783817945675e-40,1.48917529300993e-39,7.30209902702416e-79
0.01369,2.65373565365912e-43,-5.31490479649818e-42,3.57612216799689e-84,-2.31569362953242e-40,1.5892987405595e-39,2.90636952292277e-79
0.0137,2.81043726630567e-43,-5.62451285670018e-42,3.99900350236632e-84,-1.97486369837029e-40,1.62267401023987e-39,8.15192213484043e-80
0.01371,2.84673199054061e-43,-5.69378565030136e-42,4.09337668590838e-84,-1.64534838597036e-40,1.58930110205105e-39,1.51065055734424e-80
0.01372,2.76261982636396e-43,-5.52272317730172e-42,3.84724559545403e-84,-1.32714769233263e-40,1.48918001599303e-39,2.19338419417124e-80
0.01373,2.5581007737757e-43,-5.11132543770125e-42,3.29219749008283e-84,-1.02026161745711e-40,1.32231075206581e-39,5.0821508699213e-80
0.01374,2.23317483277584e-43,-4.45959243149996e-42,2.50340301112294e-84,-7.77047817262209e-41,1.28628571546924e-39,1.32680635036718e-79
0.01375,2.24535250648446e-43,-4.48207924768922e-42,2.52668129680211e-84,-5.71050869870009e-41,1.28126486661917e-39,2.53832456069108e-79
0.01376,2.22868086772701e-43,-4.44725270922429e-42,2.48586559999319e-84,-3.8883136972092e-41,1.25652927201087e-39,3.77205773989589e-79
0.01377,2.17628619626951e-43,-4.34137237566191e-42,2.36748019013835e-84,-2.30389316814877e-41,1.21207893164433e-39,4.82122646118514e-79
0.01378,2.08816849211198e-43,-4.1644382470021e-42,2.17725028579299e-84,-9.57247111519371e-42,1.14791384551957e-39,5.53596803342275e-79
0.01379,1.96432775525442e-43,-3.91645032324486e-42,1.92468417787912e-84,1.51624472679309e-42,1.06403401363657e-39,5.82333650113431e-79
0.0138,1.80476398569682e-43,-3.59740860439019e-42,1.6230732296855e-84,1.02272158444726e-41,9.60439435995334e-40,5.64730264450633e-79
0.01381,1.60947718343918e-43,-3.20731309043809e-42,1.28949187686757e-84,1.6560442237845e-41,8.37130112595871e-40,5.0287539793864e-79
0.01382,1.3784673484815e-43,-2.74616378138855e-42,9.44797627447472e-85,2.051592390691e-41,6.94106043438175e-40,4.04549475728322e-79
0.01383,1.11173448082374e-43,-2.21396067724147e-42,6.13631061814011e-85,2.20936608516679e-41,5.31367228522217e-40,2.83224596536638e-79
0.01384,8.0927858046599e-44,-1.61070377799706e-42,3.24415832722859e-85,2.66067459210588e-41,4.43617485052363e-40,2.52180319521008e-79
0.01385,6.94703166462528e-44,-1.38186040230169e-42,2.38505595830525e-85,3.13705647959438e-41,3.83004605101399e-40,2.43194644527856e-79
0.01386,5.89152536558602e-44,-1.17111071026636e-42,1.71073161529301e-85,3.50213282019457e-41,3.25219574349859e-40,2.28718018446121e-79
0.01387,4.89267231194655e-44,-9.71761920630607e-43,1.17597474784552e-85,3.75590361390654e-41,2.70262392797732e-40,2.0926823064421e-79
0.01388,3.95047250370687e-44,-7.83814033394436e-43,7.63501174414447e-86,3.8983688607303e-41,2.18133060445018e-40,1.85573591923294e-79
0.01389,3.06492594086697e-44,-6.07267048557846e-43,4.57023247823587e-86,3.92952856066584e-41,1.68831577291716e-40,1.58572934517308e-79
0.0139,2.23603262342685e-44,-4.42120966120837e-43,2.41249855268895e-86,3.84938271371316e-41,1.22357943337828e-40,1.29415612092945e-79
0.01391,1.46379255138653e-44,-2.88375786083409e-43,1.01886418318473e-86,3.65793131987227e-41,7.87121585833529e-41,9.94614997496628e-80
0.01392,7.48205724745874e-45,-1.46031508445539e-43,2.56348929125662e-87,3.35517437914309e-41,3.78942230282837e-41,7.02809940196759e-80
0.01393,8.92721435051343e-46,-1.50881332072757e-44,1.93769363601043e-89,2.94111189152574e-41,-9.5863327365148e-44,4.36550128679757e-80
0.01394,-5.13008192335917e-45,1.04454339631426e-43,1.4258072356117e-87,2.78984715262897e-41,-2.91950360084538e-41,3.15866042877703e-80
0.01395,-9.51881965739745e-45,1.91818981740702e-43,4.71405828480412e-87,2.71235220966082e-41,-5.24668570814829e-41,2.42976412438349e-80
0.01396,-1.31273888598963e-44,2.63624816483196e-43,8.84454822504818e-87,2.61260049644497e-41,-7.14676220105408e-41,1.83518668612964e-80
0.01397,-1.59718283415572e-44,3.20184000173755e-43,1.30021727776449e-86,2.49059201298139e-41,-8.61973307956276e-41,1.35721468605447e-80
0.01398,-1.80521381023801e-44,3.6149653281238e-43,1.65389426274834e-86,2.3463267592701e-41,-9.66559834367431e-41,9.79404629834015e-81
0.01399,-1.9368318142365e-44,3.8756241439907e-43,1.89821443634005e-86,2.17980473531109e-41,-1.02843579933888e-40,6.86582956781317e-81
0.014,-1.9920368461512e-44,3.98381644933826e-43,2.00343404781812e-86,1.99102594110433e-41,-1.04760120287061e-40,4.64846039846435e-81
0.01401,-1.97082890598209e-44,3.93954224416644e-43,1.95733693685576e-86,1.77999037664988e-41,-1.02405604496262e-40,3.01560185616566e-81
0.01402,-1.87320799372915e-44,3.74280152847522e-43,1.765234533521e-86,1.54669804194768e-41,-9.57800325614906e-41,1.85361634315801e-81
0.01403,-1.69917410939243e-44,3.39359430226468e-43,1.44996585827676e-86,1.2911489369978e-41,-8.48834044827488e-41,1.06156559805369e-81
0.01404,-1.44872725297191e-44,2.89192056553479e-43,1.05189752198062e-86,1.1321051984656e-41,-8.24293597309687e-41,5.37823018050464e-82
0.01405,-1.43107963406996e-44,2.85558602946843e-43,1.02484917986082e-86,1.00955836391147e-41,-8.19939152246433e-41,2.30737631669538e-82
0.01406,-1.39889897845363e-44,2.7904210369959e-43,9.77951411464462e-87,8.93024018176312e-42,-8.03136751147472e-41,8.02731987215584e-83
0.01407,-1.34753962617151e-44,2.68714356379521e-43,9.06348670068971e-87,7.82502161260112e-42,-7.73886394012804e-41,3.09866388451362e-83
0.01408,-1.27700157722362e-44,2.54575360986635e-43,8.1301952530869e-87,6.77992793162873e-42,-7.32188080842428e-41,3.76693574123886e-83
0.01409,-1.18728483160993e-44,2.36625117520929e-43,7.02029046026878e-87,5.79495913884579e-42,-6.78041811636336e-41,6.53472455289446e-83
0.0141,-1.07838938933048e-44,2.14863625982409e-43,5.78528800275792e-87,4.87011523425264e-42,-6.11447586394544e-41,8.92806800339234e-83
0.01411,-9.50315250385219e-45,1.89290886371068e-43,4.48756855316547e-87,4.00539621784896e-42,-5.32405405117031e-41,9.49645234999677e-83
0.01412,-8.03062414774202e-45,1.59906898686914e-43,3.20037777619282e-87,3.20080208963504e-42,-4.40915267803823e-41,7.81281242332228e-83
0.01413,-6.36630882497406e-45,1.26711662929943e-43,2.00782632863003e-87,2.45633284961075e-42,-3.36977174454909e-41,4.47353162733474e-83
0.01414,-4.5102065355483e-45,8.97051791001562e-44,1.00488985935678e-87,1.81458706051083e-42,-2.80766788662938e-41,5.09568394603017e-83
0.01415,-3.76184059242853e-45,7.47640903354277e-44,6.96976657507514e-88,1.25404040218052e-42,-2.41878383907078e-41,6.86176723540969e-83
0.01416,-3.0817499186172e-45,6.11902197913331e-44,4.65999669760038e-88,7.63758478287372e-43,-2.04865792217128e-41,8.28399925512368e-83
0.01417,-2.45041024171012e-45,4.85947921188734e-44,2.93182920329876e-88,3.43741288831317e-43,-1.69729013593083e-41,9.16638031110446e-83
0.01418,-1.8678215617075e-45,3.69778073180529e-44,1.69181906904439e-88,-6.01116618749793e-45,-1.36468048034954e-41,9.39397975613808e-83
0.01419,-1.33398387860915e-45,2.63392653888676e-44,8.5382302494676e-89,-2.85498886769195e-43,-1.05082895542731e-41,8.93293598986515e-83
0.0142,-8.48897192415245e-46,1.66791663313211e-44,3.38999554352536e-89,-4.94721872913678e-43,-7.55735561164235e-42,7.83045645878055e-83
0.01421,-4.12561503125696e-46,7.99751014541161e-45,7.58088938443797e-90,-6.33680124621001e-43,-4.79400297560264e-42,6.2148176562331e-83
0.01422,-2.49768107405009e-47,2.94296831139038e-46,1.30332415607413e-93,-7.02373641891164e-43,-2.21823164615398e-42,4.2953651224258e-83
0.01423,3.13856884740341e-46,-6.43047361149658e-45,5.46757155997912e-90,-7.00802424724167e-43,1.69958376703654e-43,2.3625134444158e-83
0.01424,6.0393958331683e-46,-1.21768011824953e-44,1.90162437211221e-89,-8.00572487673071e-43,2.0106120193879e-42,1.82911472401481e-83
0.01425,8.50713399086596e-46,-1.70860787746999e-44,3.71610034457286e-89,-9.14974266832586e-43,3.48560838174914e-42,1.64597975626699e-83
0.01426,1.04982530065375e-45,-2.10452092183966e-44,5.6170209248383e-89,-9.99959135777486e-43,4.6873423988217e-42,1.46099536375619e-83
0.01427,1.20119352471544e-45,-2.40520682012854e-44,7.32038337184847e-89,-1.05552709450774e-42,5.61581407060516e-42,1.27561858310055e-83
0.01428,1.30481807127173e-45,-2.61066557233674e-44,8.61131599014459e-89,-1.08167814302337e-42,6.27102339709985e-42,1.09169718504478e-83
0.01429,1.36069894032258e-45,-2.7208971784642e-44,9.34327131552762e-89,-1.07841228132437e-42,6.65297037830553e-42,9.11469674460325e-84
0.0143,1.36883613186801e-45,-2.73590163851095e-44,9.43802611505999e-89,-1.04572950941074e-42,6.76165501422235e-42,7.37565290345242e-84
0.01431,1.32922964590802e-45,-2.655678952477e-44,8.8856813870646e-89,-9.83629827282477e-43,6.5970773048503e-42,5.73004005824259e-84
0.01432,1.24187948244262e-45,-2.48022912036233e-44,7.7446623611251e-89,-8.92113234939592e-43,6.1592372501894e-42,4.2119652814877e-84
0.01433,1.10678564147179e-45,-2.20955214216697e-44,6.14171849808583e-89,-7.7117973238208e-43,5.44813485023962e-42,2.85944298696827e-84
0.01434,9.23948122995514e-46,-1.84364801789083e-44,4.27192349005158e-89,-7.23461190339654e-43,5.28165352938839e-42,2.16872125226813e-84
0.01435,8.9780477026949e-46,-1.79080200752313e-44,4.02752299898907e-89,-6.97099491968717e-43,5.24653087816417e-42,1.72986196610444e-84
0.01436,8.64830097748554e-46,-1.72443540959928e-44,3.73200301570848e-89,-6.65750613460591e-43,5.13282879204271e-42,1.38393243912437e-84
0.01437,8.21952594439751e-46,-1.63841407280782e-44,3.36682703167017e-89,-6.29414554815287e-43,4.94054727102402e-42,1.11419548882975e-84
0.01438,7.69172260343077e-46,-1.53273799714874e-44,2.94474447042198e-89,-5.880913160328e-43,4.66968631510812e-42,9.0646093328725e-85
0.01439,7.0648909545853e-46,-1.40740718262205e-44,2.48138716666495e-89,-5.4178089711313e-43,4.32024592429498e-42,7.49085591128666e-85
0.0144,6.33903099786113e-46,-1.26242162922774e-44,1.99526936625327e-89,-4.90483298056277e-43,3.89222609858462e-42,6.32973281550839e-85
0.01441,5.51414273325824e-46,-1.09778133696582e-44,1.50778772619431e-89,-4.34198518862241e-43,3.38562683797702e-42,5.51574824315661e-85
0.01442,4.59022616077663e-46,-9.13486305836273e-45,1.04322131464859e-89,-3.72926559531022e-43,2.80044814247221e-42,5.00888039750068e-85
0.01443,3.56728128041612e-46,-7.09536535839075e-45,6.28731610929707e-90,-3.06667420062608e-43,2.13669001207004e-42,4.79457748746046e-85
0.01444,2.44530809217707e-46,-4.85932026974293e-45,2.94362505504646e-90,-2.64625258866392e-43,1.77666527401642e-42,4.13104312712976e-85
0.01445,1.96506515114076e-46,-3.90089899770793e-45,1.89303374599865e-90,-2.32043717626512e-43,1.52719784056025e-42,3.41536465299713e-85
0.01446,1.53403543373485e-46,-3.04094332831433e-45,1.14715202493274e-90,-2.01426537734638e-43,1.29015388493126e-42,2.82455051775711e-85
0.01447,1.14108964995681e-46,-2.2573050477555e-45,6.29478835087641e-91,-1.72773719190766e-43,1.06553340712939e-42,2.34182305308832e-85
0.01448,7.86227799806623e-47,-1.54998415603144e-45,2.94752656602846e-91,-1.46085261994894e-43,8.53336407154657e-43,1.9520842629001e-85
0.01449,4.69449883284303e-47,-9.18980653142138e-46,1.02140872489067e-91,-1.21361166147022e-43,6.53562885007048e-43,1.64191582333232e-85
0.0145,1.90755900389846e-47,-3.64294539087606e-46,1.52397686282036e-92,-9.86014316471518e-44,4.66212840686568e-43,1.3995790827554e-85
0.01451,-4.98541488767863e-48,1.14074186132236e-46,2.07453377334684e-93,-7.78060584952786e-44,2.91286274193187e-43,1.21501506177027e-85
0.01452,-2.5238026451551e-47,5.16125522517224e-46,3.509925954878e-92,-5.89750466914099e-44,1.28783185526966e-43,1.07984445320849e-85
0.01453,-4.16822446526395e-47,8.41859470067496e-46,9.11969404499801e-92,-4.21083962355393e-44,-2.12964253121514e-44,9.87367622132078e-86
0.01454,-5.43180694909386e-47,1.09127602878294e-45,1.51679473843592e-91,-2.68235097412803e-44,-1.37704260648756e-43,8.27531315491354e-86
0.01455,-6.78456244261961e-47,1.36017494139481e-45,2.34671705387144e-91,-1.33137070792173e-44,-2.31176719378687e-43,6.64508962524244e-86
0.01456,-7.8505380602906e-47,1.5719280298919e-45,3.12667069481677e-91,-1.67719511807989e-45,-3.07167912938015e-43,5.246992427439e-86
0.01457,-8.62267225193352e-47,1.7250959816781e-45,3.75954255346725e-91,8.08602614213192e-45,-3.6567784132674e-43,4.0593218820976e-86
0.01458,-9.10096501754835e-47,1.81967879675342e-45,4.17811353899978e-91,1.59759567014182e-44,-4.06706504544861e-43,3.06190105741534e-86
0.01459,-9.2854163571351e-47,1.85567647511785e-45,4.34100453064918e-91,2.19925965597788e-44,-4.30253902592379e-43,2.23607576919209e-86
0.0146,-9.17602627069373e-47,1.83308901677137e-45,4.23267637770826e-91,2.61359457172145e-44,-4.36320035469293e-43,1.56471458083029e-86
0.01461,-8.77279475822428e-47,1.75191642171401e-45,3.86342989952778e-91,2.84060041737236e-44,-4.24904903175601e-43,1.03220880333549e-86
0.01462,-8.0757218197266e-47,1.61215868994574e-45,3.26940588551636e-91,2.88027719293072e-44,-3.96008505711299e-43,6.24472495315528e-87
0.01463,-7.08480745520094e-47,1.41381582146659e-45,2.51258509514089e-91,2.73262489839649e-44,-3.49630843076397e-43,3.28942462981324e-87
0.01464,-5.8000516646472e-47,1.15688781627656e-45,1.68078825792592e-91,2.88723869891761e-44,-3.38377978262652e-43,1.6495726042805e-87
0.01465,-5.54768192493587e-47,1.10612626831831e-45,1.53536702625584e-91,3.09673458892334e-44,-3.35668973575802e-43,8.17371647540919e-88
0.01466,-5.26687706595021e-47,1.04976200482575e-45,1.38190360436176e-91,3.23544101438728e-44,-3.2800066117842e-43,5.33334390235692e-88
0.01467,-4.93771160711644e-47,9.83817350148211e-46,1.21291683686403e-91,3.30335797530945e-44,-3.15373041070507e-43,6.57550736099219e-88
0.01468,-4.56018554843448e-47,9.08292304285682e-46,1.03315536829076e-91,3.30048547168982e-44,-2.97786113252058e-43,1.06509253856373e-87
0.01469,-4.13429888990446e-47,8.2318686723819e-46,8.4805011976914e-92,3.2268235035284e-44,-2.7523987772308e-43,1.64601360075896e-87
0.0147,-3.66005163152625e-47,7.28501039005703e-46,6.63714289025173e-92,3.08237207082517e-44,-2.47734334483565e-43,2.30534967551267e-87
0.01471,-3.13744377329999e-47,6.24234819588256e-46,4.86943350383949e-92,2.86713117358018e-44,-2.15269483533523e-43,2.96311846535e-87
0.01472,-2.56647531522562e-47,5.10388208985833e-46,3.25215054769428e-92,2.5811008117934e-44,-1.77845324872949e-43,3.55431962249415e-87
0.01473,-1.94714625730313e-47,3.86961207198432e-46,1.86689429704555e-92,2.22428098546484e-44,-1.35461858501844e-43,4.02893474886597e-87
0.01474,-1.27945659953253e-47,2.53953814226056e-46,8.0208779311236e-93,2.05880297949247e-44,-1.12405341032649e-43,4.58071727069835e-87
0.01475,-9.76230534402935e-48,1.93462991215116e-46,4.64029813915599e-93,1.95221636981242e-44,-9.64043452357057e-44,5.07298601168944e-87
0.01476,-7.07258764816835e-48,1.3982112389489e-46,2.41208735556661e-93,1.83723608443646e-44,-8.12249623079182e-44,5.42175805132639e-87
0.01477,-4.66338945723068e-48,9.17947727287742e-47,1.03062605854655e-93,1.71386212336457e-44,-6.68671922492837e-44,5.60897894888664e-87
0.01478,-2.53471077121718e-48,4.9383937716786e-47,2.92096977682223e-94,1.58209448659678e-44,-5.33310350598073e-44,5.62489196783881e-87
0.01479,-6.86551590127114e-49,1.25886188589106e-47,1.66126302748237e-95,1.44193317413306e-44,-4.06164907394841e-44,5.46803807584276e-87
0.0148,8.81088086038883e-49,-1.85911838448394e-47,4.82153213415057e-95,1.29337818597345e-44,-2.87235592883186e-44,5.14525594474962e-87
0.01481,2.16820825728115e-48,-4.41554703944706e-47,2.54877143614818e-94,1.13642952211793e-44,-1.76522407063085e-44,4.67168195060163e-87
0.01482,3.1748089235997e-48,-6.41042407899832e-47,5.28499977542947e-94,9.71087182566494e-45,-7.4025349934538e-45,4.07075017363227e-87
0.01483,3.90089008499451e-48,-7.84374950313772e-47,7.84915491289632e-94,7.97351167319148e-45,2.02555785024545e-45,3.37419239826622e-87
0.01484,4.34645174146561e-48,-8.71552331186525e-47,9.63885140734164e-94,6.79763096166045e-45,9.38609413625335e-45,3.01557465055556e-87
0.01485,5.06458467601127e-48,-1.01415043483107e-46,1.30158067691931e-93,5.85711200106367e-45,1.53086277538387e-44,2.74626144536776e-87
0.01486,5.61288332711671e-48,-1.12292208290283e-46,1.59291457639085e-93,4.98628637316948e-45,2.0112973298228e-44,2.46074040991679e-87
0.01487,5.98303795920176e-48,-1.19619093921204e-46,1.80524355217916e-93,4.18515407797757e-45,2.37991307694231e-44,2.1637630947586e-87
0.01488,6.17504857226631e-48,-1.23395700375868e-46,1.91913185725475e-93,3.45371511548822e-45,2.63671001674226e-44,1.86062798861471e-87
0.01489,6.18891516631042e-48,-1.23622027654275e-46,1.92462532453853e-93,2.79196948570128e-45,2.78168814922272e-44,1.55718051837188e-87
0.0149,6.02463774133411e-48,-1.20298075756427e-46,1.82125136690163e-93,2.19991718861676e-45,2.81484747438371e-44,1.25981304908229e-87
0.01491,5.68221629733736e-48,-1.13423844682322e-46,1.61801897716543e-93,1.67755822423465e-45,2.7361879922252e-44,9.75464883963533e-88
0.01492,5.16165083432018e-48,-1.02999334431962e-46,1.33341872810161e-93,1.22489259255496e-45,2.54570970274722e-44,7.11622264398549e-88
0.01493,4.46294135228258e-48,-8.90245450053459e-47,9.95422772432084e-94,8.41920293577679e-46,2.24341260594974e-44,4.76318369935684e-88
0.01494,3.58608785122437e-48,-7.14994764024706e-47,6.4148484282899e-94,4.5671096343393e-46,2.16759865564474e-44,3.44454341291501e-88
0.01495,3.37689956678402e-48,-6.7301908638986e-47,5.67929851507292e-94,1.05609776265132e-46,2.14732970051052e-44,2.53792391013129e-88
0.01496,3.15883166883713e-48,-6.29316642133475e-47,4.96191825791742e-94,-1.9291984906246e-46,2.09576882855906e-44,1.81060320972645e-88
0.01497,2.91917656702872e-48,-5.81351683175453e-47,4.23121074315396e-94,-4.38877912548746e-46,2.01291603979039e-44,1.23976108211581e-88
0.01498,2.65793426135878e-48,-5.29124209515786e-47,3.50247814646231e-94,-6.3226441419378e-46,1.89877133420449e-44,8.04018680664785e-89
0.01499,2.3751047518273e-48,-4.72634221154474e-47,2.79236440890001e-94,-7.73079353997561e-46,1.75333471180136e-44,4.83438541689414e-89
0.015,2.07068803843428e-48,-4.11881718091517e-47,2.11885523690233e-94,-8.61322731960092e-46,1.57660617258101e-44,2.59524584456202e-89
0.01501,1.74468412117972e-48,-3.46866700326916e-47,1.50127810228218e-94,-8.96994548081371e-46,1.36858571654343e-44,1.15222111182141e-89
0.01502,1.39709300006356e-48,-2.77589167860658e-47,9.60302242230117e-95,-8.80094802361391e-46,1.12927334368857e-44,3.49178070346888e-90
0.01503,1.02791467508592e-48,-2.04049120692767e-47,5.17938659314614e-95,-8.10623494800158e-46,8.58669054016534e-45,4.43974013181727e-91
0.01504,6.37149146246672e-49,-1.26246558823217e-47,1.97540121481516e-95,-8.34220203277813e-46,7.11030054979237e-45,1.10675230566969e-90
0.01505,4.48611768786684e-49,-8.86504106536293e-48,9.68811123253783e-96,-8.77295757168522e-46,6.08412836133505e-45,3.99972518398913e-90
0.01506,2.83277397187908e-49,-5.56909255314437e-48,3.78384273096762e-96,-9.0246671524817e-46,5.11221943193353e-45,8.06084666907667e-90
0.01507,1.37783389225956e-49,-2.66999942639034e-48,8.44338014971049e-97,-9.09733077516755e-46,4.19457376158784e-45,1.24323203032666e-89
0.01508,1.21297449008277e-50,-1.67761685100861e-49,1.15302797351326e-99,-8.99094843974278e-46,3.33119135029795e-45,1.6420610924991e-89
0.01509,-9.36835357874763e-50,1.93762067072409e-48,5.05173923646284e-97,-8.70552014620738e-46,2.52207219806388e-45,1.94964446687801e-89
0.0151,-1.79656452838956e-49,3.6461476410845e-48,1.72661706590649e-96,-8.24104589456137e-46,1.76721630488563e-45,2.12948089652619e-89
0.01511,-2.45789006253622e-49,4.95781922598057e-48,3.15502902891737e-96,-7.5975256848046e-46,1.06662367076307e-45,2.16149525411622e-89
0.01512,-2.9208119603145e-49,5.87263542541184e-48,4.39928659708722e-96,-6.77495951693731e-46,4.20294295696456e-46,2.04203854193047e-89
0.01513,-3.18533022172457e-49,6.39059623937864e-48,5.18759676507112e-96,-5.77334739095921e-46,-1.71771820314444e-46,1.7838878918611e-89
0.01514,-3.25144484676634e-49,6.51170166788077e-48,5.36749673776938e-96,-5.28493935286524e-46,-6.37092117037434e-46,1.76748812850761e-89
0.01515,-3.61652887764955e-49,7.23555262597879e-48,6.6140628510999e-96,-4.95995337573683e-46,-1.01229078392682e-45,1.79568558387657e-89
0.01516,-3.88274418944958e-49,7.7625895879819e-48,7.60197867045975e-96,-4.62069951235295e-46,-1.31597298016833e-45,1.77287944616467e-89
0.01517,-4.04261815996315e-49,8.07779436963323e-48,8.22303732948001e-96,-4.2671777627136e-46,-1.54813870576198e-45,1.69999968445547e-89
0.01518,-4.09615078919028e-49,8.18116697093279e-48,8.427570858988e-96,-3.89938812681878e-46,-1.70878796070777e-45,1.58018456531702e-89
0.01519,-4.04334207713093e-49,8.07270739188053e-48,8.19963549561706e-96,-3.51733060466843e-46,-1.7979207450057e-45,1.4187806528019e-89
0.0152,-3.88419202378513e-49,7.75241563247649e-48,7.55701168180681e-96,-3.12100519626266e-46,-1.81553705865574e-45,1.22334280844729e-89
0.01521,-3.61870062915282e-49,7.22029169272057e-48,6.55120406580271e-96,-2.71041190160135e-46,-1.7616369016579e-45,1.0036341912748e-89
0.01522,-3.24686789323409e-49,6.47633557261295e-48,5.2674415016569e-96,-2.28555072068464e-46,-1.6362202740122e-45,7.71626257790685e-90
0.01523,-2.76869381602891e-49,5.52054727215355e-48,3.82467704922714e-96,-1.84642165351246e-46,-1.43928717571863e-45,5.4149876198564e-90
0.01524,-2.18417839753728e-49,4.35292679134238e-48,2.37558797417743e-96,-1.54080908198485e-46,-1.38835744479112e-45,4.30187873392806e-90
0.01525,-2.02426782471059e-49,4.03251925660752e-48,2.03702520798883e-96,-1.29404010294062e-46,-1.37352205301696e-45,3.56631662688861e-90
0.01526,-1.86426952773406e-49,3.71221698105693e-48,1.72483239948141e-96,-1.06818073692849e-46,-1.33894700116441e-45,2.90283702418184e-90
0.01527,-1.6962064754286e-49,3.37610867989145e-48,1.42542129031599e-96,-8.63230983948454e-47,-1.28463228923347e-45,2.31038415880014e-90
0.01528,-1.52007866779417e-49,3.02419435311102e-48,1.14273519318951e-96,-6.79190844000485e-47,-1.21057791722415e-45,1.78791948646311e-90
0.01529,-1.33588610483082e-49,2.65647400071577e-48,8.80899153804317e-97,-5.16060317084647e-47,-1.11678388513645e-45,1.33442168561787e-90
0.0153,-1.1436287865385e-49,2.27294762270556e-48,6.44219950867862e-97,-3.73839403200882e-47,-1.00325019297035e-45,9.48886657438452e-91
0.01531,-9.4330671291727e-50,1.87361521908054e-48,4.37186096093038e-97,-2.52528102349241e-47,-8.69976840725887e-46,6.30327525826429e-91
0.01532,-7.349198839671e-50,1.45847678984062e-48,2.64467834197884e-97,-1.52126414529697e-47,-7.16963828403043e-46,3.77774637410432e-91
0.01533,-5.18468299687989e-50,1.02753233498583e-48,1.30917142905765e-97,-7.26343397422491e-48,-5.44211156001817e-46,1.9027556154642e-91
0.01534,-2.93951960079937e-50,5.80781854516142e-49,4.15677329453164e-98,1.597297970471e-48,-4.49684277852617e-46,9.40540207509744e-92
0.01535,-1.78473131170046e-50,3.50604907021555e-49,1.49739374216453e-98,9.85245002813552e-48,-3.8388293695735e-46,4.07632540768624e-92
0.01536,-7.83641993424307e-51,1.51126022754974e-49,2.67784621185193e-99,1.67313302487424e-47,-3.21660906876335e-46,1.2051560196244e-92
0.01537,8.13420094725607e-52,-2.1146110642146e-50,8.49857230792365e-101,2.22339386322893e-47,-2.63018187609591e-46,1.07455645061354e-93
0.01538,8.10220696990444e-51,-1.66211493169863e-49,3.66144181453681e-99,2.6360275178778e-47,-2.07954779157099e-46,1.89578048270295e-93
0.01539,1.40299406912909e-50,-2.84070124828127e-49,1.04334292828292e-98,2.91103398882071e-47,-1.56470681518878e-46,9.48669023650228e-93
0.0154,1.85966212588864e-50,-3.74722005616967e-49,1.79872918619572e-98,3.04841327605776e-47,-1.08565894694917e-46,1.97266639572547e-92
0.01541,2.18022486726909e-50,-4.38167135536381e-49,2.44695022233158e-98,3.04816537958893e-47,-6.42404186852181e-47,2.94030001914569e-92
0.01542,2.36468229327044e-50,-4.7440551458637e-49,2.85866619756943e-98,2.91029029941423e-47,-2.34942534897798e-47,3.62109177868585e-92
0.01543,2.41303440389269e-50,-4.83437142766934e-49,2.96055016652763e-98,2.63478803553365e-47,1.36726008913975e-47,3.87535558924618e-92
0.01544,2.32528119913584e-50,-4.65262020078073e-49,2.73528807756398e-98,2.62467850588976e-47,4.30835180973083e-47,4.70252663159949e-92
0.01545,2.49938195203918e-50,-4.99699617726688e-49,3.15027295974079e-98,2.67632268640146e-47,6.68488755019792e-47,5.62969530494e-92
0.01546,2.61701749862279e-50,-5.22904037237156e-49,3.44557564943387e-98,2.68627155837585e-47,8.60407488993195e-47,6.32554640695e-92
0.01547,2.67220882706391e-50,-5.33676056492126e-49,3.5856214819365e-98,2.65452512181294e-47,1.00659138289336e-46,6.7371195486281e-92
0.01548,2.66495593736253e-50,-5.32015675491596e-49,3.56055564150863e-98,2.58108337671273e-47,1.10704043672023e-46,6.83443858859336e-92
0.01549,2.59525882951865e-50,-5.17922894235569e-49,3.3721276139785e-98,2.46594632307523e-47,1.16175465047385e-46,6.6105116330859e-92
0.0155,2.46311750353229e-50,-4.91397712724044e-49,3.03369118674248e-98,2.30911396090043e-47,1.1707340241542e-46,6.08133103596652e-92
0.01551,2.26853195940343e-50,-4.52440130957022e-49,2.57020444876515e-98,2.11058629018834e-47,1.13397855776129e-46,5.28587339871687e-92
0.01552,2.01150219713208e-50,-4.01050148934502e-49,2.01822979057927e-98,1.87036331093896e-47,1.05148825129512e-46,4.28609957043941e-92
0.01553,1.69202821671817e-50,-3.37227766656473e-49,1.42593390428569e-98,1.58844502315222e-47,9.2326310475567e-47,3.16695464785718e-92
0.01554,1.31011001816183e-50,-2.60972984122957e-49,8.53087783553751e-99,1.43769896953403e-47,8.8913959082281e-47,2.71742373461675e-92
0.01555,1.19401937157272e-50,-2.37736207000583e-49,7.07278382265927e-99,1.33077815772811e-47,8.78460747992346e-47,2.4492231237999e-92
0.01556,1.08117866537395e-50,-2.15165046928508e-49,5.78799678016677e-99,1.22331014642183e-47,8.55332702953909e-47,2.16786048620213e-92
0.01557,9.66655885343111e-51,-1.92276165219091e-49,4.61741236703153e-99,1.11529493561515e-47,8.19755455707497e-47,1.87842942244602e-92
0.01558,8.50451031480202e-51,-1.69069561872331e-49,3.566218179804e-99,1.0067325253081e-47,7.71729006253111e-47,1.58653026150908e-92
0.01559,7.32564103785226e-51,-1.45545236888228e-49,2.63966972738291e-99,8.97622915500653e-48,7.11253354590751e-47,1.29827006072377e-92
0.0156,6.12995102258182e-51,-1.21703190266783e-49,1.84309043101525e-99,7.87966106192825e-48,6.38328500720416e-47,1.02026260577744e-92
0.01561,4.91744026899071e-51,-9.7543422007995e-50,1.18187162429633e-99,6.77762097384612e-48,5.52954444642107e-47,7.59628410712357e-93
0.01562,3.68810877707871e-51,-7.306593211186e-50,6.61472553169621e-100,5.67010889075994e-48,4.55131186355805e-47,5.23994717925666e-93
0.01563,2.44195654684646e-51,-4.82707205783908e-50,2.87420375927223e-100,4.55712481267029e-48,3.44858725861565e-47,3.2149549816958e-93
0.01564,1.17898357829288e-51,-2.31577874075659e-50,6.53101632089873e-101,3.73560941333552e-48,2.84344573300736e-47,2.17117571977554e-93
0.01565,4.82308370969513e-52,-9.27781105038721e-51,1.00386085223084e-101,3.05552368395755e-48,2.42156345082065e-47,1.50459228658926e-93
0.01566,-1.14493168877553e-52,2.60835067933007e-51,1.07735191381764e-102,2.44064751743265e-48,2.0232632945492e-47,9.99303367018601e-94
0.01567,-6.20181918652287e-52,1.26742372558432e-50,2.11384106381436e-101,1.89098091376081e-48,1.64854526419301e-47,6.28200182629125e-94
0.01568,-1.03475787835469e-51,2.09198486791521e-50,5.64218073061686e-101,1.40652387294203e-48,1.29740935975209e-47,3.66551901045961e-94
0.01569,-1.35822104798476e-51,2.73451849492568e-50,9.56321153303999e-101,9.87276394976312e-49,9.6985558122642e-48,1.92005635953799e-94
0.0157,-1.59057142754249e-51,3.19502460661574e-50,1.29978458924969e-100,6.33238479863656e-49,6.65883928616013e-48,8.45864470968907e-95
0.01571,-1.73180901702793e-51,3.47350320298544e-50,1.53174513105639e-100,3.44410127603972e-49,3.85494401920774e-48,2.66973402790352e-95
0.01572,-1.78193381644097e-51,3.5699542840346e-50,1.61438503689775e-100,1.20791338197461e-49,1.28687001140898e-48,3.11926736364303e-96
0.01573,-1.74094582578168e-51,3.48437784976334e-50,1.53493207296393e-100,-3.76178883559881e-50,-1.04538273723718e-48,1.01112627362377e-96
0.01574,-1.60884504505005e-51,3.21677390017166e-50,1.30565951346125e-100,-2.48802444043097e-49,-2.9039478922717e-48,1.45676341463964e-95
0.01575,-1.68331759903148e-51,3.3634376227779e-50,1.42556943779288e-100,-4.53146594775184e-49,-4.40901521617158e-48,4.00687726394129e-95
0.01576,-1.72625068375377e-51,3.44740517119025e-50,1.49608609192716e-100,-6.20365432156387e-49,-5.62164134108904e-48,7.0111235389286e-95
0.01577,-1.73317180924086e-51,3.45971769907053e-50,1.5054997774456e-100,-7.50458956186704e-49,-6.54182626702407e-48,9.89324931415217e-95
0.01578,-1.70408097549274e-51,3.40037520641874e-50,1.4532265187916e-100,-8.43427166866137e-49,-7.16956999397667e-48,1.22095622009243e-94
0.01579,-1.63897818250941e-51,3.26937769323489e-50,1.34253252970065e-100,-8.99270064194685e-49,-7.50487252194685e-48,1.36489303473191e-94
0.0158,-1.53786343029083e-51,3.06672515951888e-50,1.18053421320022e-100,-9.17987648172348e-49,-7.54773385093456e-48,1.40327824381723e-94
0.01581,-1.40073671883707e-51,2.79241760527086e-50,9.78198161610063e-101,-8.99579918799113e-49,-7.29815398093979e-48,1.3315107695081e-94
0.01582,-1.2275980481481e-51,2.44645503049077e-50,7.50341156541828e-101,-8.44046876074993e-49,-6.75613291196259e-48,1.1582455876405e-94
0.01583,-1.01844741822392e-51,2.02883743517861e-50,5.15630168899289e-101,-7.51388519999988e-49,-5.92167064400296e-48,9.05393727726533e-95
0.01584,-7.73284829064525e-52,1.53956481933438e-50,2.96582358878292e-101,-7.35522899239186e-49,-5.69358261826782e-48,8.54062391928961e-95
0.01585,-6.92047967385192e-52,1.37709012877927e-50,2.37036033389548e-101,-7.38889185598722e-49,-5.61771287092561e-48,8.48588618753729e-95
0.01586,-6.14810927207576e-52,1.22269932116798e-50,1.8665411213695e-101,-7.3224636685776e-49,-5.46334929262589e-48,8.20065989103278e-95
0.01587,-5.38569808701521e-52,1.07040596764889e-50,1.42875137176168e-101,-7.15594443016294e-49,-5.23049188336858e-48,7.69679399780241e-95
0.01588,-4.63324611867108e-52,9.20210068222151e-51,1.05445508594187e-101,-6.88933414074345e-49,-4.91914064315396e-48,6.99573529854846e-95
0.01589,-3.89075336704231e-52,7.72111622887564e-51,7.41152963547178e-102,-6.52263280031877e-49,-4.52929557198159e-48,6.12852840664679e-95
0.0159,-3.15821983212968e-52,6.26110631645282e-51,4.86382402983789e-102,-6.05584040888923e-49,-4.06095666985184e-48,5.13581575815017e-95
0.01591,-2.43564551393293e-52,4.82207094495251e-51,2.87717501425621e-102,-5.48895696645472e-49,-3.51412393676459e-48,4.06783761178541e-95
0.01592,-1.72303041245206e-52,3.40401011437474e-51,1.42769054814919e-102,-4.82198247301523e-49,-2.88879737271984e-48,2.98443204895474e-95
0.01593,-1.02037452768708e-52,2.00692382471948e-51,4.91845578621329e-103,-4.05491692857077e-49,-2.18497697771759e-48,1.95503497373553e-95
0.01594,-3.27677859637977e-53,6.30812075986758e-52,4.64820404591796e-104,-3.62769613484071e-49,-1.7976242268201e-48,1.47828514095594e-95
0.01595,8.60594391583257e-54,-1.93062019521188e-52,5.76180723749667e-105,-3.31802810740435e-49,-1.52717188835813e-48,1.1793028052076e-95
0.01596,4.36004873185691e-53,-8.89644533471429e-52,1.03844971939288e-103,-3.01298808758456e-49,-1.27223942207138e-48,9.22697789083568e-96
0.01597,7.26199949204147e-53,-1.46691725858591e-51,2.76967898039998e-103,-2.71257607538167e-49,-1.03282682796012e-48,7.05081179900421e-96
0.01598,9.56644667214095e-53,-1.92488019486543e-51,4.73315863599671e-103,-2.41679207079525e-49,-8.08934106024004e-49,5.23185910347578e-96
0.01599,1.12733902721526e-52,-2.26353334230944e-51,6.51823227237577e-103,-2.12563607382562e-49,-6.00561256263279e-49,3.73866758488367e-96
0.016,1.23828302920775e-52,-2.48287670091814e-51,7.82173428132899e-103,-1.83910808447268e-49,-4.07708278677864e-49,2.54100347759238e-96
0.01601,1.28947667319154e-52,-2.58291027069152e-51,8.44798986024392e-103,-1.55720810273642e-49,-2.30375173267759e-49,1.60985146970105e-96
0.01602,1.28091995916664e-52,-2.56363405162957e-51,8.30881501210454e-103,-1.27993612861684e-49,-6.85619400329639e-50,9.17414703042824e-97
0.01603,1.21261288713306e-52,-2.42504804373231e-51,7.42351654549126e-103,-1.00729216211395e-49,7.77314210265208e-50,4.37114773184788e-97
0.01604,1.08455545709079e-52,-2.16715224699972e-51,5.91889207458091e-103,-7.98263415174862e-50,1.95155873779221e-49,1.85055475644181e-97
0.01605,1.10963138532611e-52,-2.21596668718552e-51,6.18145309126678e-103,-6.23044665428607e-50,2.90456456297022e-49,5.72483817022726e-98
0.01606,1.11755951197141e-52,-2.23072700063769e-51,6.25815625225779e-103,-4.66494802176601e-50,3.67059660985853e-49,6.03176065410089e-99
0.01607,1.10514143371568e-52,-2.20503258572873e-51,6.10986961080871e-103,-3.28613825418781e-50,4.24965487845752e-49,5.18175665750231e-99
0.01608,1.07237715055892e-52,-2.13888344245865e-51,5.74467799096062e-103,-2.09401735155146e-50,4.64173936876717e-49,3.26736828184584e-98
0.01609,1.01926666250113e-52,-2.03227957082745e-51,5.18292098864308e-103,-1.08858531385697e-50,4.8468500807875e-49,7.0682021191034e-98
0.0161,9.45809969542303e-53,-1.88522097083512e-51,4.4571929716742e-103,-2.69842141104341e-51,4.86498701451849e-49,1.05580422777378e-97
0.01611,8.52007071682445e-53,-1.69770764248168e-51,3.61234307976057e-103,3.62212166706437e-51,4.69615016996016e-49,1.27941707527721e-97
0.01612,7.37857968921554e-53,-1.4697395857671e-51,2.70547522449732e-103,8.07577609575359e-51,4.34033954711249e-49,1.3253786434038e-97
0.01613,6.03362661259632e-53,-1.20131680069141e-51,1.80594808936808e-103,1.06625418750243e-50,3.7975551459755e-49,1.18340051061753e-97
0.01614,4.4852114869662e-53,-8.92439287254471e-52,9.95375129744746e-104,1.52298672779559e-50,3.64542760266303e-49,1.33678507885102e-97
0.01615,3.93257969120377e-53,-7.81985474764857e-52,7.63277959736731e-104,1.98337029495342e-50,3.59209010419436e-49,1.55625481198671e-97
0.01616,3.41648033640257e-53,-6.78881584919507e-52,5.74468509486583e-104,2.34864680516901e-50,3.48927374421391e-49,1.70682388795309e-97
0.01617,2.91889574390984e-53,-5.7953866515528e-52,4.17969973269537e-104,2.61881625844236e-50,3.33697852272169e-49,1.77700367306479e-97
0.01618,2.43982591372558e-53,-4.83956715472176e-52,2.9091427643154e-104,2.79387865477348e-50,3.1352044397177e-49,1.76160419603785e-97
0.01619,1.97927084584977e-53,-3.92135735870196e-52,1.90543757710734e-104,2.87383399416235e-50,2.88395149520192e-49,1.66173414798969e-97
0.0162,1.53723054028243e-53,-3.04075726349339e-52,1.14211169237463e-104,2.85868227660899e-50,2.58321968917437e-49,1.48480088243914e-97
0.01621,1.11370499702355e-53,-2.19776686909606e-52,5.93796765342646e-105,2.74842350211339e-50,2.23300902163505e-49,1.24451041530642e-97
0.01622,7.0869421607314e-54,-1.39238617550995e-52,2.36228585158753e-105,2.54305767067555e-50,1.83331949258394e-49,9.60867424913151e-98
0.01623,3.22198197431058e-54,-6.24615182734824e-53,4.62470748922482e-106,2.24258478229535e-50,1.3841511020209e-49,6.6017525198225e-98
0.01624,-4.57830589024222e-55,1.05546109228799e-53,1.79629153456883e-107,2.1539359977917e-50,1.13623509524653e-49,5.43581011214511e-98
0.01625,-2.87378952961687e-54,5.86356474505921e-53,4.51067125073931e-106,2.12202428730159e-50,9.62881291883617e-50,4.78083615162349e-98
0.01626,-4.88872884896936e-54,9.87183219167796e-53,1.25351578108506e-105,2.06806513924313e-50,7.99730834895295e-50,4.13351134174306e-98
0.01627,-6.51885522038222e-54,1.3112075815436e-52,2.19477562744419e-105,1.99205855361635e-50,6.4678372428156e-50,3.5015857702159e-98
0.01628,-7.76416864385547e-54,1.55842956163332e-52,3.0878604506488e-105,1.89400453042123e-50,5.04039960042413e-50,2.8932449549278e-98
0.01629,-8.62466911938909e-54,1.72884915943697e-52,3.79028345260842e-105,1.77390306965778e-50,3.71499542177853e-50,2.31710984393829e-98
0.0163,-9.10035664698319e-54,1.82246637495456e-52,4.2040572506447e-105,1.63175417132594e-50,2.49162470687839e-50,1.7822368154804e-98
0.01631,-9.19123122663743e-54,1.83928120818603e-52,4.27569387749098e-105,1.46755783542582e-50,1.37028745572457e-50,1.29811767796147e-98
0.01632,-8.89729285835206e-54,1.77929365913143e-52,3.99620478129314e-105,1.28131406195736e-50,3.50983668316618e-51,8.74679669961958e-99
0.01633,-8.21854154212706e-54,1.64250372779075e-52,3.40110082560894e-105,1.07302285092057e-50,-5.66286655345459e-51,5.22285460236251e-99
0.01634,-7.15497727796245e-54,1.42891141416399e-52,2.57039228940817e-105,9.49285613719839e-51,-1.30802248316398e-50,3.39463225603148e-99
0.01635,-7.17948743885023e-54,1.43304474304476e-52,2.58258396001358e-105,8.56238492968359e-51,-1.91136262088772e-50,2.24846210544705e-99
0.01636,-7.11394072098387e-54,1.41931700751955e-52,2.53107848876744e-105,7.665185447766e-51,-2.39517365377681e-50,1.41802874941358e-99
0.01637,-6.93620819908607e-54,1.3833031654757e-52,2.4023641810252e-105,6.80125769144561e-51,-2.75945558183125e-50,8.39936767756878e-100
0.01638,-6.64628987315685e-54,1.32500321691321e-52,2.20255720012164e-105,5.97060166072245e-51,-3.00420840505105e-50,4.57798489460149e-100
0.01639,-6.24418574319604e-54,1.24441716183204e-52,1.94148617038485e-105,5.17321735559622e-51,-3.12943212343621e-50,2.22233992663888e-100
0.0164,-5.72989580920392e-54,1.14154500023225e-52,1.63269217713657e-105,4.40910477606749e-51,-3.13512673698666e-50,9.08711046661815e-101
0.01641,-5.10342007118037e-54,1.01638673211381e-52,1.29342876669171e-105,3.67826392213597e-51,-3.02129224570247e-50,2.83454019222356e-101
0.01642,-4.36475852912539e-54,8.68942357476729e-53,9.44661946358628e-106,2.98069479380165e-51,-2.78792864958362e-50,6.30021004473254e-102
0.01643,-3.51391118303899e-54,6.99211876321001e-53,6.11070184439103e-106,2.31639739106456e-51,-2.43503594863012e-50,3.38660380372728e-102
0.01644,-2.55087803292115e-54,5.07195288646628e-53,3.21044410228301e-106,1.77424756455906e-51,-2.33377339232768e-50,1.72274348071798e-101
0.01645,-2.18349578305575e-54,4.33809819195444e-53,2.34499403938914e-106,1.30933787750142e-51,-2.29660060368962e-50,4.95915673647577e-101
0.01646,-1.84558089857681e-54,3.66338775056539e-53,1.66924171983428e-106,8.98855265017487e-52,-2.22824670793144e-50,8.87680508183672e-101
0.01647,-1.52649871330086e-54,3.02664990454869e-53,1.13687778990969e-106,5.42799727107261e-52,-2.12871170505315e-50,1.25903155861485e-100
0.01648,-1.2262492272278e-54,2.42788465390413e-53,7.2948228515819e-107,2.41171263770648e-52,-1.99799559505468e-50,1.54350668338814e-100
0.01649,-9.44832440357847e-55,1.86709199863215e-53,4.29744888115915e-107,-6.03012499214317e-54,-1.83609837793614e-50,1.69671889246244e-100
0.0165,-6.82248352690888e-55,1.34427193873251e-53,2.21464928311452e-107,-1.98804439181226e-52,-1.64302005369748e-50,1.69635634730915e-100
0.01651,-4.38496964226923e-55,8.59424474205224e-54,8.95513822664474e-108,-3.371516787966e-52,-1.41876062233871e-50,1.54218236091173e-100
0.01652,-2.13578274965952e-55,4.12549605050288e-54,2.00228734954521e-108,-4.21071843838267e-52,-1.16332008385982e-50,1.25603539776579e-100
0.01653,-7.49228490797543e-57,3.64733126770344e-56,7.6725059136318e-112,-4.50564934306225e-52,-8.76698438260808e-51,8.8182907387914e-101
0.01654,1.79761005947007e-55,-3.67282347142531e-54,1.77436967981794e-108,-5.50227236643468e-52,-7.18044501583824e-51,8.0577035105276e-101
0.01655,3.18219779158914e-55,-6.42648714357553e-54,5.3133386136301e-108,-6.57102392998111e-52,-6.06943117803834e-51,8.01064444463694e-101
0.01656,4.3184985646707e-55,-8.68517359887925e-54,9.62717257645543e-108,-7.39208451631726e-52,-5.02543231891867e-51,7.73705767441657e-101
0.01657,5.21101389630278e-55,-1.04575353702494e-53,1.38987671174289e-107,-7.96545412544327e-52,-4.04844843847891e-51,7.24841697048307e-101
0.01658,5.85974378648475e-55,-1.17435724576848e-53,1.7481402902234e-107,-8.29113275735875e-52,-3.13847953671974e-51,6.56617330084757e-101
0.01659,6.26468823521698e-55,-1.25432848611861e-53,1.99066193892376e-107,-8.36912041206393e-52,-2.2955256136408e-51,5.7217548309148e-101
0.0166,6.42584724249946e-55,-1.28566725807533e-53,2.08842148294834e-107,-8.19941708955883e-52,-1.5195866692421e-51,4.7565669234836e-101
0.01661,6.34322080833219e-55,-1.26837356163864e-53,2.03022462666936e-107,-7.78202278984343e-52,-8.10662703523637e-52,3.72199213874686e-101
0.01662,6.01680893271516e-55,-1.20244739680854e-53,1.82270295372691e-107,-7.11693751291774e-52,-1.68753716485408e-52,2.67939023429149e-101
0.01663,5.44661161564839e-55,-1.08788876358504e-53,1.49031392702892e-107,-6.20416125878176e-52,4.06140291872585e-52,1.70009816509841e-101
0.01664,4.63262885713155e-55,-9.24697661968055e-54,1.07534088875101e-107,-5.87880867310314e-52,8.74574061287367e-52,1.26939839821223e-101
0.01665,4.56774268772222e-55,-9.11288929490666e-54,1.04335002067063e-107,-5.71891070703667e-52,1.25647860247797e-51,1.01201798422734e-101
0.01666,4.45776787463445e-55,-8.88954754867481e-54,9.91969401173927e-108,-5.51010626639337e-52,1.56197890749736e-51,7.9456611763663e-102
0.01667,4.28778717934357e-55,-8.54714117829002e-54,9.1629738386473e-108,-5.25239535117322e-52,1.79107497634556e-51,6.12830765322369e-102
0.01668,4.05780060184958e-55,-8.0856701837523e-54,8.19419541303044e-108,-4.94577796137624e-52,1.94376680902255e-51,4.62833907764415e-102
0.01669,3.7678081421525e-55,-7.50513456506165e-54,7.05478628666781e-108,-4.59025409700243e-52,2.02005440552834e-51,3.408315390402e-102
0.0167,3.41780980025231e-55,-6.80553432221806e-54,5.79674583751756e-108,-4.18582375805178e-52,2.01993776586293e-51,2.4331366682473e-102
0.01671,3.00780557614901e-55,-5.98686945522154e-54,4.4826452697169e-108,-3.7324869445243e-52,1.94341689002631e-51,1.67004312390593e-102
0.01672,2.53779546984261e-55,-5.04913996407209e-54,3.18562761358211e-108,-3.23024365641997e-52,1.79049177801849e-51,1.0886151060795e-102
0.01673,2.00777948133292e-55,-3.99234584876931e-54,1.98940772560815e-108,-2.67909389373862e-52,1.56116242983938e-51,6.60773099445284e-103
0.01674,1.4177576106203e-55,-2.81648710931395e-54,9.88272288470265e-109,-2.33918319942883e-52,1.49388109195061e-51,3.8462671665601e-103
0.01675,1.17828275042843e-55,-2.33838662045352e-54,6.7986224582338e-109,-2.07906451063648e-52,1.46816195063004e-51,2.08213515108149e-103
0.01676,9.60962368065564e-56,-1.90468512604113e-54,4.49923565324698e-109,-1.83196246481231e-52,1.42279797911989e-51,1.00488220538375e-103
0.01677,7.59628242897967e-56,-1.50311053203138e-54,2.7926813246457e-109,-1.59787706195632e-52,1.35778917742017e-51,4.15871516761536e-104
0.01678,5.74280374925637e-56,-1.13366283842425e-54,1.58103359980014e-109,-1.37680830206852e-52,1.27313554553086e-51,1.48520257272821e-104
0.01679,4.04918764148574e-56,-7.96342045219757e-55,7.74258885100631e-110,-1.1687561851489e-52,1.16883708345198e-51,6.82995837388677e-105
0.0168,2.51543410566778e-56,-4.9114815241789e-55,2.90215865957669e-110,-9.73720711197465e-53,1.04489379118352e-51,7.273463774425e-105
0.01681,1.14154314180249e-56,-2.18081160018653e-55,5.46555068018948e-111,-7.91701880214214e-53,9.01305668725478e-52,9.14045456368454e-105
0.01682,-7.24852501105215e-58,2.28589319780331e-56,1.22105108411563e-112,-6.22699692199089e-53,7.38072716077799e-52,8.59424185278286e-105
0.01683,-1.12665107007042e-56,2.31672123572001e-55,7.14480212753074e-111,-4.6671414715221e-53,5.55194933240595e-52,5.00353522916941e-105
0.01684,-2.02095431807764e-56,4.08358414763339e-55,2.14764218866537e-110,-3.3234017046977e-53,4.53676393573979e-52,7.91348946313659e-105
0.01685,-2.79751504012329e-56,5.62674553479109e-55,4.04140304797767e-110,-2.1523489436329e-53,3.82481478212393e-52,1.42173402033554e-104
0.01686,-3.42264230667003e-56,6.86816324429667e-55,5.99437966760883e-110,-1.13192133583871e-53,3.15683993913623e-52,2.05655390454283e-104
0.01687,-3.89570329855769e-56,7.80637140476186e-55,7.72254503939323e-110,-2.62118881315138e-54,2.5328394067767e-52,2.57842938391593e-104
0.01688,-4.21669801578628e-56,8.44137001618667e-55,9.0128294662652e-110,4.57058419937818e-54,1.95281318504534e-52,2.90478508824823e-104
0.01689,-4.38562645835579e-56,8.77315907857108e-55,9.72138984388779e-110,1.02561056792016e-53,1.41676127394214e-52,2.98784949214607e-104
0.0169,-4.40248862626623e-56,8.80173859191511e-55,9.77360966065286e-110,1.44353756263188e-53,9.24683673467108e-53,2.81465491502876e-104
0.01691,-4.26728451951752e-56,8.5271085562186e-55,9.16409899768071e-110,1.71083940407306e-53,4.76580383620093e-53,2.40703752112842e-104
0.01692,-3.98001413810976e-56,7.94926897148175e-55,7.9566945288212e-110,1.8275160922435e-53,7.24514044014079e-54,1.8216373194906e-104
0.01693,-3.54067748204292e-56,7.0682198377045e-55,6.28445952065244e-110,1.79356762714332e-53,-2.87703264189112e-53,1.14989816397342e-104
0.01694,-2.94927455131701e-56,5.88396115488687e-55,4.34968383248141e-110,1.98201509054278e-53,-5.83472520842515e-53,9.97602578727606e-105
0.01695,-2.86081262439481e-56,5.70468599687277e-55,4.08472912370408e-110,2.20437735366443e-53,-8.25169743548176e-53,9.75403213488031e-105
0.01696,-2.75136530124823e-56,5.4839985292079e-55,3.7714922343792e-110,2.36490563799207e-53,-1.01803414830222e-52,9.34995298252714e-105
0.01697,-2.6110916345064e-56,5.20224422344048e-55,3.39112486718885e-110,2.46359994352572e-53,-1.16206573510464e-52,8.77342271253834e-105
0.01698,-2.43999162416924e-56,4.85942307957039e-55,2.95659207932235e-110,2.50046027026537e-53,-1.25726450395547e-52,8.04029364501296e-105
0.01699,-2.23806527023687e-56,4.45553509759787e-55,2.4836308983974e-110,2.47548661821099e-53,-1.30363045485465e-52,7.17263603782834e-105
0.017,-2.00531257270925e-56,3.9905802775228e-55,1.99075032245916e-110,2.38867898736261e-53,-1.3011635878022e-52,6.19873808663864e-105
0.01701,-1.74173353158637e-56,3.46455861934519e-55,1.49923131998086e-110,2.24003737772024e-53,-1.24986390279813e-52,5.15310592487579e-105
0.01702,-1.44732814686823e-56,2.87747012306504e-55,1.03312682986364e-110,2.02956178928386e-53,-1.14973139984245e-52,4.07646362374922e-105
0.01703,-1.12209641855483e-56,2.22931478868234e-55,6.19261761436584e-111,1.75725222205349e-53,-1.00076607893515e-52,3.01575319224592e-105
0.01704,-7.66038346646167e-57,1.5200926161971e-55,2.8723299445666e-111,1.64246177456565e-53,-9.56138100456476e-53,2.49008496225902e-105
0.01705,-6.12643456603228e-57,1.21400349962534e-55,1.82693610696371e-111,1.574355103636e-53,-9.3845322012811e-53,2.14578572686167e-105
0.01706,-4.75148439770674e-57,9.39743810195161e-56,1.09053259309016e-111,1.49662764023339e-53,-9.08395011940191e-53,1.84208283961917e-105
0.01707,-3.50045307447778e-57,6.90339325059221e-56,5.85126677973997e-112,1.40927938435779e-53,-8.65963475892703e-53,1.57526430111498e-105
0.01708,-2.37334059634625e-57,4.6579004421769e-56,2.6377705725222e-112,1.31231033600924e-53,-8.11158611985674e-53,1.34187317335879e-105
0.01709,-1.37014696331172e-57,2.66095967670479e-56,8.42485244033946e-113,1.20572049518773e-53,-7.43980420219093e-53,1.13870757978599e-105
0.0171,-4.90872175374171e-58,9.12570954175853e-57,9.01197074841981e-114,1.08950986189325e-53,-6.64428900592958e-53,9.62820705258021e-106
0.01711,2.64483767466392e-58,-5.87265725409889e-57,5.24438545031848e-114,9.63678436125801e-54,-5.72504053107271e-53,8.11520796062334e-106
0.01712,8.95920865209968e-58,-1.83855036205244e-56,4.48288555142343e-113,8.28226217885389e-54,-4.6820587776203e-53,6.8237115991233e-106
0.01713,1.40343911785656e-57,-2.84128295575181e-56,1.04354565787433e-112,6.83153207172009e-54,-3.51534374557237e-53,5.73190165947392e-106
0.01714,1.78703852540616e-57,-3.59546350650799e-56,1.65116798959301e-112,5.88850627333682e-54,-2.86583027990877e-53,4.74165761127879e-106
0.01715,2.2114010855072e-57,-4.43788092801371e-56,2.50305771834881e-112,5.14803833217197e-54,-2.40966504107746e-53,3.88185563403746e-106
0.01716,2.54480116851508e-57,-5.09914492656967e-56,3.29471608209258e-112,4.45511325976328e-54,-1.982329905266e-53,3.156568929926e-106
0.01717,2.78476456242449e-57,-5.57419552485343e-56,3.92923711541931e-112,3.80973105611123e-54,-1.58382487247469e-53,2.5498994227752e-106
0.01718,2.93129126723554e-57,-5.86303272286526e-56,4.3405163237958e-112,3.21189172121558e-54,-1.21414994270337e-53,2.04706734895064e-106
0.01719,2.98438128294825e-57,-5.96565652060516e-56,4.48853367954321e-112,2.66159525507632e-54,-8.73305115952032e-54,1.6344112573538e-106
0.0172,2.9440346095626e-57,-5.88206691807313e-56,4.35935362183736e-112,2.15884165769345e-54,-5.6129039222069e-54,1.29938800942177e-106
0.01721,2.81025124707862e-57,-5.61226391526917e-56,3.96512505670871e-112,1.70363092906697e-54,-2.78105771509338e-54,1.03057277912723e-106
0.01722,2.58303119549628e-57,-5.15624751219328e-56,3.34408135704236e-112,1.29596306919689e-54,-2.3751253817977e-55,8.1765905297847e-107
0.01723,2.2623744548156e-57,-4.51401770884545e-56,2.56054036257809e-112,9.35838078083205e-55,2.01773160853394e-54,6.51458630019384e-107
0.01724,1.84828102503657e-57,-3.68557450522569e-56,1.70490437991029e-112,5.99988100610011e-55,3.88480475136656e-54,4.90334991223691e-107
0.01725,1.76484114544977e-57,-3.51746317491714e-56,1.55141531043052e-112,3.00169983268739e-55,5.41416946814681e-54,3.54584790537896e-107
0.01726,1.67283404757764e-57,-3.33255014668671e-56,1.39132063357459e-112,4.23562268508807e-56,6.63146084615888e-54,2.48875725992242e-107
0.01727,1.56588812325245e-57,-3.11811677181346e-56,1.21696691677949e-112,-1.73453168643674e-55,7.53667888540333e-54,1.68474990600942e-107
0.01728,1.44400337247419e-57,-2.87416305029739e-56,1.03310408073427e-112,-3.47258203214927e-55,8.12982358588018e-54,1.0905243574749e-107
0.01729,1.30717979524286e-57,-2.60068898213849e-56,8.4512660337716e-113,-4.79058876862876e-55,8.41089494758942e-54,6.66805711846091e-108
0.0173,1.15541739155846e-57,-2.29769456733677e-56,6.59073519895615e-113,-5.68855189587523e-55,8.37989297053105e-54,3.78345650342511e-108
0.01731,9.88716161421002e-58,-1.96517980589223e-56,4.81628422726291e-113,-6.16647141388866e-55,8.03681765470508e-54,1.93922437875958e-108
0.01732,8.07076104830409e-58,-1.60314469780473e-56,3.20119461555001e-113,-6.22434732266901e-55,7.38166900011122e-54,8.63409230504904e-109
0.01733,6.10497221786808e-58,-1.21158924307453e-56,1.82519343316927e-113,-5.86217962221624e-55,6.41444700674992e-54,3.24325381625473e-109
0.01734,3.9897951229014e-58,-7.90513441701504e-57,7.74453321962879e-114,-6.19185577519463e-55,6.11888940485727e-54,1.9435743530416e-109
0.01735,3.02291554805097e-58,-5.97676611381486e-57,4.40830667448508e-114,-6.65155819466742e-55,5.99793046041042e-54,4.348307395802e-109
0.01736,2.16634221616086e-58,-4.26902552498686e-57,2.23410374159534e-114,-6.95588245820328e-55,5.79905981768575e-54,9.11040814668683e-109
0.01737,1.40057846218583e-58,-2.74318642621031e-57,9.1110617267468e-115,-7.10482856580224e-55,5.52227747668325e-54,1.50462691958305e-108
0.01738,7.25624286125882e-59,-1.39924881748522e-57,2.29517657647621e-115,-7.09839651746427e-55,5.16758343740292e-54,2.11595574066374e-108
0.01739,1.41479687981019e-59,-2.37212698811579e-58,4.68248719189815e-117,-6.93658631318939e-55,4.73497769984477e-54,2.66412139157824e-108
0.0174,-3.51855332248762e-59,7.42921929810608e-58,7.70855527384588e-116,-6.6193979529776e-55,4.2244602640088e-54,3.08694541332103e-108
0.01741,-7.54380774563584e-59,1.54115506838159e-57,3.12352346471563e-115,-6.1468314368287e-55,3.63603112989479e-54,3.34097677421365e-108
0.01742,-1.06609663896317e-58,2.1574867169008e-57,6.012489613284e-115,-5.51888676474302e-55,2.96969029750314e-54,3.40149186990443e-108
0.01743,-1.28700292544767e-58,2.59191687536857e-57,8.59682090999631e-115,-4.73556393672043e-55,2.22543776683367e-54,3.26249452336902e-108
0.01744,-1.41709963401709e-58,2.84444554378487e-57,1.02869902992907e-114,-4.37457332153439e-55,1.80992976364991e-54,3.38438274822658e-108
0.01745,-1.64146261815511e-58,3.289230900524e-57,1.37104215382447e-114,-4.14400781866327e-55,1.51768990014923e-54,3.53463690855968e-108
0.01746,-1.81205363640059e-58,3.62699177134182e-57,1.66341790873793e-114,-3.89557805560412e-55,1.24433577331032e-54,3.59042046164774e-108
0.01747,-1.92609207578387e-58,3.8521067363507e-57,1.87331538978116e-114,-3.62928403235694e-55,9.89867383133186e-55,3.54911863703738e-108
0.01748,-1.98357793630495e-58,3.96457579555064e-57,1.98184916631499e-114,-3.34512574892173e-55,7.5428472961783e-55,3.41217792503433e-108
0.01749,-1.98451121796383e-58,3.96439894894165e-57,1.97966913750938e-114,-3.04310320529849e-55,5.3758781276425e-55,3.18510607670349e-108
0.0175,-1.92889192076048e-58,3.85157619652367e-57,1.86696053234339e-114,-2.7232164014871e-55,3.39776632572381e-55,2.87747210386878e-108
0.01751,-1.81672004469493e-58,3.62610753829677e-57,1.65344390960535e-114,-2.3854653374878e-55,1.60851189042361e-55,2.50290627911359e-108
0.01752,-1.64799558976719e-58,3.28799297426094e-57,1.35837515789263e-114,-2.02985001330046e-55,8.11482174116251e-58,2.07910013578015e-108
0.01753,-1.42271855597724e-58,2.83723250441617e-57,1.01054549561175e-114,-1.65637042892509e-55,-1.40342488032352e-55,1.62780646796995e-108
0.01754,-1.1408889433251e-58,2.27382612876246e-57,6.48281470978375e-115,-1.40421488870216e-55,-2.58176446388434e-55,1.39163157276041e-108
0.01755,-1.07249164353098e-58,2.13642232428567e-57,5.71725438352789e-115,-1.20305393942692e-55,-3.54930955783749e-55,1.22089516075816e-108
0.01756,-1.00157148016846e-58,1.99416762308195e-57,4.97639278612802e-115,-1.01716008263987e-55,-4.31744226506301e-55,1.05483492169975e-108
0.01757,-9.24072151578538e-59,1.83896927337953e-57,4.22787918446483e-115,-8.46533318340999e-56,-4.88616258556089e-55,8.94895289639544e-109
0.01758,-8.39993657761205e-59,1.6708272751784e-57,3.48670196640664e-115,-6.91173646530311e-56,-5.25547051933115e-55,7.42593234082954e-109
0.01759,-7.49335998716428e-59,1.48974162847849e-57,2.76907770486542e-115,-5.51081067207761e-56,-5.42536606637379e-55,5.99518259986402e-109
0.0176,-6.52099174444273e-59,1.29571233327994e-57,2.09245115779769e-115,-4.26255580373444e-56,-5.39584922668872e-55,4.67332407757514e-109
0.01761,-5.48283184944707e-59,1.08873938958268e-57,1.47549526820309e-115,-3.16697186027311e-56,-5.16692000027601e-55,3.47770253254822e-109
0.01762,-4.37888030217732e-59,8.68822797386719e-58,9.38111164125343e-116,-2.22405884169361e-56,-4.73857838713567e-55,2.42638907787963e-109
0.01763,-3.20913710263346e-59,6.35962556692045e-58,5.01428158652018e-116,-1.43381674799593e-56,-4.1108243872677e-55,1.53818018117629e-109
0.01764,-1.97360225081551e-59,3.90158667498664e-58,1.87803749914535e-116,-6.29627969326646e-57,-3.91536811810394e-55,1.03304768742785e-109
0.01765,-1.37341662592292e-59,2.70517610756182e-58,8.96223024609367e-117,1.04318485397168e-57,-3.83301733606186e-55,6.95165197120606e-110
0.01766,-8.47752541255916e-60,1.65771069026045e-58,3.31609523425455e-117,7.25254436567703e-57,-3.70162176311085e-55,4.4320112012456e-110
0.01767,-3.86075929914395e-60,7.38290814743674e-59,6.27729356659475e-118,1.23317988418453e-56,-3.52118139925102e-55,2.62507912960706e-110
0.01768,1.16132081018406e-61,-5.30835189888961e-60,8.605676755466e-120,1.62809482824787e-56,-3.29169624448232e-55,1.39703829989746e-110
0.01769,3.45314872792791e-60,-7.16412310937261e-59,6.94528661055541e-118,1.90999926875775e-56,-3.01316629880475e-55,6.26729234124642e-111
0.0177,6.15029064158455e-60,-1.25169556110142e-58,2.04563417913611e-117,2.07889320571414e-56,-2.68559156221833e-55,2.0565043269626e-111
0.01771,8.20755782198835e-60,-1.65893326948137e-58,3.54638950363699e-117,2.13477663911707e-56,-2.30897203472303e-55,3.79583744197596e-112
0.01772,9.6249502691393e-60,-1.93812543607712e-58,4.80559331026139e-117,2.07764956896651e-56,-1.88330771631888e-55,4.04675165023909e-112
0.01773,1.04024679830374e-59,-2.08927206088866e-58,5.55637567777591e-117,1.90751199526248e-56,-1.40859860700586e-55,1.42650294551204e-111
0.01774,1.05401109636826e-59,-2.112373143916e-58,5.65619808801057e-117,1.94146488427387e-56,-1.14282027346729e-55,3.37763036669541e-111
0.01775,1.16741957615263e-59,-2.33676203027185e-58,6.90495229836705e-117,2.01928257857884e-56,-9.55622104486239e-56,5.86074312734207e-111
0.01776,1.24958675473562e-59,-2.4990119770974e-58,7.88339028424937e-117,2.05957013384227e-56,-7.80785737069303e-56,8.38853912396081e-111
0.01777,1.29805420064879e-59,-2.59417502087656e-58,8.48389313853066e-117,2.06232755006421e-56,-6.18311171216417e-56,1.06385762580912e-110
0.01778,1.31282191389213e-59,-2.62225116160935e-58,8.65919984276615e-117,2.02755482724466e-56,-4.68198406927582e-56,1.23635111567946e-110
0.01779,1.29388989446564e-59,-2.58324039929575e-58,8.3958311744783e-117,1.95525196538361e-56,-3.30447444202797e-56,1.33910991726548e-110
0.0178,1.24125814236932e-59,-2.47714273393577e-58,7.71408970715674e-117,1.84541896448106e-56,-2.05058283042063e-56,1.36241943837784e-110
0.01781,1.15492665760318e-59,-2.30395816552941e-58,6.6680598102583e-117,1.69805582453702e-56,-9.2030923445379e-57,1.30407495937943e-110
0.01782,1.0348954401672e-59,-2.06368669407667e-58,5.34560764920701e-117,1.51316254555148e-56,8.63463458725425e-58,1.16938163318541e-110
0.01783,8.81164490061395e-60,-1.75632831957754e-58,3.8683811853941e-117,1.29073912752445e-56,9.6938391055837e-57,9.71154485263188e-111
0.01784,6.93733807285691e-60,-1.38188304203189e-58,2.39181017617748e-117,1.178593550515e-56,1.7128790400395e-56,9.18035384413669e-111
0.01785,6.41797834261342e-60,-1.2777366659128e-58,2.04268621101425e-117,1.10204098761827e-56,2.32487806928498e-56,8.96556023429175e-111
0.01786,5.90021532680645e-60,-1.17402145727215e-58,1.72268583006575e-117,1.02314140209849e-56,2.80946855204577e-56,8.55557183061315e-111
0.01787,5.35862894755308e-60,-1.06566847099355e-58,1.41782719516447e-117,9.41894793955661e-57,3.16665048832187e-56,7.9642226795349e-111
0.01788,4.79321920485331e-60,-9.52677707077015e-59,1.13181597867205e-117,8.58301163189782e-57,3.39642387811327e-56,7.21217780126238e-111
0.01789,4.20398609870713e-60,-8.35049165522535e-59,8.68512166070885e-118,7.72360509800853e-57,3.49878872141997e-56,6.32693318977234e-111
0.0179,3.59092962911455e-60,-7.12782846330113e-59,6.31930055964145e-118,6.84072833788873e-57,3.47374501824198e-56,5.34281581281291e-111
0.01791,2.95404979607557e-60,-5.85878749499749e-59,4.26238260075757e-118,5.93438135153843e-57,3.32129276857929e-56,4.3009836119036e-111
0.01792,2.29334659959019e-60,-4.54336875031443e-59,2.55759703250412e-118,5.00456413895763e-57,3.04143197243191e-56,3.24942550233526e-111
0.01793,1.60882003965816e-60,-3.18157222925146e-59,1.24971623453529e-118,4.05127670014599e-57,2.63416262979968e-56,2.24296137316979e-111
0.01794,9.0047011627996e-61,-1.77339793180954e-59,3.85055717714188e-119,3.3752111439472e-57,2.50507813647826e-56,1.73458612620744e-111
0.01795,5.33461032259123e-61,-1.0421935825325e-59,1.3082730721852e-119,2.82443292601726e-57,2.44923913434442e-56,1.39456956068876e-111
0.01796,2.15705703245547e-61,-4.09368711129996e-60,1.89853250634895e-120,2.32175900352538e-57,2.36253603249467e-56,1.09982628165933e-111
0.01797,-5.82821635387712e-62,1.35944388943892e-60,3.03269468037168e-121,1.86718937647156e-57,2.24496883092899e-56,8.47235454218388e-112
0.01798,-2.8850256809383e-61,5.93745717689169e-60,4.70028588464248e-120,1.46072404485581e-57,2.09653752964738e-56,6.33772352839456e-112
0.01799,-4.7495551041963e-61,9.64035275105835e-60,1.20727421797146e-119,1.10236300867812e-57,1.91724212864985e-56,4.56508361370326e-112
0.018,-6.17640990516213e-61,1.24681306119397e-59,1.99836149226298e-119,7.92106267938395e-58,1.70708262793633e-56,3.12610973033029e-112
0.01801,-7.16559008383481e-61,1.44207907595338e-59,2.65756968285797e-119,5.2995382263685e-58,1.46605902750694e-56,1.99343790424021e-112
0.01802,-7.71709564021489e-61,1.54983331938419e-59,3.05715967585884e-119,3.15905672773368e-58,1.19417132736164e-56,1.14066525513882e-112
0.01803,-7.83092657430238e-61,1.57007579148638e-59,3.12737397195016e-119,1.49961818347949e-58,8.91419527500406e-57,5.42349996475276e-113
0.01804,-7.50708288609729e-61,1.50280649225996e-59,2.85643668639886e-119,-4.2076873385129e-59,7.21435040947276e-57,2.30772612233068e-113
0.01805,-8.04304711796816e-61,1.6085245613767e-59,3.26619313576235e-119,-2.22718858441576e-58,6.01537732617308e-57,7.19998881654121e-114
0.01806,-8.40099056193717e-61,1.67886227385637e-59,3.55290699772995e-119,-3.72918359854529e-58,4.89725933732129e-57,7.51734517316845e-115
0.01807,-8.5614196065081e-61,1.70990584368797e-59,3.68121279273283e-119,-4.92675377623987e-58,3.85999644291739e-57,6.90350117957117e-115
0.01808,-8.52433425168094e-61,1.70165527087149e-59,3.64222085331663e-119,-5.81989911749951e-58,2.90358864296138e-57,4.42178952063977e-114
0.01809,-8.2897344974556e-61,1.65411055540691e-59,3.43861606471513e-119,-6.40861962232436e-58,2.02803593745297e-57,9.80010873739888e-114
0.0181,-7.85762034383222e-61,1.56727169729426e-59,3.08465786485055e-119,-6.692915290714e-58,1.23333832639277e-57,1.51274658901169e-113
0.01811,-7.22799179081076e-61,1.44113869653353e-59,2.60618024433317e-119,-6.6727861226687e-58,5.19495809780465e-58,1.91541212105365e-113
0.01812,-6.40084883839122e-61,1.27571155312473e-59,2.04059174646153e-119,-6.34823211818846e-58,-1.13491612383953e-58,2.10784370402533e-113
0.01813,-5.3761914865736e-61,1.07099026706784e-59,1.4368754672224e-119,-5.71925327727327e-58,-6.6562394010048e-58,2.05468778307172e-113
0.01814,-4.1540197353579e-61,8.26974838362879e-60,8.5558905529076e-120,-5.68526243783305e-58,-1.13463400961107e-57,2.34171048218656e-113
0.01815,-3.77870608810095e-61,7.51809862890747e-60,7.06292138562098e-120,-5.79180178176778e-58,-1.52166737971956e-57,2.69111404274096e-113
0.01816,-3.41487917724063e-61,6.79004902466966e-60,5.75419274847282e-120,-5.80800585717696e-58,-1.82730599651732e-57,2.93176582117672e-113
0.01817,-3.04684816211207e-61,6.05432755179648e-60,4.56888255830309e-120,-5.7338746640606e-58,-2.05154986000433e-57,3.04708041032716e-113
0.01818,-2.67461304271513e-61,5.31093421028765e-60,3.5108624239368e-120,-5.56940820241862e-58,-2.19439897018063e-57,3.02934424452777e-113
0.01819,-2.29817381905007e-61,4.55986900014371e-60,2.58404056060393e-120,-5.31460647225114e-58,-2.25585332704613e-57,2.87971559961625e-113
0.0182,-1.91753049111676e-61,3.80113192136438e-60,1.79236178993725e-120,-4.96946947355812e-58,-2.23591293060089e-57,2.60822459293253e-113
0.01821,-1.53268305891521e-61,3.03472297394968e-60,1.1398075399738e-120,-4.53399720633955e-58,-2.13457778084491e-57,2.23377318331866e-113
0.01822,-1.14363152244541e-61,2.2606421578996e-60,6.30395845154533e-121,-4.00818967059544e-58,-1.95184787777818e-57,1.78413517111891e-113
0.01823,-7.50375881707371e-62,1.47888947321414e-60,2.68181346324284e-121,-3.39204686632579e-58,-1.68772322140071e-57,1.29595619817972e-113
0.01824,-3.52916136701082e-62,6.89464919893299e-61,5.72552907318009e-122,-3.06257939818855e-58,-1.60257902054811e-57,1.09287484988058e-113
0.01825,-1.31874858388134e-62,2.4932969056712e-61,6.98477369247137e-123,-2.82929030019469e-58,-1.56485216614831e-57,9.69426842527334e-114
0.01826,5.72241086566562e-63,-1.27041885629441e-61,2.45363398376851e-123,-2.5954067446204e-58,-1.50770834394889e-57,8.45145739587261e-114
0.01827,2.17094470483936e-62,-4.45012857971621e-61,2.62090457230668e-122,-2.36092873146561e-58,-1.43114755394983e-57,7.21779119958038e-114
0.01828,3.47736227093595e-62,-7.045832264592e-61,6.42744928962846e-122,-2.12585626073047e-58,-1.33516979615118e-57,6.0119470074133e-114
0.01829,4.49149378485693e-62,-9.05752991092298e-61,1.05252105343672e-121,-1.8901893324149e-58,-1.21977507055292e-57,4.85380337242536e-114
0.0183,5.2133392466023e-62,-1.04852215187091e-60,1.4032265875978e-121,-1.65392794651891e-58,-1.08496337715504e-57,3.7644402297096e-114
0.01831,5.64289865617208e-62,-1.13289070879505e-60,1.63245574693468e-121,-1.41707210304248e-58,-9.30734715957552e-58,2.76613889639764e-114
0.01832,5.78017201356624e-62,-1.15885866186471e-60,1.70358920547901e-121,-1.17962180198564e-58,-7.5708908696045e-58,1.88238207165977e-114
0.01833,5.62515931878481e-62,-1.12642601107988e-60,1.6057940958055e-121,-9.4157704334836e-59,-5.64026490163735e-58,1.13785383670486e-114
0.01834,5.17786057182776e-62,-1.03559275644057e-60,1.35402400903192e-121,-7.65476046510313e-59,-4.55321567575284e-58,7.48103175167448e-115
0.01835,5.40327204898636e-62,-1.07979292601023e-60,1.46971399568993e-121,-6.19719326197049e-59,-3.78538779703991e-58,5.00179883214877e-115
0.01836,5.52951373960653e-62,-1.10430275213214e-60,1.53522947215625e-121,-4.8825428267962e-59,-3.0704077091839e-58,3.17439072361505e-115
0.01837,5.54208736576088e-62,-1.10621604711588e-60,1.53891772063172e-121,-3.71080915957971e-59,-2.40827541218452e-58,1.87904485212956e-115
0.01838,5.44099292744943e-62,-1.08553281096143e-60,1.48055347525971e-121,-2.68199226032104e-59,-1.79899090604179e-58,1.00755704810356e-115
0.01839,5.22623042467217e-62,-1.04225304366881e-60,1.36373343296972e-121,-1.79609212902018e-59,-1.24255419075569e-58,4.63281546302337e-116
0.0184,4.8977998574291e-62,-9.76376745238008e-61,1.19587625347737e-121,-1.05310876567713e-59,-7.38965266326238e-59,1.61130985845214e-116
0.01841,4.45570122572022e-62,-8.87903915669027e-61,9.88222559284364e-122,-4.53042170291901e-60,-2.88224132753422e-59,2.75764102055555e-117
0.01842,3.89993452954553e-62,-7.76834554961867e-61,7.55834935678537e-122,4.10765713551971e-62,1.09669209962753e-59,6.47267210758476e-119
0.01843,3.23049976890478e-62,-6.43168663116478e-61,5.17597930733748e-122,3.18340716605212e-60,4.547147618224e-59,2.99314090422716e-117
0.01844,2.44739694379843e-62,-4.86906240132952e-61,2.96218055310219e-122,7.55017912043681e-60,7.505029206239e-59,1.13614674903558e-116
0.01845,2.18566277805648e-62,-4.34539949455769e-61,2.35611695119862e-122,1.18005694850853e-59,9.95219520190406e-59,2.37287652964627e-116
0.01846,1.93734489383159e-62,-3.84890998165125e-61,1.84580706867376e-122,1.5253437604456e-59,1.18794296058989e-58,3.69259578321141e-116
0.01847,1.69290238496459e-62,-3.36058937694094e-61,1.40491954402865e-122,1.79087834785489e-59,1.32867324182236e-58,4.88183728661301e-116
0.01848,1.45233525145549e-62,-2.88043768042678e-61,1.03028466222994e-122,1.97666071073641e-59,1.41741036388781e-58,5.77939516762724e-116
0.01849,1.21564349330428e-62,-2.40845489210875e-61,7.18788462073002e-123,2.08269084909015e-59,1.45415432678624e-58,6.27632490492447e-116
0.0185,9.8282711051096e-63,-1.94464101198686e-61,4.6737273618192e-123,2.10896876291612e-59,1.43890513051765e-58,6.31594332806922e-116
0.01851,7.53886103075533e-63,-1.4889960400611e-61,2.73035031009517e-123,2.05549445221431e-59,1.37166277508204e-58,5.89382861752022e-116
0.01852,5.2882047099792e-63,-1.04151997633133e-61,1.32828646837296e-123,1.92226791698466e-59,1.25242726047937e-58,5.05782030463001e-116
0.01853,3.07630214278279e-63,-6.02212820797859e-62,4.38626377756194e-124,1.70928915722727e-59,1.0811985867097e-58,3.9080192716463e-116
0.01854,9.03153329165302e-64,-1.71074573460522e-62,3.30181176342032e-125,1.66421454450901e-59,1.0251032108524e-58,3.63006304490185e-116
0.01855,-4.07218522616549e-64,8.96808931437697e-63,1.20678518830639e-125,1.66190757919691e-59,9.99695012249817e-59,3.55587386140693e-116
0.01856,-1.51393206244308e-63,3.09805007842583e-62,1.26617489572903e-124,1.63879867708248e-59,9.62075198031985e-59,3.39570076264651e-116
0.01857,-2.42936756346691e-63,4.91734901084463e-62,3.12453497504001e-124,1.59488783816571e-59,9.12243768198906e-59,3.15557278189786e-116
0.01858,-3.15352502568802e-63,6.35470572869409e-62,5.17350254708742e-124,1.53017506244661e-59,8.50200722750582e-59,2.84480161798524e-116
0.01859,-3.68640444910643e-63,7.41012023197421e-62,7.00097750460127e-124,1.44466034992517e-59,7.75946061687011e-59,2.4759816352798e-116
0.0186,-4.02800583372213e-63,8.083592520685e-62,8.30501584271773e-124,1.3383437006014e-59,6.89479785008194e-59,2.06498986369962e-116
0.01861,-4.17832917953514e-63,8.37512259482648e-62,8.89382965897915e-124,1.21122511447524e-59,5.90801892714095e-59,1.63098599870956e-116
0.01862,-4.13737448654536e-63,8.28471045439846e-62,8.68578715333358e-124,1.06330459154679e-59,4.79912384804781e-59,1.19641240132186e-116
0.01863,-3.90514175475287e-63,7.81235609940109e-62,7.70941262813601e-124,8.94582131816002e-60,3.56811261280221e-59,7.86994098095262e-117
0.01864,-3.48163098415767e-63,6.95805952983439e-62,6.10338648814724e-124,7.98636426615893e-60,2.87302466302658e-59,5.92820740286173e-117
0.01865,-3.55412724023718e-63,7.09786396720963e-62,6.34219409724566e-124,7.28183774745647e-60,2.38136400104449e-59,4.69538598210174e-117
0.01866,-3.57288580718572e-63,7.13110168608948e-62,6.39427768539738e-124,6.59203964404626e-60,1.92422201597681e-59,3.64806312643328e-117
0.01867,-3.52758079034514e-63,7.03709876517975e-62,6.22057733900565e-124,5.91696995592829e-60,1.50159870782354e-59,2.76926331766972e-117
0.01868,-3.41821218971544e-63,6.81585520448042e-62,5.83040990076021e-124,5.25662868310257e-60,1.11349407658469e-59,2.04273927123029e-117
0.01869,-3.24478000529655e-63,6.46737100399135e-62,5.24518935884822e-124,4.61101582556888e-60,7.59908122260133e-60,1.45297193613998e-117
0.0187,-3.00728423708859e-63,5.99164616371278e-62,4.49842684695524e-124,3.98013138332766e-60,4.40840844850118e-60,9.85170495030233e-118
0.01871,-2.70572488509151e-63,5.38868068364463e-62,3.63573064426391e-124,3.36397535637868e-60,1.56292244354517e-60,6.25272364137755e-118
0.01872,-2.34010194930531e-63,4.65847456378688e-62,2.71480617545475e-124,2.76254774472195e-60,-9.37376792266707e-61,3.5994319330538e-118
0.01873,-1.91041542972999e-63,3.80102780413953e-62,1.80545601070598e-124,2.17584854835746e-60,-3.09248925893445e-60,1.76576865981836e-118
0.01874,-1.41666532636556e-63,2.81634040470259e-62,9.89579865693523e-125,1.71831742247919e-60,-4.95746019438914e-60,7.62103491587913e-119
0.01875,-1.23910076715563e-63,2.4613706782679e-62,7.54648721361022e-125,1.33212998009651e-60,-6.50447618784479e-60,2.41218272281335e-119
0.01876,-1.07356855675685e-63,2.13064375939015e-62,5.644667392414e-125,9.87911320609795e-61,-7.71940797274629e-60,2.82014773617777e-120
0.01877,-9.14355763757981e-64,1.81278696998978e-62,4.07769548479147e-125,6.85661444018938e-61,-8.60225554909389e-60,1.75869724845575e-120
0.01878,-7.61462388159141e-64,1.50780031006701e-62,2.81409271681783e-125,4.25380350324153e-61,-9.15301891688699e-60,1.20916300558715e-119
0.01879,-6.14888429960272e-64,1.21568377962173e-62,1.82367964993912e-125,2.07068039525329e-61,-9.37169807612594e-60,2.66738681747039e-119
0.0188,-4.74633889161374e-64,9.36437378653941e-63,1.07757618097458e-125,3.0724511622464e-62,-9.25829302681075e-60,4.00611013466112e-119
0.01881,-3.40698765762447e-64,6.70061107163641e-63,5.48201542115988e-126,-1.03650233384441e-61,-8.81280376894141e-60,4.85097870386274e-119
0.01882,-2.1308305976349e-64,4.1655496515083e-63,2.09274300927681e-126,-1.96056195495387e-61,-8.03523030251793e-60,4.99771504431626e-119
0.01883,-9.17867711645046e-65,1.75918952615508e-63,3.58123603465632e-127,-2.46493374710373e-61,-6.92557262754031e-60,4.41211844780032e-119
0.01884,2.31901000345103e-65,-5.18469304423246e-64,4.1329586820917e-128,-3.43805466441788e-61,-6.55640749366555e-60,5.00037380140585e-119
0.01885,9.95587241918528e-65,-2.03707306525654e-63,5.47302329888386e-127,-4.43101281385583e-61,-6.38578034026356e-60,5.85996764422848e-119
0.01886,1.63146249847058e-64,-3.30082834293427e-63,1.40669951075055e-126,-5.215760084191e-61,-6.13837720074415e-60,6.45942375088564e-119
0.01887,2.14437790194391e-64,-4.31920568614726e-63,2.38792972840315e-126,-5.79229647542284e-61,-5.81419807510748e-60,6.75231113680409e-119
0.01888,2.53433345233876e-64,-5.092205094896e-63,3.30346790013746e-126,-6.16062198755166e-61,-5.41324296335347e-60,6.71669412672627e-119
0.01889,2.80132914965513e-64,-5.6198265691805e-63,4.01120107695914e-126,-6.32073662057746e-61,-4.93551186548214e-60,6.35513235470932e-119
0.0189,2.94536499389302e-64,-5.90207010900076e-63,4.41442844358839e-126,-6.27264037450025e-61,-4.38100478149349e-60,5.69468076412535e-119
0.01891,2.96644098505243e-64,-5.93893571435677e-63,4.46186131846003e-126,-6.01633324932002e-61,-3.7497217113875e-60,4.78688960766143e-119
0.01892,2.86455712313336e-64,-5.73042338524852e-63,4.14762315372346e-126,-5.55181524503677e-61,-3.04166265516418e-60,3.70780444731962e-119
0.01893,2.6397134081358e-64,-5.27653312167604e-63,3.51124953524266e-126,-4.87908636165051e-61,-2.25682761282353e-60,2.55796615441692e-119
0.01894,2.29190984005977e-64,-4.57726492363931e-63,2.63768818259622e-126,-4.67532274680422e-61,-1.81242037643863e-60,2.11546986305264e-119
0.01895,2.29517517829411e-64,-4.58080229405974e-63,2.63838480165685e-126,-4.59835895482473e-61,-1.49763505459089e-60,1.86862960068026e-119
0.01896,2.27034389356469e-64,-4.52871340235028e-63,2.57588872608148e-126,-4.4743742765205e-61,-1.20538184609959e-60,1.62299149320521e-119
0.01897,2.21029409238037e-64,-4.4067525687202e-63,2.43664191901661e-126,-4.30336871189151e-61,-9.35660750964628e-61,1.38163097676898e-119
0.01898,2.11502577474116e-64,-4.2149197931695e-63,2.22714411445464e-126,-4.08534226093776e-61,-6.88471769185995e-61,1.14781003040482e-119
0.01899,1.98453894064707e-64,-3.95321507569817e-63,1.95753483639459e-126,-3.82029492365926e-61,-4.63814900763693e-61,9.24977176037731e-120
0.019,1.81883359009808e-64,-3.62163841630622e-63,1.64159339884202e-126,-3.508226700056e-61,-2.61690145697723e-61,7.16767478484376e-120
0.01901,1.6179097230942e-64,-3.22018981499364e-63,1.29673890580905e-126,-3.14913759012797e-61,-8.20975039880841e-62,5.27002545453139e-120
0.01902,1.38176733963544e-64,-2.74886927176044e-63,9.44030251314379e-127,-2.7430275938752e-61,7.49630243652234e-62,3.59690527544102e-120
0.01903,1.11040643972168e-64,-2.20767678660642e-63,6.08166119383158e-127,-2.28989671129749e-61,2.09491439362242e-61,2.19026118249005e-120
0.01904,8.0382702335312e-65,-1.59661235953195e-63,3.17484984047457e-127,-2.01990923681997e-61,3.27049904935885e-61,1.45328652539846e-120
0.01905,6.86054520579882e-65,-1.36134206498338e-63,2.30359987839291e-127,-1.81676711615613e-61,4.24827955437536e-61,9.85250527342725e-121
0.01906,5.77895751508391e-65,-1.14538708253009e-63,1.62693022890448e-127,-1.62139071245423e-61,5.01397868873682e-61,6.40336524047983e-121
0.01907,4.75984917712943e-65,-9.42051644770041e-64,1.09741905244309e-127,-1.43378002571426e-61,5.56759645244323e-61,3.94860999690503e-121
0.01908,3.80322019193539e-65,-7.51335751703229e-64,6.9548819046803e-128,-1.25393505593623e-61,5.90913284549458e-61,2.27660700288952e-121
0.01909,2.90907055950179e-65,-5.73239403329653e-64,4.027891176441e-128,-1.08185580312012e-61,6.03858786789088e-61,1.2009263370441e-121
0.0191,2.07740027982864e-65,-4.07762599649316e-64,2.02202941841621e-128,-9.17542267265957e-62,5.95596151963213e-61,5.60340696403616e-122
0.01911,1.30820935291566e-65,-2.54905340662164e-64,7.78404041364021e-129,-7.6099444837367e-62,5.66125380071819e-61,2.18825396426936e-122
0.01912,6.01497778763408e-66,-1.14667626368305e-64,1.50418788098924e-129,-6.12212346443373e-62,5.15446471114925e-61,6.55583709972884e-123
0.01913,-4.27344426284074e-67,1.2950543232317e-65,3.77373348923806e-131,-4.71195961475009e-62,4.43559425092527e-61,1.49201724216194e-123
0.01914,-6.24487311259783e-66,1.27949168139702e-64,2.16465284459059e-129,-3.55313161928797e-62,4.19289788915209e-61,2.67774161547841e-123
0.01915,-1.06119406128566e-65,2.14717085250398e-64,5.95303459710959e-129,-2.55788262965903e-62,4.07861198981926e-61,1.18902271116223e-122
0.01916,-1.41889809376988e-65,2.85741332119552e-64,1.04472938877025e-128,-1.68163199689324e-62,3.91607195220048e-61,2.51050038780159e-122
0.01917,-1.69883990667926e-65,3.4125645367443e-64,1.4828563389884e-128,-9.24379720990587e-63,3.70527777629574e-61,3.87096938634288e-122
0.01918,-1.90101950001382e-65,3.81262449915032e-64,1.84518621205898e-128,-2.86125801951081e-63,3.44622946210504e-61,4.99353691133193e-122
0.01919,-2.02543687377356e-65,4.05759320841358e-64,2.08534165685699e-128,2.3312976022528e-63,3.13892700962838e-61,5.68565517698347e-122
0.0192,-2.07209202795846e-65,4.14747066453408e-64,2.17506606943888e-128,6.33386965538615e-63,2.78337041886564e-61,5.83912140718107e-122
0.01921,-2.04098496256851e-65,4.08225686751176e-64,2.10422359304248e-128,9.14645813988644e-63,2.37955968981705e-61,5.43007783547711e-122
0.01922,-1.93211567760373e-65,3.86195181734668e-64,1.8807991180872e-128,1.07690630557553e-62,1.92749482248251e-61,4.51901170509315e-122
0.01923,-1.74548417306412e-65,3.48655551403884e-64,1.53089828217385e-128,1.12016844029927e-62,1.42717581686201e-61,3.25075526891948e-122
0.01924,-1.48109044894968e-65,2.95606795758824e-64,1.09874747008466e-128,1.32147965054941e-62,1.14307456668594e-61,3.04574528718036e-122
0.01925,-1.4576680859235e-65,2.90753487973895e-64,1.06168084114796e-128,1.54085263980608e-62,9.41557978554057e-62,3.09305237336157e-122
0.01926,-1.42026886741442e-65,2.83139693991404e-64,1.00572703677698e-128,1.70717359027581e-62,7.5474018216604e-62,3.04508191980611e-122
0.01927,-1.36410408267756e-65,2.71808304825766e-64,9.2593341935857e-129,1.8204425019586e-62,5.82621177521888e-62,2.90392757833385e-122
0.01928,-1.28917373171288e-65,2.56759320476976e-64,8.25488019098212e-129,1.88065937485447e-62,4.25200964621548e-62,2.67618035100537e-122
0.01929,-1.19547781452043e-65,2.37992740945044e-64,7.08606257489987e-129,1.88782420896337e-62,2.82479543465129e-62,2.37292859012235e-122
0.0193,-1.08301633110018e-65,2.15508566229965e-64,5.80530947316383e-129,1.84193700428533e-62,1.54456914052574e-62,2.00975799822706e-122
0.01931,-9.5178928145215e-66,1.8930679633174e-64,4.47532292648423e-129,1.74299776082035e-62,4.11330763838834e-63,1.60675162810266e-122
0.01932,-8.01796665576326e-66,1.59387431250368e-64,3.1690788884563e-129,1.59100647856843e-62,-5.7491969540943e-63,1.18848988277315e-122
0.01933,-6.3303848347271e-66,1.25750470985849e-64,1.96982722556035e-129,1.38596315752958e-62,-1.41418223721905e-62,7.84050515503322e-123
0.01934,-4.45514735141303e-66,8.83959155381838e-65,9.71091717161696e-130,1.30887684011425e-62,-2.15502079981571e-62,6.06299975960533e-123
0.01935,-3.68899349261353e-66,7.3100757716955e-65,6.62416180088344e-130,1.26828677437054e-62,-2.77289686153929e-62,4.99080371137117e-123
0.01936,-2.99468906468734e-66,5.92465288572092e-65,4.33718480925365e-130,1.2177307211435e-62,-3.25534480585428e-62,4.05421406379065e-123
0.01937,-2.35275162294455e-66,4.64459507745039e-65,2.65395041097698e-130,1.15720868043312e-62,-3.60236463276078e-62,3.24278017110453e-123
0.01938,-1.76318116738562e-66,3.46990234688481e-65,1.47199263142067e-130,1.08672065223942e-62,-3.81395634225856e-62,2.54646499397939e-123
0.01939,-1.22597769801032e-66,2.40057469402371e-65,6.97354158101932e-131,1.00626663656241e-62,-3.89011993434774e-62,1.95564509950603e-123
0.0194,-7.41141214818645e-67,1.43661211886709e-65,2.44586340690493e-131,9.1584663340206e-63,-3.83085540902835e-62,1.46111066120054e-123
0.01941,-3.08671717810596e-67,5.78014621414945e-66,3.67491910078916e-132,8.15460642758388e-63,-3.63616276630036e-62,1.05406545900406e-123
0.01942,7.14307930138271e-68,-1.75217798332718e-66,5.41138302748462e-133,7.0510866463139e-63,-3.3060420061638e-62,7.26126879282765e-124
0.01943,3.99166317654624e-67,-8.230851403759e-66,9.06502528744464e-132,5.84790699021065e-63,-2.84049312861864e-62,4.69325914827866e-124
0.01944,6.74534856111794e-67,-1.3655874047146e-65,2.41051798825768e-131,5.09456695704704e-63,-2.68109610040027e-62,3.04219385034083e-124
0.01945,9.18831614208555e-67,-1.85048756809191e-65,4.38212665879494e-131,4.51341391359397e-63,-2.60472816881803e-62,1.92339516193258e-124
0.01946,1.115023009431e-66,-2.23958104060074e-65,6.38531764291987e-131,3.9633997843466e-63,-2.49804254330686e-62,1.1521786111866e-124
0.01947,1.26278909876998e-66,-2.53215022267282e-65,8.13612012977809e-131,3.44452456930471e-63,-2.36103922386674e-62,6.46293994432143e-125
0.01948,1.3621298822255e-66,-2.72819511430816e-65,9.42344098232786e-131,2.95678826846831e-63,-2.19371821049767e-62,3.34850941008417e-125
0.01949,1.41304535979757e-66,-2.82771571550675e-65,1.01062959360541e-130,2.50019088183739e-63,-1.99607950319965e-62,1.58318913264134e-125
0.0195,1.41553553148617e-66,-2.8307120262686e-65,1.01138095989684e-130,2.07473240941195e-63,-1.76812310197268e-62,6.85272065575159e-126
0.01951,1.36960039729132e-66,-2.7371840465937e-65,9.44521545160905e-131,1.68041285119199e-63,-1.50984900681676e-62,2.86649492562858e-126
0.01952,1.27523995721301e-66,-2.54713177648205e-65,8.16985584704114e-131,1.31723220717752e-63,-1.22125721773189e-62,1.32811027376737e-126
0.01953,1.13245421125124e-66,-2.26055521593366e-65,6.42718201085636e-131,9.85190477368536e-64,-9.02347734718068e-63,8.28446138841406e-127
0.01954,9.41243159405944e-67,-1.87745436494837e-65,4.42675404117239e-131,6.93820469129093e-64,-7.20747839604782e-63,2.76947585728009e-127
0.01955,9.11420919193005e-67,-1.81688383638594e-65,4.1408498766548e-131,4.38305419063889e-64,-5.91758353612888e-63,1.27344597627537e-126
0.01956,8.75161637557181e-67,-1.74365075231909e-65,3.80966210689223e-131,2.16198402037624e-64,-4.72351929856559e-63,3.3041023652261e-126
0.01957,8.29313029392932e-67,-1.65145916073962e-65,3.41400931147766e-131,2.74994180502999e-65,-3.62528568335795e-63,5.61260468604758e-126
0.01958,7.73875094700258e-67,-1.54030906164752e-65,2.96704926156241e-131,-1.27791532898085e-64,-2.62288269050595e-63,7.61627793235627e-126
0.01959,7.0884783347916e-67,-1.41020045504278e-65,2.48460076142224e-131,-2.4967445080753e-64,-1.71631032000959e-63,8.90608415791774e-126
0.0196,6.34231245729638e-67,-1.26113334092542e-65,1.98514364845731e-131,-3.38149335678035e-64,-9.05568571868887e-64,9.24662247664663e-126
0.01961,5.50025331451691e-67,-1.09310771929543e-65,1.48981879319223e-131,-3.93216187509601e-64,-1.90657446083827e-64,8.57612906260669e-126
0.01962,4.56230090645285e-67,-9.06123590152747e-66,1.02242809927586e-131,-4.14875006302229e-64,4.28423057345786e-64,7.00647715001009e-126
0.01963,3.52845523310485e-67,-7.00180953497493e-66,6.0943450348198e-132,-4.03125792055904e-64,9.5167293841952e-64,4.82317703321997e-126
0.01964,2.39871629447261e-67,-4.75279809329609e-66,2.79961975708285e-132,-4.41963377185576e-64,1.41841598883886e-63,4.60131990393505e-126
0.01965,1.90884950240396e-67,-3.77545937449289e-66,1.76033473940406e-132,-4.88946619356856e-64,1.80878257385681e-63,4.86484018067039e-126
0.01966,1.47033174246839e-67,-2.90096432460618e-66,1.03416416970166e-132,-5.22515336053641e-64,2.11267888053358e-63,4.98025983254007e-126
0.01967,1.07210874254923e-67,-2.10735874319161e-66,5.41618367694279e-133,-5.42669527275932e-64,2.33010490886918e-63,4.94168104878557e-126
0.01968,7.14180502646475e-68,-1.3946426302492e-66,2.34064622502612e-133,-5.49409193023727e-64,2.4610606588636e-63,4.7505645772548e-126
0.01969,3.96547022760126e-68,-7.62815985778924e-67,6.78627243417322e-134,-5.42734333297028e-64,2.50554613051684e-63,4.41572972440205e-126
0.0197,1.19208302890183e-68,-2.11878809780799e-67,4.36496452107159e-135,-5.22644948095835e-64,2.46356132382892e-63,3.95335435528808e-126
0.01971,-1.17835656963429e-68,2.58168897745329e-67,9.91613544443536e-135,-4.89141037420132e-64,2.33510623879975e-63,3.3869748935798e-126
0.01972,-3.14584856800545e-68,6.47327136799133e-67,5.58535306099703e-134,-4.42222601269944e-64,2.12018087542945e-63,2.74748632155119e-126
0.01973,-4.71039296621256e-68,9.55595907380791e-67,1.18506944610191e-133,-3.81889639645261e-64,1.81878523371796e-63,2.07314218008207e-126
0.01974,-5.8719897642556e-68,1.1829752094903e-66,1.79198673131983e-133,-3.56119472917074e-64,1.7141939900375e-63,1.76911640467473e-126
0.01975,-7.20270439793724e-68,1.44677340877105e-66,2.66497229498635e-133,-3.40669987324991e-64,1.66327332872367e-63,1.57779607821135e-126
0.01976,-8.24495388426417e-68,1.65315803690434e-66,3.46739855718906e-133,-3.23226142120767e-64,1.59331099416291e-63,1.39531682063025e-126
0.01977,-8.99014340905503e-68,1.80036663186832e-66,4.10259110137727e-133,-3.03787937304403e-64,1.5043069863552e-63,1.22206568803307e-126
0.01978,-9.43827297230983e-68,1.88839919366298e-66,4.50562083599564e-133,-2.82355372875897e-64,1.39626130530055e-63,1.05844410932685e-126
0.01979,-9.58934257402855e-68,1.91725572228833e-66,4.63787789580225e-133,-2.58928448835241e-64,1.26917395099891e-63,9.04867886223992e-127
0.0198,-9.44335221421111e-68,1.88693621774434e-66,4.48707164186856e-133,-2.33507165182453e-64,1.12304492345037e-63,7.61767193242452e-127
0.01981,-9.00030189285759e-68,1.79744068003104e-66,4.06723066157969e-133,-2.06091521917523e-64,9.57874222654893e-64,6.29586577705428e-127
0.01982,-8.26019160996801e-68,1.64876910914842e-66,3.41870276863413e-133,-1.76681519040452e-64,7.73661848612473e-64,5.08784959741575e-127
0.01983,-7.22302136554235e-68,1.44092150509648e-66,2.60815500304382e-133,-1.4527715655124e-64,5.70407801323113e-64,3.99835632284949e-127
0.01984,-5.88879115958063e-68,1.17389786787523e-66,1.72857363113417e-133,-1.24763713168082e-64,4.54340935820438e-64,3.22442419245017e-127
0.01985,-5.61335126603722e-68,1.1183201775491e-66,1.56691659110111e-133,-1.08630479453572e-64,3.71785641035552e-64,2.61169100892455e-127
0.01986,-5.31218586902852e-68,1.05772366426587e-66,1.40014764179873e-133,-9.35700024019984e-65,2.95474602573596e-64,2.09321967807858e-127
0.01987,-4.96492442974363e-68,9.88042454636786e-67,1.22043230712317e-133,-7.95822820133605e-65,2.25407820434568e-64,1.65853305746053e-127
0.01988,-4.57156694818241e-68,9.09276548661829e-67,1.03251142337859e-133,-6.66673182876542e-65,1.61585294618449e-64,1.29779153096343e-127
0.01989,-4.13211342434513e-68,8.2142594634105e-67,8.41732994888682e-134,-5.48251112248883e-65,1.04007025125283e-64,1.00179300882551e-127
0.0199,-3.64656385823167e-68,7.24490647674425e-67,6.54052193996282e-134,-4.40556608250582e-65,5.26730119550451e-65,7.61972927629458e-128
0.01991,-3.11491824984201e-68,6.18470652661954e-67,4.76031361063636e-134,-3.43589670881639e-65,7.58325510773684e-66,5.70404250302951e-128
0.01992,-2.53717659917618e-68,5.03365961303636e-67,3.14840004472324e-134,-2.57350300142055e-65,-3.12622454166421e-65,4.19797466118515e-128
0.01993,-1.91333890623415e-68,3.79176573599471e-67,1.7825480062327e-134,-1.81838496031828e-65,-6.38634896180918e-65,3.03500590693524e-128
0.01994,-1.24340517101594e-68,2.4590248954946e-67,7.46595939367331e-135,-1.16997047293066e-65,-8.88958217925512e-65,2.126437831553e-128
0.01995,-8.71774651561376e-69,1.71936960600183e-67,3.63008558611986e-135,-6.28496994672965e-66,-1.06909040497006e-64,1.44287653207494e-128
0.01996,-5.59416770555993e-69,1.0981159651545e-67,1.46663146746434e-135,-1.94104980200435e-66,-1.18228351062071e-64,9.47411022549143e-129
0.01997,-3.01455960104377e-69,5.85581723841081e-68,4.0818103288895e-136,1.33205570486632e-66,-1.22853753487739e-64,5.99964774728098e-129
0.01998,-9.78922202064121e-70,1.81766882061357e-68,3.56539388452541e-137,3.53434657388406e-66,-1.20785247774015e-64,3.65639486152526e-129
0.01999,5.12744491379034e-70,-1.13328560184677e-68,1.93850169457463e-137,4.66582280504886e-66,-1.12022833920899e-64,2.14715080152107e-129
0.02,1.46044047928569e-69,-2.99704602897022e-68,1.19124273962832e-136,4.72648439836072e-66,-9.65665119283905e-65,1.22649705845281e-129
