model,t,slope,actual,direction
M3,0,-843.533085737339,0.99421164291989,0.99421164291989
M3,0.005,-379.553964138755,0.999803926478595,0.999803926478595
M3,0.01,-0.000977175415862852,0.999999999998282,0.999999999998282
M3,0.015,-0.000940893266726166,0.999999999998324,0.999999999998324
M3,0.02,-0.000905888238352283,0.99999999999835,0.99999999999835
M3,0.025,-0.000870960096625623,0.999999999998367,0.999999999998367
M3,0.03,-0.000839980103635633,0.999999999998376,0.999999999998376
M3,0.035,-0.000807654197403653,0.999999999998383,0.999999999998382
M3,0.04,-0.000777788873355298,0.999999999998387,0.999999999998387
M3,0.045,-0.000750832624358329,0.999999999998392,0.999999999998392
M3,0.05,-0.000725801429194003,0.999999999998398,0.999999999998398
M3,0.055,-0.000702157239986602,0.999999999998408,0.999999999998408
M3,0.06,-0.000679803039311504,0.999999999998421,0.999999999998421
M3,0.065,-0.000657241359356894,0.999999999998438,0.999999999998439
M3,0.07,-0.00063724458844823,0.99999999999846,0.99999999999846
M3,0.075,-0.000618093247198975,0.999999999998485,0.999999999998485
M3,0.08,-0.000600413226076569,0.999999999998514,0.999999999998514
M3,0.085,-0.000584982546235141,0.999999999998545,0.999999999998545
M3,0.09,-0.000570338511514015,0.999999999998577,0.999999999998577
M3,0.095,-0.00055808220021517,0.999999999998609,0.999999999998609
M3,0.1,-0.00054695112241343,0.99999999999864,0.99999999999864
M3,0.105,-0.0005376718397608,0.999999999998668,0.999999999998669
M3,0.11,-0.000529934254043921,0.999999999998693,0.999999999998693
M3,0.115,-0.00052430277362479,0.999999999998714,0.999999999998714
M3,0.12,-0.000520388120713199,0.99999999999873,0.99999999999873
M3,0.125,-0.000518451025629344,0.99999999999874,0.99999999999874
M3,0.13,-0.000518346205774479,0.999999999998745,0.999999999998745
M3,0.135,-0.000520271587397538,0.999999999998744,0.999999999998744
M3,0.14,-0.000524152296700023,0.999999999998737,0.999999999998737
M3,0.145,-0.00053013179161017,0.999999999998725,0.999999999998725
M3,0.15,-0.000538187025152836,0.999999999998707,0.999999999998707
M3,0.155,-0.000548402475000704,0.999999999998684,0.999999999998684
M3,0.16,-0.000560816110891103,0.999999999998658,0.999999999998658
M3,0.165,-0.000575457053797624,0.999999999998629,0.999999999998629
M3,0.17,-0.000592403033341882,0.999999999998599,0.999999999998599
M3,0.175,-0.000611617990030414,0.99999999999857,0.99999999999857
M3,0.18,-0.000633271538647828,0.999999999998545,0.999999999998545
M3,0.185,-0.000657381011229259,0.999999999998528,0.999999999998528
M3,0.19,-0.000683913565796224,0.999999999998521,0.999999999998521
M3,0.195,-0.000712969217172001,0.999999999998528,0.999999999998529
M3,0.2,-0.000744587172421525,0.999999999998553,0.999999999998553
M3,0.205,-0.000778773193703152,0.999999999998594,0.999999999998594
M3,0.21,-0.000815573560725929,0.99999999999865,0.99999999999865
M3,0.215,-0.000855099645432212,0.999999999998715,0.999999999998715
M3,0.22,-0.000897235275606767,0.999999999998782,0.999999999998782
M3,0.225,-0.000942954832360169,0.99999999999884,0.99999999999884
M3,0.23,-0.000990463220335924,0.999999999998884,0.999999999998884
M3,0.235,-0.00104090020985262,0.999999999998906,0.999999999998906
M3,0.24,-0.00109432726624687,0.999999999998903,0.999999999998903
M3,0.245,-0.00114922066339331,0.999999999998875,0.999999999998875
M3,0.25,-0.00120814751979744,0.999999999998816,0.999999999998816
M3,0.255,-0.00126977963445207,0.999999999998725,0.999999999998725
M3,0.26,-0.00133475113439308,0.999999999998603,0.999999999998603
M3,0.265,-0.00140209504794457,0.999999999998457,0.999999999998457
M3,0.27,-0.00147215789658045,0.999999999998301,0.999999999998301
M3,0.275,-0.00154501349635223,0.999999999998152,0.999999999998152
M3,0.28,-0.00162126980631395,0.999999999998028,0.999999999998028
M3,0.285,-0.00170044101488221,0.999999999997939,0.999999999997939
M3,0.29,-0.00178534464429464,0.99999999999789,0.99999999999789
M3,0.295,-0.00186567547417646,0.999999999997868,0.999999999997868
M3,0.3,-0.00195350130204467,0.999999999997877,0.999999999997877
M3,0.305,-0.00204485729255776,0.999999999997905,0.999999999997905
M3,0.31,-0.002136456448254,0.999999999997941,0.999999999997942
M3,0.315,-0.00222935688111923,0.999999999997981,0.999999999997981
M3,0.32,-0.00232806992330827,0.999999999998019,0.999999999998019
M3,0.325,-0.00242973147456874,0.999999999998053,0.999999999998052
M3,0.33,-0.002535793975703,0.99999999999808,0.99999999999808
M3,0.335,-0.00263837459680463,0.9999999999981,0.9999999999981
M3,0.34,-0.00275152214527209,0.999999999998113,0.999999999998113
M3,0.345,-0.00284652017145714,0.999999999998121,0.999999999998121
M3,0.35,-0.00297124935927193,0.999999999998122,0.999999999998122
M3,0.355,-0.00307636823569366,0.99999999999812,0.999999999998119
M3,0.36,-0.00318771701010812,0.999999999998113,0.999999999998113
M3,0.365,-0.00331196362236651,0.999999999998102,0.999999999998103
M3,0.37,-0.00340201810054281,0.999999999998091,0.999999999998091
M3,0.375,-0.00352580200542517,0.999999999998076,0.999999999998076
M3,0.38,-0.00363108132691872,0.99999999999806,0.999999999998061
M3,0.385,-0.00375549615555548,0.999999999998044,0.999999999998044
M3,0.39,-0.00386045345616578,0.999999999998027,0.999999999998027
M3,0.395,-0.00398156971683498,0.999999999998011,0.999999999998011
M3,0.4,-0.00408886011094457,0.999999999997994,0.999999999997994
M3,0.405,-0.00420491575280258,0.999999999997979,0.999999999997978
M3,0.41,-0.00431175820037794,0.999999999997963,0.999999999997963
M3,0.415,-0.00441913500874312,0.99999999999795,0.99999999999795
M3,0.42,-0.00452413276174617,0.999999999997939,0.999999999997939
M3,0.425,-0.00462154087229584,0.999999999997929,0.999999999997929
M3,0.43,-0.00472256504266774,0.999999999997922,0.999999999997922
M3,0.435,-0.00480036395204594,0.999999999997917,0.999999999997917
M3,0.44,-0.00489024233292481,0.999999999997916,0.999999999997916
M3,0.445,-0.00497896538129034,0.999999999997921,0.999999999997921
M3,0.45,-0.00504847641660883,0.999999999997929,0.999999999997929
M3,0.455,-0.00511853922559641,0.999999999997943,0.999999999997943
M3,0.46,-0.00518387166102009,0.999999999997963,0.999999999997963
M3,0.465,-0.00523846688333098,0.999999999997989,0.99999999999799
M3,0.47,-0.00528586872453698,0.999999999998022,0.999999999998022
M3,0.475,-0.00532579070431029,0.999999999998061,0.999999999998061
M3,0.48,-0.00535692577433703,0.999999999998106,0.999999999998106
M3,0.485,-0.00537929058034272,0.999999999998157,0.999999999998157
M3,0.49,-0.00539340312514442,0.999999999998212,0.999999999998212
M3,0.495,-0.00539291399996357,0.999999999998273,0.999999999998274
M3,0.5,-0.00538901244442706,0.999999999998335,0.999999999998335
M3,0.505,-0.00537292908786546,0.999999999998401,0.999999999998401
M3,0.51,-0.00534525798458541,0.999999999998469,0.999999999998468
M3,0.515,-0.00531751770915255,0.999999999998535,0.999999999998535
M3,0.52,-0.00526622386800542,0.999999999998606,0.999999999998606
M3,0.525,-0.00521675440743633,0.999999999998674,0.999999999998674
M3,0.53,-0.00516156850188784,0.999999999998743,0.999999999998743
M3,0.535,-0.00509317694748541,0.999999999998813,0.999999999998813
M3,0.54,-0.00501977746697503,0.999999999998882,0.999999999998882
M3,0.545,-0.00493742189108148,0.999999999998949,0.999999999998949
M3,0.55,-0.00484878082539686,0.999999999999013,0.999999999999013
M3,0.555,-0.00475388046215564,0.999999999999069,0.999999999999069
M3,0.56,-0.00465516627388906,0.99999999999911,0.99999999999911
M3,0.565,-0.0045536635194123,0.999999999999131,0.999999999999131
M3,0.57,-0.00444892867033928,0.999999999999128,0.999999999999128
M3,0.575,-0.0043423229983784,0.999999999999093,0.999999999999092
M3,0.58,-0.00423473522845048,0.999999999999011,0.99999999999901
M3,0.585,-0.00412552422769914,0.999999999998871,0.999999999998871
M3,0.59,-0.00401473620039339,0.999999999998703,0.999999999998703
M3,0.595,-0.00391396322869645,0.999999999998613,0.999999999998613
M3,0.6,-0.00380841207741491,0.999999999998657,0.999999999998658
M3,0.605,-0.00370863561431226,0.999999999998792,0.999999999998792
M3,0.61,-0.00360923703468645,0.999999999998923,0.999999999998923
M3,0.615,-0.00351312147150436,0.999999999999002,0.999999999999002
M3,0.62,-0.00342600765516553,0.999999999999033,0.999999999999033
M3,0.625,-0.00334156942637033,0.999999999999036,0.999999999999036
M3,0.63,-0.00325966595435283,0.999999999999022,0.999999999999022
M3,0.635,-0.00318661128934423,0.999999999998996,0.999999999998995
M3,0.64,-0.00311610778079461,0.999999999998966,0.999999999998966
M3,0.645,-0.00305202049622579,0.999999999998937,0.999999999998938
M3,0.65,-0.00299292770386692,0.999999999998912,0.999999999998912
M3,0.655,-0.00293942179385544,0.99999999999889,0.99999999999889
M3,0.66,-0.00289141885741626,0.999999999998868,0.999999999998868
M3,0.665,-0.00284708242078964,0.999999999998843,0.999999999998843
M3,0.67,-0.00281116469797812,0.999999999998815,0.999999999998815
M3,0.675,-0.00277863053451583,0.999999999998785,0.999999999998785
M3,0.68,-0.00275077624529052,0.999999999998759,0.999999999998759
M3,0.685,-0.0027280360119812,0.999999999998739,0.999999999998739
M3,0.69,-0.00270983824141356,0.999999999998725,0.999999999998725
M3,0.695,-0.00269568105485233,0.999999999998717,0.999999999998718
M3,0.7,-0.00268555504254004,0.999999999998713,0.999999999998712
M3,0.705,-0.00267917756110304,0.999999999998709,0.99999999999871
M3,0.71,-0.00267640953992615,0.999999999998709,0.999999999998709
M3,0.715,-0.00267688406124829,0.99999999999871,0.99999999999871
M3,0.72,-0.00268036363280383,0.999999999998713,0.999999999998713
M3,0.725,-0.00268670854191384,0.999999999998718,0.999999999998718
M3,0.73,-0.00269568859903088,0.999999999998724,0.999999999998724
M3,0.735,-0.0027065267513844,0.999999999998732,0.999999999998732
M3,0.74,-0.00271983099880069,0.99999999999874,0.99999999999874
M3,0.745,-0.0027350428824071,0.99999999999875,0.99999999999875
M3,0.75,-0.0027514979805862,0.999999999998761,0.999999999998761
M3,0.755,-0.00276971450944691,0.999999999998774,0.999999999998774
M3,0.76,-0.00278913631763164,0.999999999998787,0.999999999998787
M3,0.765,-0.00280908101290754,0.999999999998804,0.999999999998803
M3,0.77,-0.00283038299433251,0.999999999998821,0.999999999998821
M3,0.775,-0.0028520697917376,0.999999999998839,0.999999999998839
M3,0.78,-0.00287410616236075,0.999999999998859,0.999999999998859
M3,0.785,-0.00289664823150858,0.99999999999888,0.99999999999888
M3,0.79,-0.00291916662669374,0.999999999998902,0.999999999998902
M3,0.795,-0.0029417342728806,0.999999999998925,0.999999999998925
M3,0.8,-0.00296403052192877,0.99999999999895,0.99999999999895
M3,0.805,-0.00298596180955964,0.999999999998976,0.999999999998976
M3,0.81,-0.0030075088101834,0.999999999999002,0.999999999999002
M3,0.815,-0.00302837144639701,0.999999999999029,0.999999999999029
M3,0.82,-0.00304852977250628,0.999999999999057,0.999999999999057
M3,0.825,-0.00306791026672789,0.999999999999085,0.999999999999085
M3,0.83,-0.00308624577609247,0.999999999999113,0.999999999999113
M3,0.835,-0.0031033903075645,0.999999999999142,0.999999999999142
M3,0.84,-0.00311947302295339,0.999999999999172,0.999999999999172
M3,0.845,-0.00313419197625608,0.999999999999201,0.999999999999201
M3,0.85,-0.00314759467243954,0.99999999999923,0.99999999999923
M3,0.855,-0.00315948728314335,0.999999999999259,0.999999999999259
M3,0.86,-0.00316984557522226,0.999999999999288,0.999999999999288
M3,0.865,-0.00317861819163505,0.999999999999316,0.999999999999316
M3,0.87,-0.00318562617884494,0.999999999999344,0.999999999999344
M3,0.875,-0.00319097684644093,0.999999999999371,0.999999999999371
M3,0.88,-0.0031943697757886,0.999999999999397,0.999999999999397
M3,0.885,-0.00319603974453594,0.999999999999423,0.999999999999423
M3,0.89,-0.00319559388211675,0.999999999999446,0.999999999999446
M3,0.895,-0.00319334264129976,0.999999999999468,0.999999999999468
M3,0.9,-0.00318869307712369,0.999999999999489,0.999999999999489
M3,0.905,-0.00318214073889292,0.999999999999507,0.999999999999507
M3,0.91,-0.00317393678116027,0.999999999999524,0.999999999999524
M3,0.915,-0.00316296603969731,0.999999999999538,0.999999999999538
M3,0.92,-0.00315026811061429,0.999999999999549,0.999999999999549
M3,0.925,-0.00313533429382896,0.999999999999557,0.999999999999557
M3,0.93,-0.00311789501709881,0.999999999999562,0.999999999999562
M3,0.935,-0.00309901449792111,0.999999999999564,0.999999999999564
M3,0.94,-0.00307708146665205,0.999999999999563,0.999999999999563
M3,0.945,-0.00305321767699014,0.999999999999558,0.999999999999557
M3,0.95,-0.00302758402947852,0.999999999999548,0.999999999999548
M3,0.955,-0.00299906802229161,0.999999999999535,0.999999999999536
M3,0.96,-0.00296900715871534,0.999999999999519,0.999999999999519
M3,0.965,-0.00293649880175459,0.999999999999498,0.999999999999498
M3,0.97,-0.00290164111383743,0.999999999999473,0.999999999999473
M3,0.975,-0.00286549925475011,0.999999999999445,0.999999999999444
M3,0.98,-0.00282634302263843,0.999999999999412,0.999999999999411
M3,0.985,-0.00278557889491061,0.999999999999375,0.999999999999375
M3,0.99,-0.00274299903595427,0.999999999999335,0.999999999999335
M3,0.995,-0.00269762470826834,0.999999999999292,0.999999999999291
M3,1,-0.00265147852674649,0.999999999999245,0.999999999999245
M3,1.005,-0.00260363895893997,0.999999999999196,0.999999999999196
M3,1.01,-0.00255301191629519,0.999999999999143,0.999999999999143
M3,1.015,-0.00250189815023524,0.999999999999089,0.999999999999089
M3,1.02,-0.00244877400618916,0.999999999999033,0.999999999999033
M3,1.025,-0.00239346171728026,0.999999999998975,0.999999999998976
M3,1.03,-0.00233824992482219,0.999999999998917,0.999999999998917
M3,1.035,-0.00228069918140285,0.999999999998859,0.999999999998859
M3,1.04,-0.00222159017770722,0.9999999999988,0.9999999999988
M3,1.045,-0.00216317162252115,0.999999999998743,0.999999999998743
M3,1.05,-0.00210202708364849,0.999999999998685,0.999999999998685
M3,1.055,-0.00204012469555048,0.99999999999863,0.99999999999863
M3,1.06,-0.00197931256810746,0.999999999998578,0.999999999998578
M3,1.065,-0.0019158078434457,0.999999999998527,0.999999999998527
M3,1.07,-0.00185224130913796,0.99999999999848,0.99999999999848
M3,1.075,-0.00178991882143045,0.999999999998437,0.999999999998437
M3,1.08,-0.00172545546692799,0.999999999998397,0.999999999998397
M3,1.085,-0.00166145375087198,0.999999999998363,0.999999999998363
M3,1.09,-0.00159864398604285,0.999999999998334,0.999999999998333
M3,1.095,-0.00153396079014389,0.999999999998308,0.999999999998308
M3,1.1,-0.00147041849462936,0.999999999998288,0.999999999998288
M3,1.105,-0.00140978554205122,0.999999999998275,0.999999999998275
M3,1.11,-0.0013470993126905,0.999999999998267,0.999999999998267
M3,1.115,-0.00128554570459566,0.999999999998264,0.999999999998264
M3,1.12,-0.00122665132018137,0.999999999998268,0.999999999998268
M3,1.125,-0.00116722650115502,0.999999999998277,0.999999999998277
M3,1.13,-0.00110896900897312,0.999999999998291,0.999999999998291
M3,1.135,-0.00105300264423346,0.999999999998312,0.999999999998311
M3,1.14,-0.000998136356254609,0.999999999998336,0.999999999998336
M3,1.145,-0.000944491316718188,0.999999999998365,0.999999999998366
M3,1.15,-0.000892865326766874,0.9999999999984,0.9999999999984
M3,1.155,-0.000843198748870969,0.999999999998439,0.999999999998439
M3,1.16,-0.000795248793738759,0.999999999998479,0.999999999998479
M3,1.165,-0.000749128254313147,0.999999999998524,0.999999999998524
M3,1.17,-0.00070508744338173,0.999999999998572,0.999999999998572
M3,1.175,-0.000663535018276851,0.999999999998619,0.999999999998619
M3,1.18,-0.000623792550253713,0.999999999998668,0.999999999998668
M3,1.185,-0.000585831123969677,0.999999999998719,0.999999999998719
M3,1.19,-0.000551014236572288,0.999999999998765,0.999999999998764
M3,1.195,-0.000518063383382068,0.99999999999881,0.99999999999881
M3,1.2,-0.000486540793555224,0.999999999998857,0.999999999998856
M3,1.205,-0.000458392098033284,0.999999999998892,0.999999999998892
M3,1.21,-0.000432159615025962,0.999999999998923,0.999999999998923
M3,1.215,-0.000407347793779094,0.999999999998953,0.999999999998953
M3,1.22,-0.000385430921652853,0.999999999998968,0.999999999998968
M3,1.225,-0.000365395462572191,0.999999999998973,0.999999999998972
M3,1.23,-0.000347240262377685,0.99999999999897,0.99999999999897
M3,1.235,-0.000330952890892795,0.999999999998951,0.999999999998951
M3,1.24,-0.000316265649651988,0.999999999998916,0.999999999998916
M3,1.245,-0.000303848533215633,0.999999999998864,0.999999999998864
M3,1.25,-0.000292932856925469,0.999999999998794,0.999999999998794
M3,1.255,-0.000282588109234476,0.999999999998706,0.999999999998706
M3,1.26,-0.000274652585746802,0.999999999998596,0.999999999998596
M3,1.265,-0.000268687523041481,0.999999999998465,0.999999999998465
M3,1.27,-0.000261694773171881,0.99999999999833,0.99999999999833
M3,1.275,-0.000256920614720276,0.999999999998183,0.999999999998183
M3,1.28,-0.000255158556698125,0.999999999998037,0.999999999998037
M3,1.285,-0.000250669391155682,0.999999999997931,0.999999999997931
M3,1.29,-0.000247925193106903,0.999999999997868,0.999999999997869
M3,1.295,-0.000249267410790517,0.999999999997888,0.999999999997888
M3,1.3,-0.000246634709756794,0.999999999998004,0.999999999998004
M3,1.305,-0.000245136639277264,0.99999999999822,0.99999999999822
M3,1.31,-0.000248341311152588,0.999999999998538,0.999999999998538
M3,1.315,-0.000249781956304869,0.999999999998851,0.999999999998851
M3,1.32,-0.000250317714561779,0.999999999999083,0.999999999999083
M3,1.325,-0.000249766512524325,0.999999999999172,0.999999999999172
M3,1.33,-0.000250016981688294,0.999999999999104,0.999999999999103
M3,1.335,-0.000252486266630839,0.999999999998899,0.999999999998899
M3,1.34,-0.000253808058234525,0.999999999998636,0.999999999998636
M3,1.345,-0.000255345824663259,0.999999999998371,0.999999999998371
M3,1.35,-0.000257123298336519,0.999999999998152,0.999999999998153
M3,1.355,-0.000259058488271504,0.999999999998003,0.999999999998003
M3,1.36,-0.000261479616933052,0.999999999997919,0.999999999997919
M3,1.365,-0.000264096498775616,0.999999999997896,0.999999999997896
M3,1.37,-0.000267056935929826,0.999999999997918,0.999999999997918
M3,1.375,-0.00027055429875067,0.999999999997972,0.999999999997972
M3,1.38,-0.000274568964430479,0.999999999998046,0.999999999998046
M3,1.385,-0.000279094223451164,0.999999999998131,0.999999999998131
M3,1.39,-0.000284548465072204,0.99999999999822,0.99999999999822
M3,1.395,-0.000290557704155392,0.999999999998308,0.999999999998308
M3,1.4,-0.00029774291828307,0.999999999998393,0.999999999998393
M3,1.405,-0.000305954034949018,0.999999999998471,0.999999999998471
M3,1.41,-0.000314762763523202,0.999999999998544,0.999999999998544
M3,1.415,-0.00032549010877345,0.999999999998608,0.999999999998608
M3,1.42,-0.000337330338395821,0.999999999998665,0.999999999998666
M3,1.425,-0.000350388544100211,0.999999999998715,0.999999999998715
M3,1.43,-0.000365534025514622,0.999999999998757,0.999999999998757
M3,1.435,-0.000381969737134629,0.999999999998792,0.999999999998792
M3,1.44,-0.000400391074700895,0.999999999998821,0.999999999998821
M3,1.445,-0.000420959280029146,0.999999999998843,0.999999999998843
M3,1.45,-0.000443102065567292,0.999999999998859,0.999999999998859
M3,1.455,-0.000467985006404084,0.999999999998869,0.999999999998869
M3,1.46,-0.000495000089617892,0.999999999998874,0.999999999998874
M3,1.465,-0.000524159550578001,0.999999999998872,0.999999999998872
M3,1.47,-0.000556222464385697,0.999999999998867,0.999999999998867
M3,1.475,-0.00059065377025355,0.999999999998856,0.999999999998856
M3,1.48,-0.000627818612560813,0.99999999999884,0.99999999999884
M3,1.485,-0.000667978483384707,0.999999999998821,0.999999999998821
M3,1.49,-0.000710698781833884,0.999999999998798,0.999999999998798
M3,1.495,-0.000756777215745537,0.999999999998771,0.999999999998771
M3,1.5,-0.00080586495603789,0.999999999998741,0.999999999998741
M3,1.505,-0.000857798382234256,0.999999999998708,0.999999999998708
M3,1.51,-0.000913353626493845,0.999999999998672,0.999999999998672
M3,1.515,-0.000971998264053964,0.999999999998634,0.999999999998633
M3,1.52,-0.00103381274030555,0.999999999998591,0.999999999998591
M3,1.525,-0.00109939498798436,0.999999999998545,0.999999999998545
M3,1.53,-0.00116815578552777,0.999999999998495,0.999999999998495
M3,1.535,-0.0012405300758525,0.999999999998439,0.999999999998439
M3,1.54,-0.00131662850543551,0.999999999998377,0.999999999998377
M3,1.545,-0.00139573644115226,0.999999999998308,0.999999999998308
M3,1.55,-0.0014790296874684,0.999999999998229,0.999999999998229
M3,1.555,-0.0015658380938708,0.999999999998136,0.999999999998137
M3,1.56,-0.00165578457579531,0.99999999999803,0.999999999998029
M3,1.565,-0.00174999131229455,0.999999999997902,0.999999999997902
M3,1.57,-0.00184753280824075,0.999999999997747,0.999999999997747
M3,1.575,-0.00194839783601211,0.999999999997557,0.999999999997558
M3,1.58,-0.00205339343595521,0.99999999999732,0.99999999999732
M3,1.585,-0.00216141306307471,0.999999999997019,0.999999999997019
M3,1.59,-0.00227271902069476,0.999999999996629,0.999999999996629
M3,1.595,-0.00238787123119485,0.999999999996119,0.999999999996118
M3,1.6,-0.00250664482663464,0.999999999995444,0.999999999995444
M3,1.605,-0.00262855107598726,0.999999999994552,0.999999999994552
M3,1.61,-0.00275414256833791,0.999999999993385,0.999999999993385
M3,1.615,-0.00288348898759997,0.999999999991905,0.999999999991905
M3,1.62,-0.00301058919078748,0.999999999990106,0.999999999990106
M3,1.625,-0.00314621824416292,0.999999999988255,0.999999999988255
M3,1.63,-0.00328302442892763,0.999999999986862,0.999999999986862
M3,1.635,-0.00342218977974886,0.999999999986756,0.999999999986756
M3,1.64,-0.00356384658260425,0.99999999998868,0.99999999998868
M3,1.645,-0.00370713770957567,0.99999999999231,0.99999999999231
M3,1.65,-0.0038528982067796,0.99999999999584,0.99999999999584
M3,1.655,-0.00399929593541513,0.999999999997648,0.999999999997648
M3,1.66,-0.00414747165375965,0.999999999997739,0.999999999997739
M3,1.665,-0.00429736000356471,0.999999999995995,0.999999999995995
M3,1.67,-0.00444728878549479,0.999999999991825,0.999999999991825
M3,1.675,-0.00459627409512164,0.999999999986711,0.999999999986711
M3,1.68,-0.00474649676207775,0.999999999983494,0.999999999983494
M3,1.685,-0.00489595499438056,0.999999999983221,0.999999999983222
M3,1.69,-0.00504530796926505,0.99999999998508,0.99999999998508
M3,1.695,-0.00519366553651043,0.999999999987762,0.999999999987762
M3,1.7,-0.0053405614346749,0.999999999990369,0.999999999990369
M3,1.705,-0.00548565250915016,0.999999999992531,0.99999999999253
M3,1.71,-0.00562848036957638,0.999999999994193,0.999999999994193
M3,1.715,-0.0057686638970759,0.99999999999543,0.99999999999543
M3,1.72,-0.00590990237708025,0.99999999999634,0.99999999999634
M3,1.725,-0.00604516033692104,0.999999999997018,0.999999999997018
M3,1.73,-0.00617530363219177,0.999999999997529,0.999999999997529
M3,1.735,-0.00630027784832154,0.999999999997921,0.999999999997921
M3,1.74,-0.00641892134170651,0.999999999998226,0.999999999998226
M3,1.745,-0.00652374033297826,0.999999999998468,0.999999999998468
M3,1.75,-0.00663158802475816,0.999999999998661,0.999999999998661
M3,1.755,-0.00673143052053207,0.999999999998815,0.999999999998815
M3,1.76,-0.00682437021678919,0.999999999998938,0.999999999998938
M3,1.765,-0.00691031686548757,0.999999999999034,0.999999999999034
M3,1.77,-0.00698669187587655,0.999999999999106,0.999999999999106
M3,1.775,-0.00705501892092606,0.999999999999157,0.999999999999156
M3,1.78,-0.00711526039223377,0.999999999999187,0.999999999999187
M3,1.785,-0.00716484804503359,0.999999999999199,0.999999999999199
M3,1.79,-0.00719627535647145,0.999999999999193,0.999999999999193
M3,1.795,-0.00722683392054257,0.999999999999172,0.999999999999172
M3,1.8,-0.00724581710251027,0.999999999999136,0.999999999999136
M3,1.805,-0.00725208123521566,0.999999999999088,0.999999999999088
M3,1.81,-0.00725586730040398,0.999999999999029,0.999999999999029
M3,1.815,-0.00723528921197198,0.999999999998958,0.999999999998958
M3,1.82,-0.00722144376299669,0.999999999998882,0.999999999998882
M3,1.825,-0.00717410386183356,0.999999999998795,0.999999999998796
M3,1.83,-0.00714981197066833,0.999999999998708,0.999999999998708
M3,1.835,-0.00708982707837758,0.999999999998613,0.999999999998613
M3,1.84,-0.00701895963042168,0.999999999998516,0.999999999998516
M3,1.845,-0.0069423479787366,0.999999999998419,0.999999999998418
M3,1.85,-0.00686187508324692,0.999999999998325,0.999999999998325
M3,1.855,-0.00676566518589853,0.999999999998236,0.999999999998236
M3,1.86,-0.00665965722016039,0.999999999998156,0.999999999998156
M3,1.865,-0.00653915209360213,0.999999999998087,0.999999999998087
M3,1.87,-0.0064195851997553,0.999999999998037,0.999999999998037
M3,1.875,-0.00627585436565036,0.999999999998002,0.999999999998002
M3,1.88,-0.00614130952684942,0.999999999997987,0.999999999997987
M3,1.885,-0.00600802513284518,0.999999999997987,0.999999999997987
M3,1.89,-0.00583929165698553,0.999999999998002,0.999999999998001
M3,1.895,-0.00568874001381886,0.999999999998026,0.999999999998026
M3,1.9,-0.00554576460113743,0.999999999998055,0.999999999998055
M3,1.905,-0.00537839536903003,0.999999999998092,0.999999999998092
M3,1.91,-0.00521532817814302,0.999999999998132,0.999999999998132
M3,1.915,-0.00504773415758302,0.999999999998173,0.999999999998173
M3,1.92,-0.00487876553113242,0.999999999998215,0.999999999998215
M3,1.925,-0.00471090776796879,0.999999999998258,0.999999999998258
M3,1.93,-0.00453957772666475,0.999999999998301,0.999999999998301
M3,1.935,-0.00437199772686903,0.999999999998345,0.999999999998345
M3,1.94,-0.00420597499500717,0.999999999998389,0.999999999998389
M3,1.945,-0.00403973552915286,0.999999999998433,0.999999999998433
M3,1.95,-0.00387693400674046,0.999999999998477,0.999999999998476
M3,1.955,-0.0037138906915416,0.99999999999852,0.99999999999852
M3,1.96,-0.00356369721071291,0.999999999998564,0.999999999998564
M3,1.965,-0.00341088933510495,0.999999999998606,0.999999999998606
M3,1.97,-0.00326801257623353,0.999999999998648,0.999999999998648
M3,1.975,-0.00312691771427344,0.999999999998687,0.999999999998687
M3,1.98,-0.00299092396863996,0.999999999998724,0.999999999998724
M3,1.985,-0.00286129950324917,0.999999999998758,0.999999999998759
M3,1.99,-0.00273704316978409,0.999999999998789,0.999999999998789
M3,1.995,-0.0026199821046759,0.999999999998815,0.999999999998815
M3,2,-0.00250892598316118,0.999999999998837,0.999999999998837
M3,2.005,-0.00240353628705381,0.999999999998856,0.999999999998856
M3,2.01,-0.00230611154742736,0.999999999998871,0.999999999998871
M3,2.015,-0.00221295218370003,0.999999999998884,0.999999999998884
M3,2.02,-0.00212907258276634,0.999999999998896,0.999999999998896
M3,2.025,-0.00204888403238337,0.999999999998906,0.999999999998906
M3,2.03,-0.00197805708247664,0.999999999998916,0.999999999998916
M3,2.035,-0.00191163343507994,0.999999999998925,0.999999999998925
M3,2.04,-0.00185250335302658,0.999999999998932,0.999999999998932
M3,2.045,-0.00179911985560173,0.999999999998938,0.999999999998938
M3,2.05,-0.00175137587040047,0.999999999998942,0.999999999998942
M3,2.055,-0.00171004475279819,0.999999999998944,0.999999999998944
M3,2.06,-0.0016736066057215,0.999999999998942,0.999999999998942
M3,2.065,-0.00164322313192367,0.999999999998938,0.999999999998938
M3,2.07,-0.00161739004322445,0.999999999998931,0.999999999998931
M3,2.075,-0.00159683916113321,0.999999999998922,0.999999999998922
M3,2.08,-0.00158081868490789,0.999999999998909,0.999999999998909
M3,2.085,-0.00156942315113439,0.999999999998894,0.999999999998894
M3,2.09,-0.00156204229018948,0.999999999998877,0.999999999998877
M3,2.095,-0.00155856470655046,0.999999999998858,0.999999999998858
M3,2.1,-0.00155865561333662,0.999999999998837,0.999999999998837
M3,2.105,-0.00156212773816945,0.999999999998815,0.999999999998814
M3,2.11,-0.00156861485078952,0.999999999998791,0.999999999998791
M3,2.115,-0.00157805204196022,0.999999999998765,0.999999999998765
M3,2.12,-0.00158981122067338,0.99999999999874,0.999999999998739
M3,2.125,-0.00160422541687581,0.999999999998712,0.999999999998712
M3,2.13,-0.00162039347403368,0.999999999998685,0.999999999998685
M3,2.135,-0.00163870613969256,0.999999999998657,0.999999999998657
M3,2.14,-0.00165840191778107,0.999999999998628,0.999999999998628
M3,2.145,-0.00167976892698264,0.9999999999986,0.9999999999986
M3,2.15,-0.00170202803401182,0.999999999998572,0.999999999998572
M3,2.155,-0.00172524765710669,0.999999999998544,0.999999999998544
M3,2.16,-0.00174920124702508,0.999999999998516,0.999999999998517
M3,2.165,-0.00177372586082098,0.99999999999849,0.99999999999849
M3,2.17,-0.00179858491793375,0.999999999998464,0.999999999998464
M3,2.175,-0.00182357402583433,0.999999999998439,0.999999999998439
M3,2.18,-0.00184857910317529,0.999999999998415,0.999999999998416
M3,2.185,-0.00187342850127515,0.999999999998394,0.999999999998394
M3,2.19,-0.00189796131787075,0.999999999998375,0.999999999998375
M3,2.195,-0.00192195219244955,0.999999999998357,0.999999999998357
M3,2.2,-0.00194534253444596,0.999999999998343,0.999999999998343
M3,2.205,-0.00196800072878789,0.999999999998331,0.999999999998331
M3,2.21,-0.00198974217875289,0.999999999998322,0.999999999998322
M3,2.215,-0.00201056493459102,0.999999999998317,0.999999999998317
M3,2.22,-0.0020302280824773,0.999999999998316,0.999999999998316
M3,2.225,-0.00204873918507475,0.999999999998319,0.999999999998319
M3,2.23,-0.00206593892540988,0.999999999998327,0.999999999998327
M3,2.235,-0.0020817536187846,0.999999999998339,0.999999999998339
M3,2.24,-0.00209616174020926,0.999999999998356,0.999999999998356
M3,2.245,-0.00210904924423573,0.999999999998378,0.999999999998378
M3,2.25,-0.00212061035893862,0.999999999998405,0.999999999998405
M3,2.255,-0.00213028370981266,0.999999999998437,0.999999999998437
M3,2.26,-0.00213798023102676,0.999999999998474,0.999999999998474
M3,2.265,-0.00214448273717321,0.999999999998516,0.999999999998516
M3,2.27,-0.00214876094968162,0.999999999998561,0.999999999998562
M3,2.275,-0.00215125507350695,0.999999999998611,0.999999999998611
M3,2.28,-0.00215224329392003,0.999999999998665,0.999999999998665
M3,2.285,-0.00215084227208903,0.99999999999872,0.99999999999872
M3,2.29,-0.00214798623587469,0.999999999998777,0.999999999998777
M3,2.295,-0.00214326572660221,0.999999999998836,0.999999999998836
M3,2.3,-0.00213651486519469,0.999999999998894,0.999999999998894
M3,2.305,-0.00212963635426932,0.999999999998952,0.999999999998952
M3,2.31,-0.00211917385332804,0.999999999999007,0.999999999999007
M3,2.315,-0.00210449694344728,0.999999999999061,0.999999999999061
M3,2.32,-0.00209029756852734,0.99999999999911,0.99999999999911
M3,2.325,-0.0020750244451941,0.999999999999156,0.999999999999156
M3,2.33,-0.00205733936504649,0.999999999999197,0.999999999999197
M3,2.335,-0.00203704132738803,0.999999999999233,0.999999999999233
M3,2.34,-0.00201572001782104,0.999999999999263,0.999999999999263
M3,2.345,-0.00199265153322566,0.999999999999288,0.999999999999288
M3,2.35,-0.00196794522180479,0.999999999999306,0.999999999999306
M3,2.355,-0.00194164476861409,0.999999999999319,0.999999999999318
M3,2.36,-0.00191379173083133,0.999999999999325,0.999999999999325
M3,2.365,-0.00188444108387088,0.999999999999327,0.999999999999327
M3,2.37,-0.00185367103925081,0.999999999999323,0.999999999999323
M3,2.375,-0.00182154954796935,0.999999999999315,0.999999999999315
M3,2.38,-0.00178815251540185,0.999999999999302,0.999999999999302
M3,2.385,-0.00175354995925862,0.999999999999285,0.999999999999286
M3,2.39,-0.00171782547356875,0.999999999999265,0.999999999999265
M3,2.395,-0.00168109816135498,0.999999999999241,0.999999999999241
M3,2.4,-0.00164348439749938,0.999999999999215,0.999999999999215
M3,2.405,-0.00160498471684959,0.999999999999184,0.999999999999184
M3,2.41,-0.0015657977436985,0.99999999999915,0.99999999999915
M3,2.415,-0.00152606045943875,0.999999999999109,0.99999999999911
M3,2.42,-0.00148575173075549,0.999999999999062,0.999999999999062
M3,2.425,-0.0014451164550877,0.999999999999002,0.999999999999002
M3,2.43,-0.00140431745189474,0.999999999998925,0.999999999998925
M3,2.435,-0.00136331084680625,0.999999999998819,0.999999999998819
M3,2.44,-0.0013219060802891,0.99999999999867,0.99999999999867
M3,2.445,-0.00128090045882163,0.999999999998456,0.999999999998456
M3,2.45,-0.00124087340543917,0.999999999998144,0.999999999998144
M3,2.455,-0.00120030928644861,0.999999999997695,0.999999999997695
M3,2.46,-0.00116183416769677,0.999999999997054,0.999999999997054
M3,2.465,-0.00112249718572282,0.999999999996212,0.999999999996212
M3,2.47,-0.00108669424829033,0.999999999995123,0.999999999995123
M3,2.475,-0.00104985289250575,0.99999999999407,0.99999999999407
M3,2.48,-0.00101475127819571,0.99999999999338,0.99999999999338
M3,2.485,-0.000981060722119813,0.999999999993635,0.999999999993635
M3,2.49,-0.000948927123030467,0.999999999995118,0.999999999995118
M3,2.495,-0.000918630052963882,0.99999999999722,0.999999999997219
M3,2.5,-0.000890209478675658,0.999999999998658,0.999999999998658
M3,2.505,-0.000863767706622225,0.99999999999896,0.99999999999896
M3,2.51,-0.000839461493298723,0.999999999998972,0.999999999998972
M3,2.515,-0.000817445505161287,0.999999999998859,0.999999999998858
M3,2.52,-0.000797764959658386,0.999999999997685,0.999999999997685
M3,2.525,-0.00078065455792437,0.999999999995486,0.999999999995486
M3,2.53,-0.000765590398412047,0.999999999993701,0.999999999993701
M3,2.535,-0.000753284419114315,0.999999999993139,0.999999999993139
M3,2.54,-0.000743028280572982,0.9999999999938,0.9999999999938
M3,2.545,-0.000735318627379076,0.999999999994971,0.999999999994971
M3,2.55,-0.000729928222914055,0.999999999996174,0.999999999996174
M3,2.555,-0.000726733402974932,0.999999999997161,0.999999999997161
M3,2.56,-0.000725640366059643,0.999999999997874,0.999999999997875
M3,2.565,-0.000726503466713085,0.999999999998347,0.999999999998347
M3,2.57,-0.000729049407789139,0.999999999998639,0.999999999998639
M3,2.575,-0.000733339966808706,0.999999999998806,0.999999999998806
M3,2.58,-0.000739038032601504,0.999999999998892,0.999999999998892
M3,2.585,-0.000745883827974888,0.999999999998927,0.999999999998927
M3,2.59,-0.000753694887916106,0.999999999998931,0.999999999998931
M3,2.595,-0.000762215012263872,0.999999999998917,0.999999999998917
M3,2.6,-0.000770497759970188,0.999999999998892,0.999999999998892
M3,2.605,-0.000779040614978862,0.999999999998859,0.999999999998859
M3,2.61,-0.000787416783535706,0.999999999998819,0.999999999998819
M3,2.615,-0.000797863167272184,0.999999999998771,0.999999999998771
M3,2.62,-0.000805672362059291,0.999999999998718,0.999999999998717
M3,2.625,-0.000812719225616319,0.999999999998656,0.999999999998656
M3,2.63,-0.000821275720042178,0.999999999998584,0.999999999998584
M3,2.635,-0.000826633692817604,0.999999999998507,0.999999999998507
M3,2.64,-0.000831020382550735,0.999999999998422,0.999999999998422
M3,2.645,-0.000837144586201709,0.999999999998329,0.999999999998329
M3,2.65,-0.000839780958240155,0.999999999998237,0.999999999998237
M3,2.655,-0.000840995019906335,0.999999999998144,0.999999999998144
M3,2.66,-0.000840534920598971,0.999999999998057,0.999999999998057
M3,2.665,-0.000839216391089446,0.999999999997978,0.999999999997977
M3,2.67,-0.000836216372562092,0.999999999997909,0.999999999997908
M3,2.675,-0.000831673221073108,0.999999999997853,0.999999999997853
M3,2.68,-0.000826478759697936,0.999999999997813,0.999999999997813
M3,2.685,-0.000819572849737029,0.999999999997787,0.999999999997787
M3,2.69,-0.000811544577200597,0.999999999997778,0.999999999997778
M3,2.695,-0.000802968587161553,0.999999999997783,0.999999999997783
M3,2.7,-0.000793080723975051,0.9999999999978,0.999999999997801
M3,2.705,-0.000782662772336461,0.99999999999783,0.99999999999783
M3,2.71,-0.000771435357448727,0.999999999997868,0.999999999997868
M3,2.715,-0.000759467256804218,0.999999999997914,0.999999999997914
M3,2.72,-0.000747638998287256,0.999999999997964,0.999999999997964
M3,2.725,-0.000735137130891442,0.999999999998018,0.999999999998018
M3,2.73,-0.000722696907324096,0.999999999998074,0.999999999998073
M3,2.735,-0.000710336317998347,0.999999999998129,0.999999999998128
M3,2.74,-0.000697961709302746,0.999999999998183,0.999999999998183
M3,2.745,-0.000686154617036532,0.999999999998236,0.999999999998236
M3,2.75,-0.000674595497878801,0.999999999998287,0.999999999998286
M3,2.755,-0.000663645464250892,0.999999999998334,0.999999999998334
M3,2.76,-0.000653654190349921,0.999999999998378,0.999999999998378
M3,2.765,-0.000644020007091972,0.99999999999842,0.99999999999842
M3,2.77,-0.000635646263602766,0.999999999998457,0.999999999998457
M3,2.775,-0.000628072430624524,0.999999999998492,0.999999999998492
M3,2.78,-0.000621869809222776,0.999999999998523,0.999999999998523
M3,2.785,-0.000616712316367372,0.999999999998552,0.999999999998552
M3,2.79,-0.000613040850273684,0.999999999998576,0.999999999998577
M3,2.795,-0.000610679833535034,0.999999999998599,0.999999999998599
M3,2.8,-0.000609905773548772,0.999999999998619,0.999999999998619
M3,2.805,-0.000610657403686246,0.999999999998635,0.999999999998635
M3,2.81,-0.000613101240472261,0.999999999998649,0.999999999998649
M3,2.815,-0.000617241517403116,0.999999999998661,0.999999999998661
M3,2.82,-0.000623176927709735,0.99999999999867,0.99999999999867
M3,2.825,-0.000630946109158232,0.999999999998676,0.999999999998676
M3,2.83,-0.000640612035779147,0.99999999999868,0.99999999999868
M3,2.835,-0.000652209161198643,0.999999999998681,0.999999999998681
M3,2.84,-0.000665779409236812,0.999999999998679,0.99999999999868
M3,2.845,-0.000681388833461754,0.999999999998675,0.999999999998675
M3,2.85,-0.00069903818929462,0.999999999998668,0.999999999998668
M3,2.855,-0.000718787126287966,0.999999999998657,0.999999999998657
M3,2.86,-0.00074064186570885,0.999999999998644,0.999999999998644
M3,2.865,-0.000764641149327363,0.999999999998627,0.999999999998627
M3,2.87,-0.00079079031583605,0.999999999998607,0.999999999998607
M3,2.875,-0.000819124925211805,0.999999999998584,0.999999999998584
M3,2.88,-0.000849638596975064,0.999999999998557,0.999999999998557
M3,2.885,-0.000882369545492014,0.999999999998527,0.999999999998527
M3,2.89,-0.000917286849781065,0.999999999998495,0.999999999998495
M3,2.895,-0.000954448268095597,0.999999999998461,0.999999999998461
M3,2.9,-0.000993797772873399,0.999999999998426,0.999999999998426
M3,2.905,-0.00103582436104531,0.99999999999839,0.99999999999839
M3,2.91,-0.00107970001896631,0.999999999998358,0.999999999998358
M3,2.915,-0.00112534876853996,0.999999999998333,0.999999999998334
M3,2.92,-0.00117389543972676,0.999999999998314,0.999999999998314
M3,2.925,-0.00122395695186184,0.999999999998312,0.999999999998312
M3,2.93,-0.00127637062154114,0.999999999998324,0.999999999998324
M3,2.935,-0.0013312106574276,0.999999999998352,0.999999999998352
M3,2.94,-0.00138836396220506,0.999999999998396,0.999999999998397
M3,2.945,-0.00144729273963913,0.999999999998458,0.999999999998458
M3,2.95,-0.00150860323265014,0.999999999998527,0.999999999998527
M3,2.955,-0.00157175665677132,0.999999999998597,0.999999999998597
M3,2.96,-0.00163733637786569,0.999999999998659,0.999999999998659
M3,2.965,-0.00170458174123054,0.999999999998704,0.999999999998704
M3,2.97,-0.00177469827185196,0.999999999998725,0.999999999998725
M3,2.975,-0.00184557851274487,0.999999999998721,0.999999999998721
M3,2.98,-0.00191909055932695,0.999999999998686,0.999999999998686
M3,2.985,-0.0019947438256794,0.999999999998622,0.999999999998622
M3,2.99,-0.00207204765471083,0.999999999998528,0.999999999998529
M3,2.995,-0.00215109769394882,0.999999999998411,0.999999999998411
M3,3,-0.00223206770175432,0.999999999998279,0.999999999998279
M3,3.005,-0.00231532088072187,0.999999999998147,0.999999999998147
M3,3.01,-0.00240022480782342,0.999999999998026,0.999999999998025
M3,3.015,-0.00248621004205071,0.999999999997923,0.999999999997922
M3,3.02,-0.00257429504403448,0.999999999997849,0.999999999997848
M3,3.025,-0.00266471746914452,0.999999999997803,0.999999999997803
M3,3.03,-0.00275584218820049,0.999999999997779,0.999999999997779
M3,3.035,-0.0028478449065025,0.999999999997773,0.999999999997773
M3,3.04,-0.00294344660120598,0.999999999997784,0.999999999997784
M3,3.045,-0.00303875800433278,0.999999999997798,0.999999999997798
M3,3.05,-0.00313576896845433,0.999999999997815,0.999999999997815
M3,3.055,-0.00323494375772791,0.999999999997831,0.999999999997832
M3,3.06,-0.00333378036984437,0.999999999997845,0.999999999997845
M3,3.065,-0.00343618255103282,0.999999999997853,0.999999999997853
M3,3.07,-0.00353687841533796,0.999999999997856,0.999999999997856
M3,3.075,-0.00364239444833241,0.999999999997852,0.999999999997852
M3,3.08,-0.00374498213478328,0.999999999997843,0.999999999997843
M3,3.085,-0.00385273455194324,0.999999999997827,0.999999999997828
M3,3.09,-0.00395710614856004,0.999999999997807,0.999999999997807
M3,3.095,-0.00406669677937218,0.999999999997782,0.999999999997782
M3,3.1,-0.00417576948451537,0.999999999997752,0.999999999997752
M3,3.105,-0.00429523534552659,0.999999999997718,0.999999999997718
M3,3.11,-0.0043926816540188,0.999999999997684,0.999999999997684
M3,3.115,-0.00451195283613349,0.999999999997648,0.999999999997648
M3,3.12,-0.00462498362389097,0.999999999997613,0.999999999997613
M3,3.125,-0.00472524092605858,0.999999999997583,0.999999999997583
M3,3.13,-0.0048511090202736,0.999999999997556,0.999999999997556
M3,3.135,-0.00493960765063575,0.999999999997539,0.999999999997539
M3,3.14,-0.00504894942914181,0.999999999997529,0.999999999997529
M3,3.145,-0.00516164850734675,0.999999999997527,0.999999999997527
M3,3.15,-0.00528352388357051,0.99999999999753,0.99999999999753
M3,3.155,-0.00538212615230026,0.999999999997536,0.999999999997536
M3,3.16,-0.00549956248375141,0.999999999997534,0.999999999997534
M3,3.165,-0.00559568766584922,0.999999999997517,0.999999999997517
M3,3.17,-0.00570531163955238,0.999999999997478,0.999999999997478
M3,3.175,-0.00581827264295518,0.999999999997412,0.999999999997412
M3,3.18,-0.00591955993697631,0.999999999997316,0.999999999997316
M3,3.185,-0.00602172552068198,0.999999999997195,0.999999999997195
M3,3.19,-0.00612602267285867,0.999999999997057,0.999999999997057
M3,3.195,-0.00622527621734034,0.999999999996914,0.999999999996914
M3,3.2,-0.00632518330005056,0.999999999996776,0.999999999996776
M3,3.205,-0.00642299905639001,0.999999999996649,0.999999999996649
M3,3.21,-0.00651872946570114,0.999999999996536,0.999999999996535
M3,3.215,-0.00661126796531349,0.999999999996435,0.999999999996435
M3,3.22,-0.00670160411941392,0.999999999996346,0.999999999996345
M3,3.225,-0.00678923417027805,0.99999999999627,0.99999999999627
M3,3.23,-0.00687375375897512,0.999999999996218,0.999999999996217
M3,3.235,-0.00695651918571917,0.999999999996219,0.999999999996219
M3,3.24,-0.00703226227916831,0.99999999999634,0.99999999999634
M3,3.245,-0.00710701871043007,0.999999999996598,0.999999999996598
M3,3.25,-0.00717709339706896,0.9999999999947,0.9999999999947
M3,3.255,-0.00724280399612543,0.999999999889628,0.999999999889629
M3,3.26,-0.00730031073932409,0.999999922051646,0.999999922051646
M3,3.265,-0.0072447590792972,0.999999533436445,0.999999533436445
M3,3.27,-0.00713212775955088,0.999999999014964,0.999999999014964
M3,3.275,-0.00701815983141293,0.999999999941145,0.999999999941145
M3,3.28,-0.00690475106588071,0.999999999987428,0.999999999987428
M3,3.285,-0.00679162372139228,0.999999999994077,0.999999999994077
M3,3.29,-0.00668084906327572,0.999999999995585,0.999999999995585
M3,3.295,-0.00656983883323297,0.999999999995908,0.999999999995908
M3,3.3,-0.00645857704418823,0.999999999995828,0.999999999995828
M3,3.305,-0.00634733387056626,0.999999999995554,0.999999999995554
M3,3.31,-0.00623655029063897,0.99999999999516,0.99999999999516
M3,3.315,-0.0061329020118022,0.999999999994662,0.999999999994662
M3,3.32,-0.00602211714302243,0.999999999994129,0.999999999994129
M3,3.325,-0.00592293210378311,0.999999999993489,0.999999999993489
M3,3.33,-0.00579247294731329,0.99999999999305,0.99999999999305
M3,3.335,-0.00568406690769675,0.999999999992499,0.999999999992499
M3,3.34,-0.00557161048317304,0.99999999999208,0.99999999999208
M3,3.345,-0.00545871324550634,0.999999999991808,0.999999999991808
M3,3.35,-0.00534586249611985,0.999999999991804,0.999999999991804
M3,3.355,-0.00523503013207724,0.999999999992225,0.999999999992225
M3,3.36,-0.00511796998152014,0.999999999993248,0.999999999993248
M3,3.365,-0.00500236137101688,0.999999999994897,0.999999999994896
M3,3.37,-0.00488432251640376,0.999999999997067,0.999999999997067
M3,3.375,-0.00476375906120042,0.999999999999047,0.999999999999047
M3,3.38,-0.00464049638435593,0.999999999998695,0.999999999998696
M3,3.385,-0.00451346473090408,0.999999999991341,0.999999999991341
M3,3.39,-0.00438287224828352,0.999999999968319,0.999999999968319
M3,3.395,-0.00424770059414689,0.999999999916849,0.999999999916849
M3,3.4,-0.00410753603560826,0.999999999824372,0.999999999824372
M3,3.405,-0.00396686240789171,0.999999999690138,0.999999999690138
M3,3.41,-0.00381476883798445,0.999999999527419,0.999999999527419
M3,3.415,-0.00365766840714255,0.999999999374857,0.999999999374858
M3,3.42,-0.00347882017754737,0.999999999272029,0.999999999272029
M3,3.425,-0.00331567618738046,0.99999999922487,0.99999999922487
M3,3.43,-0.0031436903079359,0.999999999237112,0.999999999237112
M3,3.435,-0.00297213335960935,0.999999999294443,0.999999999294443
M3,3.44,-0.00282867436092719,0.999999999368852,0.999999999368852
M3,3.445,-0.00271742398853488,0.99999999946006,0.99999999946006
M3,3.45,-0.00269189698352446,0.999999999538782,0.999999999538782
M3,3.455,-0.00283224613494536,0.999999999492969,0.999999999492969
M3,3.46,-0.0033912158318024,0.999999522015756,0.999999522015756
M3,3.465,-0.00329005191122018,0.999999824789899,0.999999824789898
M3,3.47,-0.00329149555342113,0.999999998725035,0.999999998725035
M3,3.475,-0.00329919225454118,0.999999998944993,0.999999998944994
M3,3.48,-0.00331109015122723,0.999999928191559,0.999999928191559
M3,3.485,-0.00330305256300879,0.999988965467453,0.999988965467453
M3,3.49,-0.00321894996684635,0.999999983904873,0.999999983904872
M3,3.495,-0.00312572150592306,0.999999999485097,0.999999999485097
M3,3.5,-0.00303562236758597,0.999999999931781,0.99999999993178
M3,3.505,-0.00294945008568189,0.999999999981298,0.999999999981298
M3,3.51,-0.00286724650634415,0.999999999991964,0.999999999991964
M3,3.515,-0.00278881001468171,0.99999999999538,0.999999999995381
M3,3.52,-0.00271399963032553,0.999999999996801,0.999999999996801
M3,3.525,-0.00264260899162735,0.99999999999751,0.99999999999751
M3,3.53,-0.00257441667472361,0.999999999997913,0.999999999997913
M3,3.535,-0.00250917520569562,0.999999999998166,0.999999999998166
M3,3.54,-0.00244670472654488,0.999999999998338,0.999999999998338
M3,3.545,-0.00238724588533712,0.999999999998461,0.999999999998461
M3,3.55,-0.00232964004367287,0.999999999998554,0.999999999998554
M3,3.555,-0.00227414529043744,0.999999999998626,0.999999999998626
M3,3.56,-0.00222072556330788,0.999999999998683,0.999999999998683
M3,3.565,-0.0021694562758532,0.99999999999873,0.99999999999873
M3,3.57,-0.00211987045251187,0.999999999998769,0.999999999998769
M3,3.575,-0.00207171146324442,0.999999999998801,0.999999999998801
M3,3.58,-0.00202703900187335,0.999999999998827,0.999999999998827
M3,3.585,-0.0019829459362602,0.999999999998848,0.999999999998849
M3,3.59,-0.001937512456155,0.999999999998867,0.999999999998867
M3,3.595,-0.00189552022286941,0.999999999998881,0.999999999998881
M3,3.6,-0.00185176151836408,0.999999999998893,0.999999999998894
M3,3.605,-0.00181147588684353,0.999999999998903,0.999999999998903
M3,3.61,-0.00176981867039047,0.99999999999891,0.99999999999891
M3,3.615,-0.00173097520000407,0.999999999998915,0.999999999998915
M3,3.62,-0.00169099433440913,0.999999999998919,0.999999999998919
M3,3.625,-0.00165337408773622,0.999999999998921,0.999999999998921
M3,3.63,-0.00161484967127899,0.999999999998922,0.999999999998922
M3,3.635,-0.0015783016012001,0.999999999998922,0.999999999998922
M3,3.64,-0.00154104955687322,0.999999999998921,0.999999999998921
M3,3.645,-0.00150546937690416,0.999999999998919,0.999999999998919
M3,3.65,-0.00146936019451273,0.999999999998917,0.999999999998917
M3,3.655,-0.00143468819694141,0.999999999998914,0.999999999998914
M3,3.66,-0.00139825405309344,0.999999999998912,0.999999999998912
M3,3.665,-0.00136478361001185,0.999999999998909,0.999999999998909
M3,3.67,-0.00133115753719997,0.999999999998907,0.999999999998907
M3,3.675,-0.00129806822396767,0.999999999998905,0.999999999998905
M3,3.68,-0.00126544143149426,0.999999999998904,0.999999999998904
M3,3.685,-0.00123093574367482,0.999999999998903,0.999999999998903
M3,3.69,-0.00120087619281557,0.999999999998903,0.999999999998903
M3,3.695,-0.00116849645894296,0.999999999998903,0.999999999998903
M3,3.7,-0.00113845417592071,0.999999999998904,0.999999999998905
M3,3.705,-0.00111024719949794,0.999999999998906,0.999999999998906
M3,3.71,-0.00107914535371583,0.999999999998909,0.999999999998909
M3,3.715,-0.00105154083307985,0.999999999998912,0.999999999998912
M3,3.72,-0.00102362772990159,0.999999999998915,0.999999999998915
M3,3.725,-0.000998475386049893,0.999999999998919,0.999999999998919
M3,3.73,-0.000972892319210111,0.999999999998923,0.999999999998923
M3,3.735,-0.000945660701778028,0.999999999998927,0.999999999998927
M3,3.74,-0.000922165482504124,0.999999999998931,0.999999999998931
M3,3.745,-0.000898434333656552,0.999999999998935,0.999999999998935
M3,3.75,-0.000874540457213813,0.999999999998938,0.999999999998938
M3,3.755,-0.000853575993010535,0.999999999998942,0.999999999998941
M3,3.76,-0.000832039084887005,0.999999999998943,0.999999999998943
M3,3.765,-0.000812363839529852,0.999999999998944,0.999999999998944
M3,3.77,-0.000794350061567668,0.999999999998945,0.999999999998945
M3,3.775,-0.000775792032915618,0.999999999998944,0.999999999998944
M3,3.78,-0.000760478645055949,0.999999999998942,0.999999999998941
M3,3.785,-0.000745776974944128,0.999999999998938,0.999999999998938
M3,3.79,-0.000731601513661758,0.999999999998934,0.999999999998934
M3,3.795,-0.000720325062112454,0.999999999998928,0.999999999998928
M3,3.8,-0.000709161555704152,0.999999999998921,0.999999999998921
M3,3.805,-0.000700157049484684,0.999999999998913,0.999999999998913
M3,3.81,-0.000693293803602867,0.999999999998904,0.999999999998904
M3,3.815,-0.000685891186024938,0.999999999998895,0.999999999998895
M3,3.82,-0.000681732459354848,0.999999999998884,0.999999999998884
M3,3.825,-0.000679015218631652,0.999999999998873,0.999999999998873
M3,3.83,-0.000678795695241778,0.99999999999886,0.99999999999886
M3,3.835,-0.000679632186330614,0.999999999998846,0.999999999998846
M3,3.84,-0.000681453194602824,0.999999999998829,0.999999999998829
M3,3.845,-0.000686230798777637,0.999999999998809,0.999999999998809
M3,3.85,-0.00069268528522864,0.999999999998785,0.999999999998785
M3,3.855,-0.000701070140070238,0.999999999998755,0.999999999998755
M3,3.86,-0.000711392838078735,0.999999999998719,0.999999999998719
M3,3.865,-0.000723847981942322,0.999999999998675,0.999999999998675
M3,3.87,-0.000738151217264071,0.999999999998622,0.999999999998622
M3,3.875,-0.000754269414788211,0.99999999999856,0.999999999998559
M3,3.88,-0.00077270324378506,0.999999999998488,0.999999999998488
M3,3.885,-0.000793038359446155,0.999999999998408,0.999999999998408
M3,3.89,-0.000815106159471674,0.999999999998321,0.999999999998321
M3,3.895,-0.00083936330540488,0.999999999998229,0.999999999998229
M3,3.9,-0.000865823686378,0.999999999998135,0.999999999998135
M3,3.905,-0.000893495440735916,0.999999999998042,0.999999999998041
M3,3.91,-0.000923549720502667,0.999999999997952,0.999999999997952
M3,3.915,-0.000955355578290096,0.999999999997868,0.999999999997868
M3,3.92,-0.000989001210581793,0.999999999997792,0.999999999997792
M3,3.925,-0.00102633482079882,0.999999999997725,0.999999999997725
M3,3.93,-0.00106145845543971,0.999999999997668,0.999999999997668
M3,3.935,-0.00110016853916127,0.99999999999762,0.99999999999762
M3,3.94,-0.00114136532294265,0.999999999997581,0.999999999997581
M3,3.945,-0.0011826366732047,0.999999999997549,0.999999999997549
M3,3.95,-0.00122522308205483,0.999999999997522,0.999999999997522
M3,3.955,-0.00126952539406079,0.9999999999975,0.9999999999975
M3,3.96,-0.001315212763032,0.99999999999748,0.999999999997481
M3,3.965,-0.00136171521963527,0.999999999997461,0.999999999997461
M3,3.97,-0.0014091015124609,0.999999999997439,0.999999999997439
M3,3.975,-0.00145696676157032,0.999999999997412,0.999999999997412
M3,3.98,-0.00150591554673664,0.999999999997377,0.999999999997377
M3,3.985,-0.00155516637833706,0.999999999997331,0.999999999997331
M3,3.99,-0.00160501541462762,0.999999999997271,0.999999999997271
M3,3.995,-0.00165514341202018,0.999999999997193,0.999999999997193
M3,4,-0.0017054426105831,0.999999999997094,0.999999999997094
M3,4.005,-0.00175580214920678,0.99999999999697,0.99999999999697
M3,4.01,-0.00180619083126128,0.999999999996818,0.999999999996818
M3,4.015,-0.00185644819351784,0.999999999996636,0.999999999996635
M3,4.02,-0.00190639750019236,0.999999999996419,0.999999999996419
M3,4.025,-0.00195605710023164,0.999999999996167,0.999999999996167
M3,4.03,-0.00200537912123585,0.999999999995879,0.999999999995879
M3,4.035,-0.00205425145210961,0.999999999995554,0.999999999995554
M3,4.04,-0.00210256801578244,0.999999999995195,0.999999999995195
M3,4.045,-0.00215033033555074,0.999999999994803,0.999999999994803
M3,4.05,-0.00219732203662732,0.999999999994384,0.999999999994384
M3,4.055,-0.00224330479529146,0.999999999993946,0.999999999993946
M3,4.06,-0.00228887614714062,0.999999999993498,0.999999999993498
M3,4.065,-0.0023337188945391,0.999999999993053,0.999999999993053
M3,4.07,-0.00237756938460553,0.999999999992627,0.999999999992627
M3,4.075,-0.00242024449041498,0.999999999992241,0.999999999992241
M3,4.08,-0.00246176363407052,0.999999999991919,0.999999999991919
M3,4.085,-0.00250237029354874,0.999999999991691,0.999999999991691
M3,4.09,-0.0025418371721506,0.999999999991596,0.999999999991596
M3,4.095,-0.00257986340517048,0.999999999991682,0.999999999991682
M3,4.1,-0.00261545605781611,0.999999999992014,0.999999999992014
M3,4.105,-0.00265229994810558,0.999999999992671,0.999999999992671
M3,4.11,-0.00268512471608463,0.999999999993718,0.999999999993718
M3,4.115,-0.00271725246838583,0.999999999994954,0.999999999994954
M3,4.12,-0.0027471078585614,0.999999999994099,0.999999999994099
M3,4.125,-0.00277505331988094,0.999999999970988,0.999999999970988
M3,4.13,-0.00280080183359704,0.999999999666175,0.999999999666175
M3,4.135,-0.0028235818634308,0.999999989999995,0.999999989999995
M3,4.14,-0.00283684291533707,0.999994327372797,0.999994327372797
M3,4.145,-0.00275788451930371,0.999999918731109,0.999999918731109
M3,4.15,-0.00263318992440596,0.999999999372339,0.999999999372339
M3,4.155,-0.00252193620099476,0.999999999947155,0.999999999947155
M3,4.16,-0.00242553348514231,0.999999999985076,0.999999999985076
M3,4.165,-0.00234273749136176,0.999999999991509,0.99999999999151
M3,4.17,-0.00227275138532454,0.999999999993438,0.999999999993438
M3,4.175,-0.00221441800447286,0.999999999994313,0.999999999994314
M3,4.18,-0.00216658261147763,0.999999999994857,0.999999999994857
M3,4.185,-0.00212804554758818,0.999999999995271,0.999999999995271
M3,4.19,-0.00209929129861646,0.999999999995627,0.999999999995626
M3,4.195,-0.00207912496837107,0.999999999995952,0.999999999995952
M3,4.2,-0.00206698251615529,0.999999999996261,0.999999999996261
M3,4.205,-0.00206244540787542,0.999999999996557,0.999999999996556
M3,4.21,-0.00206509972651299,0.999999999996836,0.999999999996836
M3,4.215,-0.00207475460434039,0.999999999997101,0.9999999999971
M3,4.22,-0.00209072613301391,0.999999999997346,0.999999999997346
M3,4.225,-0.00211308140831052,0.999999999997571,0.999999999997571
M3,4.23,-0.00214143389003804,0.999999999997771,0.999999999997771
M3,4.235,-0.00217568285708589,0.999999999997947,0.999999999997948
M3,4.24,-0.00221571675905755,0.999999999998096,0.999999999998096
M3,4.245,-0.0022612789841919,0.999999999998209,0.999999999998209
M3,4.25,-0.00231233596333166,0.999999999998279,0.999999999998279
M3,4.255,-0.00236883092257137,0.999999999998278,0.999999999998278
M3,4.26,-0.00243062197552993,0.999999999998121,0.999999999998121
M3,4.265,-0.00249771063448671,0.999999999997535,0.999999999997535
M3,4.27,-0.00257056078045906,0.99999999999548,0.99999999999548
M3,4.275,-0.00264747226488458,0.999999999987012,0.999999999987011
M3,4.28,-0.00273039463049766,0.999999999940459,0.999999999940459
M3,4.285,-0.00281799822663853,0.999999999513582,0.999999999513582
M3,4.29,-0.00291030292517962,0.999999988799792,0.999999988799791
M3,4.295,-0.00300258261066876,0.999997302596998,0.999997302596998
M3,4.3,-0.00305399465381523,0.999999668652781,0.999999668652781
M3,4.305,-0.00307452707517728,0.999999996819543,0.999999996819543
M3,4.31,-0.00309352874319413,0.999999999767304,0.999999999767303
M3,4.315,-0.00311351213250562,0.999999999956605,0.999999999956605
M3,4.32,-0.00313486603531713,0.999999999985833,0.999999999985833
M3,4.325,-0.0031577030792856,0.999999999993239,0.999999999993239
M3,4.33,-0.00318203872358762,0.999999999995822,0.999999999995822
M3,4.335,-0.0032078679303072,0.999999999996944,0.999999999996944
M3,4.34,-0.00323516606000916,0.999999999997515,0.999999999997514
M3,4.345,-0.00326389685886354,0.999999999997841,0.999999999997841
M3,4.35,-0.00329400298798876,0.999999999998045,0.999999999998045
M3,4.355,-0.00332543300030714,0.999999999998183,0.999999999998183
M3,4.36,-0.00335811454671072,0.999999999998281,0.999999999998282
M3,4.365,-0.00339199739763834,0.999999999998356,0.999999999998356
M3,4.37,-0.00342699857253791,0.999999999998415,0.999999999998415
M3,4.375,-0.0034630277265522,0.999999999998463,0.999999999998463
M3,4.38,-0.00350000542744976,0.999999999998503,0.999999999998503
M3,4.385,-0.00353783934075728,0.999999999998537,0.999999999998537
M3,4.39,-0.00357643475638036,0.999999999998566,0.999999999998566
M3,4.395,-0.00361569328497257,0.999999999998591,0.999999999998592
M3,4.4,-0.00365547677469653,0.999999999998611,0.999999999998611
M3,4.405,-0.00369574042739718,0.999999999998627,0.999999999998627
M3,4.41,-0.00373634754663276,0.999999999998639,0.999999999998639
M3,4.415,-0.00377717381660196,0.999999999998647,0.999999999998648
M3,4.42,-0.00381812577751651,0.999999999998652,0.999999999998652
M3,4.425,-0.00385905593644943,0.999999999998654,0.999999999998654
M3,4.43,-0.00389987046961113,0.999999999998654,0.999999999998654
M3,4.435,-0.00394041624110697,0.999999999998652,0.999999999998652
M3,4.44,-0.00398056226317459,0.999999999998651,0.99999999999865
M3,4.445,-0.00402016198544249,0.999999999998649,0.999999999998649
M3,4.45,-0.00405907031137763,0.999999999998648,0.999999999998648
M3,4.455,-0.00409722626631173,0.999999999998648,0.999999999998648
M3,4.46,-0.00413443750029019,0.999999999998648,0.999999999998649
M3,4.465,-0.00417057183769072,0.999999999998651,0.999999999998651
M3,4.47,-0.00420543504457041,0.999999999998654,0.999999999998654
M3,4.475,-0.00423896366003143,0.999999999998658,0.999999999998658
M3,4.48,-0.00427103374939396,0.999999999998663,0.999999999998663
M3,4.485,-0.00430131670330626,0.99999999999867,0.99999999999867
M3,4.49,-0.00432995345087936,0.999999999998677,0.999999999998677
M3,4.495,-0.0043564167544564,0.999999999998686,0.999999999998686
M3,4.5,-0.00438114791638503,0.999999999998697,0.999999999998697
M3,4.505,-0.00440320397598887,0.999999999998709,0.999999999998709
M3,4.51,-0.00442338220618699,0.999999999998724,0.999999999998724
M3,4.515,-0.00444042171552162,0.999999999998741,0.999999999998741
M3,4.52,-0.00445557878246744,0.99999999999876,0.999999999998759
M3,4.525,-0.00446704661336723,0.999999999998777,0.999999999998777
M3,4.53,-0.00447677132413131,0.999999999998786,0.999999999998786
M3,4.535,-0.00448258278467068,0.999999999998766,0.999999999998766
M3,4.54,-0.00448571381546575,0.999999999998658,0.999999999998658
M3,4.545,-0.00448532901947205,0.999999999998296,0.999999999998296
M3,4.55,-0.00448166628789292,0.99999999999716,0.99999999999716
M3,4.555,-0.00447458809571443,0.999999999993415,0.999999999993415
M3,4.56,-0.00446407735020428,0.999999999979297,0.999999999979297
M3,4.565,-0.00445010440799569,0.999999999911915,0.999999999911915
M3,4.57,-0.00443274128124673,0.99999999942727,0.99999999942727
M3,4.575,-0.00441233479971231,0.999999991729128,0.999999991729128
M3,4.58,-0.00439098915333223,0.999999140512999,0.999999140512999
M3,4.585,-0.00440682294613953,0.999993376434635,0.999993376434635
M3,4.59,-0.004492945964005,0.99999997715728,0.99999997715728
M3,4.595,-0.00458681979181048,0.999999996957445,0.999999996957445
M3,4.6,-0.00468337440194087,0.999999998153452,0.999999998153452
M3,4.605,-0.00478087566594908,0.999999998111185,0.999999998111185
M3,4.61,-0.00487667312051472,0.999999997679509,0.999999997679509
M3,4.615,-0.00497168977266819,0.999999996927496,0.999999996927496
M3,4.62,-0.00506233264950778,0.999999995812877,0.999999995812877
M3,4.625,-0.00513563238410418,0.999999994413272,0.999999994413273
M3,4.63,-0.00519381667611614,0.999999993511224,0.999999993511224
M3,4.635,-0.00522635105572221,0.999999995957978,0.999999995957977
M3,4.64,-0.00522305045655542,0.999999999549555,0.999999999549555
M3,4.645,-0.00516790315829334,0.999999971317457,0.999999971317457
M3,4.65,-0.00504191644186182,0.999999941875123,0.999999941875123
M3,4.655,-0.00482305218268175,0.999999947756843,0.999999947756843
M3,4.66,-0.00451540637423794,0.999999962740098,0.999999962740098
M3,4.665,-0.00415898167183349,0.999999990745534,0.999999990745534
M3,4.67,-0.00338036416912944,0.999996376630471,0.999996376630471
M3,4.675,-0.00329441848104044,0.999999984368819,0.999999984368819
M3,4.68,-0.00321401734818205,0.999999998193536,0.999999998193536
M3,4.685,-0.00313235386887833,0.999999912222465,0.999999912222466
M3,4.69,-0.00303333256722447,0.999991251333907,0.999991251333907
M3,4.695,-0.00288885627436416,0.999999971806605,0.999999971806605
M3,4.7,-0.00274323753314089,0.999999999150824,0.999999999150824
M3,4.705,-0.00260525018534383,0.999999999910205,0.999999999910205
M3,4.71,-0.00247540817038881,0.999999999982784,0.999999999982784
M3,4.715,-0.00235357249516482,0.999999999995225,0.999999999995225
M3,4.72,-0.0022395560360982,0.999999999998143,0.999999999998143
M3,4.725,-0.00213320348004458,0.99999999999893,0.99999999999893
M3,4.73,-0.00203414424383776,0.99999999999912,0.99999999999912
M3,4.735,-0.00194233444249598,0.999999999999117,0.999999999999117
M3,4.74,-0.00185750957288517,0.999999999999041,0.999999999999041
M3,4.745,-0.0017795357372003,0.999999999998936,0.999999999998936
M3,4.75,-0.00170805477882526,0.999999999998817,0.999999999998817
M3,4.755,-0.00164346717721699,0.99999999999869,0.99999999999869
M3,4.76,-0.00158483148986857,0.99999999999856,0.99999999999856
M3,4.765,-0.00153317427904134,0.999999999998433,0.999999999998433
M3,4.77,-0.00148727594280744,0.999999999998312,0.999999999998312
M3,4.775,-0.00144784446575747,0.999999999998206,0.999999999998206
M3,4.78,-0.00141486239434395,0.99999999999812,0.99999999999812
M3,4.785,-0.00138715712728075,0.999999999998066,0.999999999998066
M3,4.79,-0.00136627023313007,0.999999999998055,0.999999999998056
M3,4.795,-0.0013511442314438,0.999999999998099,0.999999999998099
M3,4.8,-0.00134257777521376,0.999999999998192,0.999999999998192
M3,4.805,-0.00133976690449891,0.999999999998245,0.999999999998245
M3,4.81,-0.00134330802733107,0.999999999997753,0.999999999997754
M3,4.815,-0.00135241646305767,0.999999999993873,0.999999999993873
M3,4.82,-0.0013682747799583,0.999999999967049,0.999999999967049
M3,4.825,-0.0013903695431899,0.999999999711933,0.999999999711933
M3,4.83,-0.0014182206338957,0.999999994146294,0.999999994146294
M3,4.835,-0.00144908379018704,0.999999095400419,0.999999095400419
M3,4.84,-0.00145614309776494,0.999998096188202,0.999998096188202
M3,4.845,-0.00143799980687679,0.999999980112136,0.999999980112136
M3,4.85,-0.00141771277275716,0.999999998757682,0.999999998757682
M3,4.855,-0.00139791158173974,0.99999999981205,0.99999999981205
M3,4.86,-0.00137892138990658,0.99999999995326,0.99999999995326
M3,4.865,-0.00136077915237027,0.999999999983645,0.999999999983645
M3,4.87,-0.00134345879440452,0.999999999992489,0.999999999992489
M3,4.875,-0.00132688772167601,0.999999999995672,0.999999999995672
M3,4.88,-0.00131102069173171,0.999999999997015,0.999999999997015
M3,4.885,-0.00129579489367116,0.999999999997659,0.999999999997658
M3,4.89,-0.00128116925019153,0.999999999998,0.999999999997999
M3,4.895,-0.00126706686750262,0.999999999998197,0.999999999998197
M3,4.9,-0.00125346561155007,0.999999999998321,0.999999999998321
M3,4.905,-0.00124032708130529,0.999999999998403,0.999999999998404
M3,4.91,-0.00122762888794871,0.999999999998463,0.999999999998462
M3,4.915,-0.00121530822340098,0.999999999998508,0.999999999998508
M3,4.92,-0.00120339980819375,0.999999999998544,0.999999999998544
M3,4.925,-0.00119185978719936,0.999999999998573,0.999999999998573
M3,4.93,-0.00118064562901363,0.999999999998599,0.999999999998599
M3,4.935,-0.0011698064067436,0.999999999998622,0.999999999998622
M3,4.94,-0.00115937086789401,0.999999999998643,0.999999999998643
M3,4.945,-0.00114927428722779,0.999999999998663,0.999999999998663
M3,4.95,-0.00113957000826088,0.999999999998682,0.999999999998682
M3,4.955,-0.0011302934127,0.999999999998701,0.999999999998701
M3,4.96,-0.0011218700358208,0.999999999998721,0.99999999999872
M3,4.965,-0.00111407535229934,0.999999999998742,0.999999999998742
M3,4.97,-0.00110565990711077,0.999999999998765,0.999999999998765
M3,4.975,-0.00109856715468509,0.999999999998791,0.999999999998791
M3,4.98,-0.00109278120830967,0.999999999998822,0.999999999998822
M3,4.985,-0.00108568669406328,0.999999999998858,0.999999999998858
M3,4.99,-0.00107865598916355,0.9999999999989,0.9999999999989
M3,4.995,-0.00107356864576633,0.999999999998951,0.999999999998951
M3,5,-0.0010700369752451,0.999999999999009,0.999999999999009
M3,5.005,-0.00106702323739442,0.99999999999907,0.99999999999907
M3,5.01,-0.00106361060809788,0.999999999999117,0.999999999999117
M3,5.015,-0.00106170562809777,0.999999999999103,0.999999999999103
M3,5.02,-0.00106140884295292,0.999999999998888,0.999999999998888
M3,5.025,-0.00106117530724571,0.999999999998059,0.999999999998059
M3,5.03,-0.00106233093655369,0.999999999995255,0.999999999995255
M3,5.035,-0.00106445035700562,0.999999999985427,0.999999999985427
M3,5.04,-0.00106765615338713,0.999999999945774,0.999999999945774
M3,5.045,-0.00107195500482475,0.999999999738841,0.99999999973884
M3,5.05,-0.00107729593574027,0.999999998046802,0.999999998046802
M3,5.055,-0.00108337584729984,0.999999965647127,0.999999965647127
M3,5.06,-0.00108823774021438,0.999997097508139,0.999997097508139
M3,5.065,-0.0010797052158844,0.999998831424663,0.999998831424663
M3,5.07,-0.00105957541998926,0.999999985357668,0.999999985357668
M3,5.075,-0.00103957627161733,0.999999999048975,0.999999999048975
M3,5.08,-0.00102150669487746,0.999999999856216,0.999999999856216
M3,5.085,-0.00100569434013336,0.999999999964735,0.999999999964735
M3,5.09,-0.000992355689693902,0.999999999987931,0.999999999987931
M3,5.095,-0.000981506704041242,0.999999999994598,0.999999999994598
M3,5.1,-0.00097334590101796,0.999999999996961,0.999999999996961
M3,5.105,-0.000967912727640356,0.999999999997935,0.999999999997935
M3,5.11,-0.00096536414602248,0.999999999998382,0.999999999998382
M3,5.115,-0.000965717464180524,0.9999999999986,0.9999999999986
M3,5.12,-0.000969157435087874,0.999999999998705,0.999999999998705
M3,5.125,-0.000975756645624623,0.999999999998749,0.999999999998748
M3,5.13,-0.000985717770027799,0.999999999998752,0.999999999998752
M3,5.135,-0.000999181537923526,0.999999999998727,0.999999999998727
M3,5.14,-0.00101629955134366,0.99999999999868,0.99999999999868
M3,5.145,-0.00103712747093186,0.999999999998612,0.999999999998612
M3,5.15,-0.00106133686728004,0.999999999998523,0.999999999998523
M3,5.155,-0.00109083904893228,0.999999999998413,0.999999999998413
M3,5.16,-0.00112351326340947,0.999999999998277,0.999999999998277
M3,5.165,-0.00116250191353183,0.999999999998106,0.999999999998106
M3,5.17,-0.00120408658653393,0.999999999997883,0.999999999997883
M3,5.175,-0.00125399243171541,0.999999999997577,0.999999999997577
M3,5.18,-0.00130792277010237,0.99999999999712,0.99999999999712
M3,5.185,-0.00136650899346925,0.999999999996357,0.999999999996357
M3,5.19,-0.00143324378175716,0.999999999994908,0.999999999994908
M3,5.195,-0.00150529616968316,0.999999999991634,0.999999999991634
M3,5.2,-0.0015847451750143,0.999999999982433,0.999999999982433
M3,5.205,-0.00167178400825339,0.999999999947221,0.999999999947221
M3,5.21,-0.00176702401232942,0.999999999729285,0.999999999729285
M3,5.215,-0.0018712849335081,0.99999999643808,0.99999999643808
M3,5.22,-0.00198691866687433,0.999999471668249,0.999999471668249
M3,5.225,-0.00222783139598509,0.99999248406698,0.999992484066981
M3,5.23,-0.00229336221493803,0.999999995444027,0.999999995444027
M3,5.235,-0.0023568255179051,0.999999999931541,0.999999999931541
M3,5.24,-0.00241848190256395,0.99999999991586,0.999999999915861
M3,5.245,-0.00247779995087695,0.999999999895266,0.999999999895266
M3,5.25,-0.00253435444032432,0.999999999880681,0.999999999880681
M3,5.255,-0.00258794384488996,0.999999999790525,0.999999999790525
M3,5.26,-0.00263848164242211,0.999999999153528,0.999999999153528
M3,5.265,-0.00268607247497719,0.999999990835284,0.999999990835284
M3,5.27,-0.0027310997430921,0.999999619344844,0.999999619344845
M3,5.275,-0.00277822978608428,0.999996541469966,0.999996541469966
M3,5.28,-0.00283208944033153,0.999999978185262,0.999999978185262
M3,5.285,-0.0028854732883189,0.999999999145891,0.999999999145891
M3,5.29,-0.00293785617859054,0.99999999988589,0.99999999988589
M3,5.295,-0.00298903514122226,0.999999999968186,0.999999999968186
M3,5.3,-0.00303877582367547,0.999999999985128,0.999999999985129
M3,5.305,-0.00308685091270669,0.999999999990343,0.999999999990343
M3,5.31,-0.00313298778645122,0.999999999992512,0.999999999992512
M3,5.315,-0.00317693708293306,0.999999999993654,0.999999999993653
M3,5.32,-0.00321842204602922,0.999999999994369,0.999999999994369
M3,5.325,-0.00325714479232264,0.999999999994872,0.999999999994872
M3,5.33,-0.00329283241052235,0.999999999995248,0.999999999995248
M3,5.335,-0.00332517105045013,0.999999999995535,0.999999999995535
M3,5.34,-0.00335398008489385,0.999999999995752,0.999999999995752
M3,5.345,-0.00337895953718436,0.999999999995908,0.999999999995908
M3,5.35,-0.00339976908836184,0.999999999996012,0.999999999996011
M3,5.355,-0.00341632016489981,0.999999999996067,0.999999999996067
M3,5.36,-0.00342836950461425,0.99999999999608,0.99999999999608
M3,5.365,-0.00343577580897965,0.999999999996056,0.999999999996056
M3,5.37,-0.0034385960161633,0.999999999996003,0.999999999996003
M3,5.375,-0.00343647225824429,0.999999999995925,0.999999999995925
M3,5.38,-0.003429286185548,0.999999999995831,0.999999999995831
M3,5.385,-0.00341755464552898,0.999999999995728,0.999999999995728
M3,5.39,-0.00340138926986237,0.999999999995624,0.999999999995624
M3,5.395,-0.0033802813780718,0.999999999995525,0.999999999995524
M3,5.4,-0.00335460772660982,0.999999999995438,0.999999999995438
M3,5.405,-0.00332475277792982,0.99999999999537,0.99999999999537
M3,5.41,-0.00329163132660133,0.999999999995326,0.999999999995325
M3,5.415,-0.00325509980203502,0.999999999995308,0.999999999995308
M3,5.42,-0.00321365410070509,0.999999999995321,0.999999999995321
M3,5.425,-0.003170841254462,0.999999999995365,0.999999999995365
M3,5.43,-0.00312430939349179,0.99999999999544,0.99999999999544
M3,5.435,-0.0030749859672233,0.999999999995545,0.999999999995544
M3,5.44,-0.0030252469284078,0.999999999995675,0.999999999995675
M3,5.445,-0.0029728948512936,0.999999999995828,0.999999999995828
M3,5.45,-0.00291902045345897,0.999999999995998,0.999999999995998
M3,5.455,-0.00286559734589365,0.999999999996181,0.999999999996181
M3,5.46,-0.00281083858512861,0.99999999999637,0.999999999996371
M3,5.465,-0.00275584697189712,0.999999999996562,0.999999999996562
M3,5.47,-0.00270250021985504,0.999999999996751,0.999999999996751
M3,5.475,-0.00264788370019329,0.999999999996934,0.999999999996934
M3,5.48,-0.00259493602752709,0.999999999997109,0.999999999997109
M3,5.485,-0.00254316413724153,0.999999999997274,0.999999999997274
M3,5.49,-0.00249208034085619,0.999999999997429,0.999999999997428
M3,5.495,-0.00244312470209786,0.999999999997573,0.999999999997573
M3,5.5,-0.00239633831866147,0.999999999997708,0.999999999997708
M3,5.505,-0.00235107665965384,0.999999999997835,0.999999999997835
M3,5.51,-0.00230812701002064,0.999999999997956,0.999999999997956
M3,5.515,-0.00226755490862785,0.99999999999807,0.99999999999807
M3,5.52,-0.00222939512370565,0.999999999998178,0.999999999998178
M3,5.525,-0.0021937580342398,0.999999999998279,0.999999999998279
M3,5.53,-0.00216078034008467,0.999999999998375,0.999999999998375
M3,5.535,-0.00213053751994189,0.999999999998463,0.999999999998463
M3,5.54,-0.00210308678484621,0.999999999998544,0.999999999998544
M3,5.545,-0.00207841617577633,0.999999999998617,0.999999999998617
M3,5.55,-0.00205655556154303,0.999999999998682,0.999999999998682
M3,5.555,-0.00203758837860296,0.99999999999874,0.99999999999874
M3,5.56,-0.00202147107765787,0.999999999998791,0.999999999998791
M3,5.565,-0.00200823756228562,0.999999999998835,0.999999999998835
M3,5.57,-0.00199781801782224,0.999999999998874,0.999999999998874
M3,5.575,-0.00199027989260541,0.999999999998908,0.999999999998908
M3,5.58,-0.00198545761954992,0.999999999998937,0.999999999998937
M3,5.585,-0.00198337899493602,0.999999999998963,0.999999999998962
M3,5.59,-0.00198398615719291,0.999999999998984,0.999999999998984
M3,5.595,-0.00198728500486509,0.999999999999003,0.999999999999003
M3,5.6,-0.00199314185697061,0.999999999999018,0.999999999999018
M3,5.605,-0.00200145600600891,0.999999999999032,0.999999999999032
M3,5.61,-0.00201227101348318,0.999999999999043,0.999999999999043
M3,5.615,-0.00202552902824043,0.999999999999052,0.999999999999051
M3,5.62,-0.00204102562980552,0.999999999999059,0.999999999999059
M3,5.625,-0.00205897858357323,0.999999999999064,0.999999999999064
M3,5.63,-0.00207888941894942,0.999999999999067,0.999999999999067
M3,5.635,-0.00210093410774646,0.999999999999069,0.999999999999069
M3,5.64,-0.00212486224894605,0.99999999999907,0.99999999999907
M3,5.645,-0.00215080710481257,0.999999999999068,0.999999999999069
M3,5.65,-0.00217865791397374,0.999999999999066,0.999999999999066
M3,5.655,-0.00220821833633707,0.999999999999062,0.999999999999063
M3,5.66,-0.00223953775489433,0.999999999999057,0.999999999999057
M3,5.665,-0.00227237067206059,0.999999999999051,0.99999999999905
M3,5.67,-0.00230671935112391,0.999999999999043,0.999999999999043
M3,5.675,-0.00234244647734412,0.999999999999033,0.999999999999033
M3,5.68,-0.00237958371126275,0.999999999999022,0.999999999999022
M3,5.685,-0.00241794340242098,0.999999999999011,0.99999999999901
M3,5.69,-0.00245749928209048,0.999999999998997,0.999999999998997
M3,5.695,-0.00249818479019042,0.999999999998981,0.999999999998981
M3,5.7,-0.00253988638940937,0.999999999998964,0.999999999998964
M3,5.705,-0.0025826017039113,0.999999999998946,0.999999999998946
M3,5.71,-0.0026260511132488,0.999999999998926,0.999999999998926
M3,5.715,-0.0026703062312764,0.999999999998904,0.999999999998905
M3,5.72,-0.00271543614712058,0.999999999998881,0.999999999998881
M3,5.725,-0.00276086094751683,0.999999999998856,0.999999999998856
M3,5.73,-0.00280681380166585,0.999999999998829,0.99999999999883
M3,5.735,-0.00285363218066518,0.999999999998802,0.999999999998802
M3,5.74,-0.00290046413759805,0.999999999998773,0.999999999998773
M3,5.745,-0.0029475861309257,0.999999999998742,0.999999999998742
M3,5.75,-0.00299554352347323,0.99999999999871,0.99999999999871
M3,5.755,-0.00304306099783323,0.999999999998677,0.999999999998677
M3,5.76,-0.00309046565387837,0.999999999998642,0.999999999998642
M3,5.765,-0.00313889166290883,0.999999999998607,0.999999999998607
M3,5.77,-0.00318652279169381,0.999999999998571,0.99999999999857
M3,5.775,-0.0032336272043108,0.999999999998533,0.999999999998533
M3,5.78,-0.00328198376799305,0.999999999998495,0.999999999998495
M3,5.785,-0.00332911699552248,0.999999999998456,0.999999999998456
M3,5.79,-0.00337623444156587,0.999999999998416,0.999999999998416
M3,5.795,-0.00342686768675155,0.999999999998377,0.999999999998377
M3,5.8,-0.00347574681771056,0.999999999998336,0.999999999998336
M3,5.805,-0.00351786285187528,0.999999999998295,0.999999999998295
M3,5.81,-0.00356071434698606,0.999999999998254,0.999999999998254
M3,5.815,-0.00361052779414196,0.999999999998213,0.999999999998213
M3,5.82,-0.00365727213941844,0.999999999998171,0.999999999998171
M3,5.825,-0.00369363852771084,0.99999999999813,0.99999999999813
M3,5.83,-0.0037363150694911,0.999999999998088,0.999999999998089
M3,5.835,-0.00378536340442766,0.999999999998048,0.999999999998047
M3,5.84,-0.0038289261281331,0.999999999998007,0.999999999998007
M3,5.845,-0.00385571878795371,0.999999999997965,0.999999999997965
M3,5.85,-0.00388748571852206,0.999999999997924,0.999999999997924
M3,5.855,-0.00392394922881288,0.999999999997884,0.999999999997884
M3,5.86,-0.00396493645944968,0.999999999997844,0.999999999997844
M3,5.865,-0.00400638071731545,0.999999999997806,0.999999999997805
M3,5.87,-0.00404335811445249,0.999999999997766,0.999999999997766
M3,5.875,-0.0040649641689913,0.999999999997725,0.999999999997725
M3,5.88,-0.00410035356879176,0.999999999997684,0.999999999997685
M3,5.885,-0.00412971479916745,0.999999999997643,0.999999999997643
M3,5.89,-0.00415908297520081,0.9999999999976,0.9999999999976
M3,5.895,-0.00418660638807827,0.999999999997556,0.999999999997556
M3,5.9,-0.00421343915561311,0.999999999997509,0.999999999997509
M3,5.905,-0.0042383353080442,0.999999999997458,0.999999999997458
M3,5.91,-0.00426334935363932,0.999999999997405,0.999999999997405
M3,5.915,-0.00428567894906732,0.999999999997347,0.999999999997346
M3,5.92,-0.00430624347793492,0.999999999997284,0.999999999997284
M3,5.925,-0.00432527895236497,0.999999999997217,0.999999999997217
M3,5.93,-0.00434522632630279,0.999999999997146,0.999999999997146
M3,5.935,-0.00436226110713266,0.999999999997074,0.999999999997074
M3,5.94,-0.0043789342639949,0.999999999997007,0.999999999997007
M3,5.945,-0.00439770240033641,0.999999999996954,0.999999999996953
M3,5.95,-0.00440332687268111,0.999999999996931,0.999999999996931
M3,5.955,-0.0044170343780609,0.999999999996979,0.999999999996979
M3,5.96,-0.00442634509229444,0.999999999997146,0.999999999997145
M3,5.965,-0.00443610558291743,0.999999999997342,0.999999999997342
M3,5.97,-0.00444382817465787,0.999999999994888,0.999999999994888
M3,5.975,-0.00445034172761138,0.99999999992585,0.99999999992585
M3,5.98,-0.00445477874193528,0.999999992439289,0.999999992439289
M3,5.985,-0.00443233725992013,0.999894493423159,0.99989449342316
M3,5.99,-0.00434236775336862,0.999999987238583,0.999999987238583
M3,5.995,-0.00424627753071031,0.999999999677237,0.999999999677238
M3,6,-0.00415062556973674,0.999999999961957,0.999999999961957
M3,6.005,-0.004055798677763,0.999999999990155,0.999999999990155
M3,6.01,-0.00396174198899133,0.999999999995583,0.999999999995584
M3,6.015,-0.00386890671998183,0.999999999997062,0.999999999997062
M3,6.02,-0.00377686460680772,0.999999999997511,0.999999999997511
M3,6.025,-0.00368556206441157,0.999999999997586,0.999999999997586
M3,6.03,-0.00359508099754974,0.999999999997484,0.999999999997484
M3,6.035,-0.00350550577616747,0.999999999997278,0.999999999997278
M3,6.04,-0.00342215422274942,0.999999999996965,0.999999999996965
M3,6.045,-0.00334420908572305,0.99999999999656,0.99999999999656
M3,6.05,-0.00324409033120525,0.999999999996168,0.999999999996168
M3,6.055,-0.00317542486685555,0.999999999995551,0.999999999995551
M3,6.06,-0.00308075120203373,0.999999999994991,0.999999999994991
M3,6.065,-0.00299132699559001,0.999999999994322,0.999999999994322
M3,6.07,-0.00290470028208083,0.999999999993574,0.999999999993574
M3,6.075,-0.00283301803085051,0.999999999992496,0.999999999992496
M3,6.08,-0.00274282043616778,0.99999999999165,0.99999999999165
M3,6.085,-0.00266283013904274,0.999999999990519,0.999999999990519
M3,6.09,-0.00258840631279086,0.999999999989124,0.999999999989124
M3,6.095,-0.00250573043421117,0.999999999987917,0.999999999987917
M3,6.1,-0.00242863984255256,0.999999999986549,0.999999999986549
M3,6.105,-0.00234994654035528,0.999999999985357,0.999999999985357
M3,6.11,-0.00227480700827089,0.999999999984161,0.99999999998416
M3,6.115,-0.00219811248624493,0.999999999983729,0.999999999983729
M3,6.12,-0.00212328841571645,0.999999999984002,0.999999999984003
M3,6.125,-0.00204921821659042,0.999999999985412,0.999999999985412
M3,6.13,-0.0019744346310005,0.999999999988714,0.999999999988714
M3,6.135,-0.00190024929397952,0.999999999993774,0.999999999993773
M3,6.14,-0.00182576638581266,0.999999999998562,0.999999999998561
M3,6.145,-0.00175082567963094,0.999999999996642,0.999999999996642
M3,6.15,-0.00167507842571548,0.999999999970914,0.999999999970914
M3,6.155,-0.00159816108862051,0.999999999889294,0.999999999889294
M3,6.16,-0.0015207542673623,0.999999999705825,0.999999999705825
M3,6.165,-0.00143823353581779,0.999999999386415,0.999999999386415
M3,6.17,-0.00135918302602561,0.999999998980858,0.999999998980858
M3,6.175,-0.0012779837217641,0.999999998588717,0.999999998588717
M3,6.18,-0.0011793647273602,0.999999998358339,0.999999998358339
M3,6.185,-0.00108841739205989,0.999999998294869,0.999999998294869
M3,6.19,-0.000989601013685749,0.999999998400759,0.999999998400759
M3,6.195,-0.000894078769505467,0.999999998581423,0.999999998581423
M3,6.2,-0.000800984558365097,0.999999998810415,0.999999998810414
M3,6.205,-0.000715837001822623,0.999999999069574,0.999999999069574
M3,6.21,-0.000660015253600951,0.99999999931723,0.99999999931723
M3,6.215,-0.00066681559883035,0.999999999524476,0.999999999524476
M3,6.22,-0.000809389622762761,0.999999999638595,0.999999999638594
M3,6.225,-0.00127027768261544,0.999999999673048,0.999999999673048
M3,6.23,-0.00157467357985789,0.999886806936636,0.999886806936635
M3,6.235,-0.0015248050795425,0.999999953104649,0.999999953104649
M3,6.24,-0.00146825097695669,0.999999998536961,0.999999998536961
M3,6.245,-0.00141312704623008,0.999999999830948,0.999999999830949
M3,6.25,-0.00135991176013041,0.999999999962778,0.999999999962778
M3,6.255,-0.00130869851576023,0.999999999987405,0.999999999987406
M3,6.26,-0.00125935098062727,0.999999999994038,0.999999999994037
M3,6.265,-0.00121200495435697,0.999999999996337,0.999999999996337
M3,6.27,-0.00116619253831867,0.999999999997299,0.999999999997299
M3,6.275,-0.00112206871904972,0.999999999997762,0.999999999997762
M3,6.28,-0.00108036942299721,0.999999999998011,0.999999999998011
M3,6.285,-0.00103957506540682,0.999999999998155,0.999999999998155
M3,6.29,-0.000998686210482027,0.999999999998245,0.999999999998245
M3,6.295,-0.000961522183247419,0.9999999999983,0.999999999998301
M3,6.3,-0.000925897984895173,0.999999999998335,0.999999999998335
M3,6.305,-0.00089172902397339,0.999999999998357,0.999999999998357
M3,6.31,-0.000859041806324018,0.999999999998371,0.999999999998371
M3,6.315,-0.000829776528387597,0.999999999998378,0.999999999998378
M3,6.32,-0.000799411412578341,0.999999999998384,0.999999999998384
M3,6.325,-0.000771270597309471,0.999999999998388,0.999999999998388
M3,6.33,-0.000744014812734302,0.999999999998394,0.999999999998394
M3,6.335,-0.000717998311930915,0.999999999998401,0.999999999998401
M3,6.34,-0.00069385029096735,0.999999999998412,0.999999999998412
M3,6.345,-0.000671096221303278,0.999999999998427,0.999999999998427
M3,6.35,-0.000649531068630904,0.999999999998446,0.999999999998446
M3,6.355,-0.000629556799950191,0.999999999998469,0.999999999998469
M3,6.36,-0.0006109195064627,0.999999999998496,0.999999999998496
M3,6.365,-0.000594236276543438,0.999999999998526,0.999999999998526
M3,6.37,-0.000578879351145756,0.999999999998557,0.999999999998557
M3,6.375,-0.00056534619337592,0.999999999998589,0.999999999998589
M3,6.38,-0.000553296185736817,0.999999999998621,0.999999999998621
M3,6.385,-0.000543052172403604,0.999999999998651,0.99999999999865
M3,6.39,-0.000534430839483428,0.999999999998678,0.999999999998678
M3,6.395,-0.000527637905457303,0.999999999998701,0.999999999998701
M3,6.4,-0.000522598081071336,0.99999999999872,0.999999999998721
M3,6.405,-0.000519433094822635,0.999999999998734,0.999999999998734
M3,6.41,-0.000518141176316499,0.999999999998743,0.999999999998743
M3,6.415,-0.00051878624149657,0.999999999998745,0.999999999998745
M3,6.42,-0.000521415389270311,0.999999999998743,0.999999999998742
M3,6.425,-0.000526058332163442,0.999999999998733,0.999999999998733
M3,6.43,-0.000532660498691476,0.999999999998719,0.999999999998719
M3,6.435,-0.000541328577603914,0.999999999998699,0.999999999998699
M3,6.44,-0.000552655175782985,0.999999999998676,0.999999999998675
M3,6.445,-0.000565729398068535,0.999999999998648,0.999999999998648
M3,6.45,-0.000581162253021517,0.999999999998618,0.999999999998618
M3,6.455,-0.000599095928658792,0.999999999998588,0.999999999998588
M3,6.46,-0.000619150533140104,0.999999999998561,0.99999999999856
M3,6.465,-0.000641707013690912,0.999999999998538,0.999999999998538
M3,6.47,-0.000666751562578518,0.999999999998524,0.999999999998524
M3,6.475,-0.000694200305757065,0.999999999998522,0.999999999998522
M3,6.48,-0.000724139570006689,0.999999999998536,0.999999999998535
M3,6.485,-0.00075667937948705,0.999999999998566,0.999999999998566
M3,6.49,-0.000791791313236891,0.999999999998613,0.999999999998612
M3,6.495,-0.000829596011485947,0.999999999998673,0.999999999998673
M3,6.5,-0.000869993727217965,0.999999999998739,0.99999999999874
M3,6.505,-0.000913615153834025,0.999999999998804,0.999999999998804
M3,6.51,-0.000959437017616656,0.999999999998859,0.999999999998859
M3,6.515,-0.00100810197057471,0.999999999998896,0.999999999998895
M3,6.52,-0.00105908079084201,0.999999999998909,0.999999999998909
M3,6.525,-0.00111373059691121,0.999999999998897,0.999999999998897
M3,6.53,-0.00117092613466254,0.999999999998856,0.999999999998857
M3,6.535,-0.00123025753446221,0.999999999998786,0.999999999998787
M3,6.54,-0.00129295094593334,0.999999999998684,0.999999999998684
M3,6.545,-0.00135842584310663,0.999999999998553,0.999999999998552
M3,6.55,-0.00142711344721994,0.999999999998401,0.999999999998401
M3,6.555,-0.00149861677315876,0.999999999998246,0.999999999998246
M3,6.56,-0.00157291188342147,0.999999999998105,0.999999999998105
M3,6.565,-0.00165362977273045,0.999999999997997,0.999999999997997
M3,6.57,-0.00173140598349131,0.999999999997918,0.999999999997918
M3,6.575,-0.00181365497721988,0.999999999997878,0.999999999997878
M3,6.58,-0.00189872946940898,0.99999999999787,0.99999999999787
M3,6.585,-0.00198524391291945,0.999999999997886,0.999999999997886
M3,6.59,-0.00207946438957286,0.999999999997918,0.999999999997918
M3,6.595,-0.00217154595900116,0.999999999997956,0.999999999997956
M3,6.6,-0.00226351713958363,0.999999999997995,0.999999999997995
M3,6.605,-0.00236753267749524,0.999999999998032,0.999999999998033
M3,6.61,-0.00246901551697418,0.999999999998064,0.999999999998063
M3,6.615,-0.00256425433211808,0.999999999998088,0.999999999998088
M3,6.62,-0.00267989494277446,0.999999999998105,0.999999999998105
M3,6.625,-0.00278261383683482,0.999999999998117,0.999999999998117
M3,6.63,-0.00288728754313963,0.999999999998122,0.999999999998122
M3,6.635,-0.00300785381093077,0.999999999998122,0.999999999998122
M3,6.64,-0.00311174101252745,0.999999999998118,0.999999999998118
M3,6.645,-0.00322695970524948,0.99999999999811,0.99999999999811
M3,6.65,-0.00333612746028319,0.999999999998099,0.999999999998099
M3,6.655,-0.0034508570831091,0.999999999998086,0.999999999998086
M3,6.66,-0.0035645629805369,0.999999999998071,0.999999999998071
M3,6.665,-0.00368204106033924,0.999999999998055,0.999999999998055
M3,6.67,-0.00379168144076538,0.999999999998038,0.999999999998038
M3,6.675,-0.00391174783267117,0.999999999998021,0.999999999998021
M3,6.68,-0.00401761566580305,0.999999999998004,0.999999999998005
M3,6.685,-0.00413870001000512,0.999999999997988,0.999999999997988
M3,6.69,-0.00423779355435321,0.999999999997973,0.999999999997973
M3,6.695,-0.00435747747224625,0.999999999997959,0.999999999997959
M3,6.7,-0.00444935185717337,0.999999999997945,0.999999999997946
M3,6.705,-0.00456521265592192,0.999999999997935,0.999999999997935
M3,6.71,-0.00464835041889467,0.999999999997925,0.999999999997925
M3,6.715,-0.00474442888118464,0.999999999997919,0.999999999997919
M3,6.72,-0.00483809693884899,0.999999999997916,0.999999999997916
M3,6.725,-0.0049277224230291,0.999999999997918,0.999999999997918
M3,6.73,-0.00500366848851779,0.999999999997923,0.999999999997923
M3,6.735,-0.00507624028041804,0.999999999997934,0.999999999997934
M3,6.74,-0.00514176635208777,0.999999999997949,0.99999999999795
M3,6.745,-0.00520458014840729,0.999999999997972,0.999999999997972
M3,6.75,-0.00525660549641692,0.999999999998,0.999999999998
M3,6.755,-0.0053016558802307,0.999999999998036,0.999999999998036
M3,6.76,-0.00533794306715893,0.999999999998077,0.999999999998077
M3,6.765,-0.00536629875136847,0.999999999998124,0.999999999998124
M3,6.77,-0.0053859477879335,0.999999999998176,0.999999999998176
M3,6.775,-0.00539429422970279,0.999999999998234,0.999999999998234
M3,6.78,-0.00539263976971203,0.999999999998296,0.999999999998295
M3,6.785,-0.00538724217762975,0.999999999998358,0.999999999998358
M3,6.79,-0.00536201329709134,0.999999999998426,0.999999999998426
M3,6.795,-0.00533769895048173,0.999999999998492,0.999999999998492
M3,6.8,-0.0052981623144525,0.999999999998561,0.999999999998561
M3,6.805,-0.005248574048924,0.99999999999863,0.99999999999863
M3,6.81,-0.00520186137138307,0.999999999998699,0.999999999998699
M3,6.815,-0.0051277682897272,0.999999999998769,0.999999999998769
M3,6.82,-0.00507108546164473,0.999999999998838,0.999999999998838
M3,6.825,-0.0049904272004984,0.999999999998907,0.999999999998907
M3,6.83,-0.00490550922742607,0.999999999998973,0.999999999998973
M3,6.835,-0.00481519452433123,0.999999999999035,0.999999999999035
M3,6.84,-0.00471925852256237,0.999999999999086,0.999999999999086
M3,6.845,-0.00461960003233558,0.99999999999912,0.99999999999912
M3,6.85,-0.00451639419637166,0.999999999999133,0.999999999999133
M3,6.855,-0.00441073257851192,0.999999999999119,0.999999999999119
M3,6.86,-0.00430357617040859,0.999999999999069,0.999999999999069
M3,6.865,-0.00419668402750106,0.999999999998966,0.999999999998966
M3,6.87,-0.00408862799580338,0.99999999999881,0.99999999999881
M3,6.875,-0.00398090113024422,0.999999999998659,0.999999999998659
M3,6.88,-0.00387590697345704,0.999999999998613,0.999999999998613
M3,6.885,-0.00377329014534245,0.9999999999987,0.9999999999987
M3,6.89,-0.00367329870387163,0.999999999998843,0.999999999998843
M3,6.895,-0.0035765227195756,0.999999999998956,0.999999999998957
M3,6.9,-0.00347835139718443,0.999999999999019,0.999999999999018
M3,6.905,-0.00339368763356258,0.999999999999037,0.999999999999037
M3,6.91,-0.00330878815773604,0.999999999999033,0.999999999999033
M3,6.915,-0.00323199593936421,0.999999999999013,0.999999999999013
M3,6.92,-0.00316007579416209,0.999999999998986,0.999999999998986
M3,6.925,-0.00308760895966252,0.999999999998957,0.999999999998957
M3,6.93,-0.00302569412542289,0.999999999998929,0.999999999998929
M3,6.935,-0.00297081769494148,0.999999999998905,0.999999999998905
M3,6.94,-0.00291833199073301,0.999999999998883,0.999999999998883
M3,6.945,-0.00287456348059907,0.99999999999886,0.99999999999886
M3,6.95,-0.00283211786666264,0.999999999998834,0.999999999998834
M3,6.955,-0.00279828463688242,0.999999999998804,0.999999999998804
M3,6.96,-0.00276753465890247,0.999999999998775,0.999999999998775
M3,6.965,-0.00274144835347348,0.999999999998751,0.999999999998751
M3,6.97,-0.00272114759287314,0.999999999998733,0.999999999998733
M3,6.975,-0.00270423031435327,0.999999999998722,0.999999999998722
M3,6.98,-0.00269159679137056,0.999999999998715,0.999999999998716
M3,6.985,-0.00268286295017842,0.999999999998711,0.999999999998711
M3,6.99,-0.00267782671946901,0.999999999998709,0.999999999998709
M3,6.995,-0.00267623352425594,0.999999999998709,0.999999999998709
M3,7,-0.00267786340282198,0.999999999998711,0.999999999998711
M3,7.005,-0.00268239797821539,0.999999999998715,0.999999999998715
M3,7.01,-0.00268973272372919,0.99999999999872,0.99999999999872
M3,7.015,-0.00269916913620746,0.999999999998727,0.999999999998726
M3,7.02,-0.00271112220865253,0.999999999998734,0.999999999998734
M3,7.025,-0.00272523678041458,0.999999999998744,0.999999999998744
M3,7.03,-0.00274070099897301,0.999999999998754,0.999999999998754
M3,7.035,-0.00275800339077633,0.999999999998766,0.999999999998765
M3,7.04,-0.0027767202909619,0.999999999998779,0.999999999998778
M3,7.045,-0.00279626744948085,0.999999999998793,0.999999999998793
M3,7.05,-0.00281724714876865,0.999999999998809,0.999999999998809
M3,7.055,-0.0028386615691216,0.999999999998827,0.999999999998827
M3,7.06,-0.00285980523449648,0.999999999998846,0.999999999998846
M3,7.065,-0.00288218244718251,0.999999999998866,0.999999999998866
M3,7.07,-0.00290507523735087,0.999999999998887,0.999999999998887
M3,7.075,-0.00292748219736023,0.999999999998911,0.99999999999891
M3,7.08,-0.00294986280648577,0.999999999998934,0.999999999998934
M3,7.085,-0.00297201671092002,0.999999999998959,0.999999999998959
M3,7.09,-0.0029939554274479,0.999999999998985,0.999999999998985
M3,7.095,-0.00301532131385117,0.999999999999012,0.999999999999011
M3,7.1,-0.00303577706993188,0.999999999999039,0.999999999999039
M3,7.105,-0.00305567965341443,0.999999999999067,0.999999999999067
M3,7.11,-0.00307460878952493,0.999999999999095,0.999999999999095
M3,7.115,-0.00309261771600673,0.999999999999124,0.999999999999124
M3,7.12,-0.00310935073060945,0.999999999999153,0.999999999999153
M3,7.125,-0.00312497513672227,0.999999999999182,0.999999999999182
M3,7.13,-0.0031392014979229,0.999999999999211,0.999999999999211
M3,7.135,-0.0031520629743064,0.999999999999241,0.999999999999241
M3,7.14,-0.00316343729832895,0.99999999999927,0.99999999999927
M3,7.145,-0.00317320536000108,0.999999999999298,0.999999999999298
M3,7.15,-0.00318138082204348,0.999999999999326,0.999999999999326
M3,7.155,-0.00318775144052664,0.999999999999354,0.999999999999354
M3,7.16,-0.00319244875854373,0.999999999999381,0.999999999999381
M3,7.165,-0.00319516737268684,0.999999999999407,0.999999999999406
M3,7.17,-0.0031961283822587,0.999999999999431,0.999999999999431
M3,7.175,-0.00319488498928209,0.999999999999455,0.999999999999454
M3,7.18,-0.00319186073754486,0.999999999999476,0.999999999999476
M3,7.185,-0.00318677702518392,0.999999999999496,0.999999999999496
M3,7.19,-0.0031794780540316,0.999999999999513,0.999999999999513
M3,7.195,-0.00317033368470906,0.999999999999529,0.999999999999529
M3,7.2,-0.00315870510257124,0.999999999999542,0.999999999999542
M3,7.205,-0.00314532705368002,0.999999999999552,0.999999999999552
M3,7.21,-0.0031293927379874,0.999999999999559,0.999999999999559
M3,7.215,-0.00311140321009602,0.999999999999563,0.999999999999563
M3,7.22,-0.00309132900694551,0.999999999999564,0.999999999999564
M3,7.225,-0.00306879944888759,0.999999999999561,0.999999999999561
M3,7.23,-0.00304448214864354,0.999999999999555,0.999999999999555
M3,7.235,-0.0030175020338882,0.999999999999544,0.999999999999544
M3,7.24,-0.00298871378317107,0.99999999999953,0.99999999999953
M3,7.245,-0.00295753688237257,0.999999999999512,0.999999999999512
M3,7.25,-0.00292421748104483,0.99999999999949,0.999999999999489
M3,7.255,-0.00288877197799152,0.999999999999463,0.999999999999463
M3,7.26,-0.00285048267748622,0.999999999999433,0.999999999999433
M3,7.265,-0.00281109324071828,0.999999999999399,0.999999999999399
M3,7.27,-0.00277045740928491,0.999999999999361,0.999999999999361
M3,7.275,-0.00272622131955107,0.99999999999932,0.999999999999319
M3,7.28,-0.00268095206588988,0.999999999999275,0.999999999999275
M3,7.285,-0.00263460149115459,0.999999999999228,0.999999999999227
M3,7.29,-0.0025848005073239,0.999999999999177,0.999999999999177
M3,7.295,-0.00253424767395078,0.999999999999123,0.999999999999123
M3,7.3,-0.00248298430117982,0.999999999999069,0.999999999999069
M3,7.305,-0.00242831482284495,0.999999999999012,0.999999999999012
M3,7.31,-0.0023731461656952,0.999999999998954,0.999999999998955
M3,7.315,-0.00231762348560357,0.999999999998896,0.999999999998896
M3,7.32,-0.00225887041413001,0.999999999998837,0.999999999998837
M3,7.325,-0.00219993895027311,0.999999999998779,0.999999999998779
M3,7.33,-0.00214107958927415,0.999999999998722,0.999999999998722
M3,7.335,-0.00207921190824615,0.999999999998665,0.999999999998665
M3,7.34,-0.00201749800960526,0.999999999998611,0.999999999998611
M3,7.345,-0.00195629390194414,0.999999999998559,0.999999999998559
M3,7.35,-0.00189241120587875,0.99999999999851,0.99999999999851
M3,7.355,-0.00182902971222285,0.999999999998464,0.999999999998464
M3,7.36,-0.00176642260044493,0.999999999998422,0.999999999998422
M3,7.365,-0.00170123616881134,0.999999999998384,0.999999999998384
M3,7.37,-0.00163707232570256,0.999999999998351,0.999999999998351
M3,7.375,-0.00157569892840589,0.999999999998324,0.999999999998324
M3,7.38,-0.00151129993812076,0.999999999998301,0.999999999998301
M3,7.385,-0.00144778408024172,0.999999999998283,0.999999999998283
M3,7.39,-0.00138714733948669,0.999999999998272,0.999999999998272
M3,7.395,-0.00132493838182353,0.999999999998265,0.999999999998265
M3,7.4,-0.00126350732079725,0.999999999998265,0.999999999998264
M3,7.405,-0.00120451677439424,0.99999999999827,0.999999999998271
M3,7.41,-0.00114618705748331,0.999999999998281,0.999999999998281
M3,7.415,-0.00108832240702313,0.999999999998297,0.999999999998297
M3,7.42,-0.00103254400839095,0.99999999999832,0.99999999999832
M3,7.425,-0.000978648471784668,0.999999999998347,0.999999999998347
M3,7.43,-0.000925645507760637,0.999999999998377,0.999999999998377
M3,7.435,-0.000874529173593095,0.999999999998413,0.999999999998413
M3,7.44,-0.000825525064872291,0.999999999998454,0.999999999998454
M3,7.445,-0.000778362519070174,0.999999999998495,0.999999999998495
M3,7.45,-0.000733083272021672,0.99999999999854,0.99999999999854
M3,7.455,-0.000689525651128221,0.99999999999859,0.99999999999859
M3,7.46,-0.000648842819562898,0.999999999998637,0.999999999998637
M3,7.465,-0.000610145112591901,0.999999999998685,0.999999999998685
M3,7.47,-0.000572801076955131,0.999999999998736,0.999999999998737
M3,7.475,-0.000538628649496866,0.999999999998783,0.999999999998783
M3,7.48,-0.000506758624155554,0.999999999998825,0.999999999998825
M3,7.485,-0.000476320561206289,0.999999999998869,0.999999999998869
M3,7.49,-0.000448392572967604,0.999999999998906,0.999999999998906
M3,7.495,-0.000423113712371124,0.999999999998933,0.999999999998933
M3,7.5,-0.000399488490662719,0.999999999998957,0.999999999998957
M3,7.505,-0.000377828841442109,0.999999999998972,0.999999999998972
M3,7.51,-0.00035851919488684,0.999999999998973,0.999999999998973
M3,7.515,-0.000341026101453446,0.999999999998963,0.999999999998963
M3,7.52,-0.000325656788398699,0.99999999999894,0.99999999999894
M3,7.525,-0.000311470179824848,0.9999999999989,0.9999999999989
M3,7.53,-0.000299040278926639,0.999999999998842,0.999999999998842
M3,7.535,-0.000289706687752775,0.999999999998762,0.999999999998762
M3,7.54,-0.000279735091763132,0.999999999998668,0.999999999998668
M3,7.545,-0.000271181104251696,0.999999999998555,0.999999999998555
M3,7.55,-0.000266207937673604,0.999999999998415,0.999999999998415
M3,7.555,-0.000260535563461022,0.999999999998274,0.999999999998274
M3,7.56,-0.000254796654567734,0.999999999998134,0.999999999998134
M3,7.565,-0.000252368479792887,0.999999999997997,0.999999999997997
M3,7.57,-0.000250814243633294,0.999999999997899,0.999999999997899
M3,7.575,-0.000247100536433945,0.999999999997865,0.999999999997865
M3,7.58,-0.000245967133058421,0.999999999997914,0.999999999997914
M3,7.585,-0.000248666032537613,0.999999999998084,0.999999999998084
M3,7.59,-0.000249126787660654,0.999999999998345,0.999999999998345
M3,7.595,-0.000248851286046343,0.999999999998655,0.999999999998655
M3,7.6,-0.000248211349475958,0.999999999998941,0.999999999998942
M3,7.605,-0.000248285611671968,0.999999999999131,0.999999999999131
M3,7.61,-0.00025054449586523,0.999999999999164,0.999999999999164
M3,7.615,-0.00025131249025649,0.999999999999042,0.999999999999042
M3,7.62,-0.000252601408983343,0.999999999998809,0.999999999998809
M3,7.625,-0.000254182010865363,0.999999999998537,0.999999999998537
M3,7.63,-0.000255661782561088,0.999999999998287,0.999999999998287
M3,7.635,-0.000257883457485929,0.999999999998089,0.999999999998089
M3,7.64,-0.000259947730351427,0.999999999997965,0.999999999997966
M3,7.645,-0.00026230256977112,0.999999999997906,0.999999999997905
M3,7.65,-0.000265125105607977,0.999999999997899,0.9999999999979
M3,7.655,-0.000268287752724239,0.999999999997935,0.999999999997935
M3,7.66,-0.000271884001725478,0.999999999997997,0.999999999997997
M3,7.665,-0.000276224972683446,0.999999999998076,0.999999999998076
M3,7.67,-0.000281110042093818,0.999999999998163,0.999999999998163
M3,7.675,-0.00028658617777836,0.999999999998252,0.999999999998252
M3,7.68,-0.000293256608939581,0.999999999998339,0.999999999998339
M3,7.685,-0.000300517167820836,0.999999999998422,0.999999999998422
M3,7.69,-0.000308930714115225,0.999999999998499,0.999999999998499
M3,7.695,-0.000318778651156644,0.999999999998568,0.999999999998568
M3,7.7,-0.000329343114383474,0.99999999999863,0.99999999999863
M3,7.705,-0.000341933704540086,0.999999999998684,0.999999999998684
M3,7.71,-0.000355880431420777,0.999999999998731,0.999999999998731
M3,7.715,-0.000371051236539444,0.999999999998771,0.999999999998771
M3,7.72,-0.000388561982147596,0.999999999998804,0.999999999998804
M3,7.725,-0.000407640535931948,0.99999999999883,0.999999999998829
M3,7.73,-0.000428661008653762,0.99999999999885,0.999999999998849
M3,7.735,-0.000452097686686444,0.999999999998863,0.999999999998864
M3,7.74,-0.000477337212646017,0.999999999998872,0.999999999998872
M3,7.745,-0.000505273499189636,0.999999999998874,0.999999999998874
M3,7.75,-0.000535634528809264,0.999999999998871,0.999999999998871
M3,7.755,-0.00056822595468841,0.999999999998863,0.999999999998863
M3,7.76,-0.000603876194877513,0.999999999998851,0.99999999999885
M3,7.765,-0.000642091718814373,0.999999999998834,0.999999999998834
M3,7.77,-0.000683076886466195,0.999999999998813,0.999999999998813
M3,7.775,-0.000727262801050523,0.999999999998789,0.999999999998789
M3,7.78,-0.000774170989634327,0.999999999998761,0.999999999998761
M3,7.785,-0.000824322661489245,0.999999999998729,0.999999999998729
M3,7.79,-0.000877760350869634,0.999999999998696,0.999999999998696
M3,7.795,-0.000933995854069843,0.999999999998659,0.999999999998659
M3,7.8,-0.000994030646766882,0.999999999998618,0.999999999998619
M3,7.805,-0.00105735218663487,0.999999999998575,0.999999999998575
M3,7.81,-0.001123795873269,0.999999999998527,0.999999999998528
M3,7.815,-0.00119416979311282,0.999999999998475,0.999999999998475
M3,7.82,-0.0012678252944609,0.999999999998418,0.999999999998418
M3,7.825,-0.00134481333846679,0.999999999998353,0.999999999998353
M3,7.83,-0.00142582625655101,0.99999999999828,0.99999999999828
M3,7.835,-0.00151005511127371,0.999999999998197,0.999999999998197
M3,7.84,-0.00159801674890203,0.9999999999981,0.9999999999981
M3,7.845,-0.00168986494323567,0.999999999997986,0.999999999997986
M3,7.85,-0.00178466168407572,0.999999999997849,0.999999999997849
M3,7.855,-0.00188375088198315,0.999999999997683,0.999999999997683
M3,7.86,-0.00198635164787714,0.999999999997478,0.999999999997478
M3,7.865,-0.00209178330289298,0.999999999997219,0.99999999999722
M3,7.87,-0.00220115837607954,0.999999999996889,0.999999999996889
M3,7.875,-0.00231426225404607,0.999999999996459,0.999999999996459
M3,7.88,-0.002430844186224,0.999999999995896,0.999999999995896
M3,7.885,-0.00255046650371633,0.999999999995149,0.999999999995149
M3,7.89,-0.00267337658070973,0.99999999999416,0.99999999999416
M3,7.895,-0.00279951810657675,0.999999999992875,0.999999999992875
M3,7.9,-0.00292797083714823,0.99999999999126,0.99999999999126
M3,7.905,-0.00306094748645393,0.999999999989434,0.999999999989434
M3,7.91,-0.00319568686259165,0.999999999987661,0.999999999987661
M3,7.915,-0.00333318239347411,0.999999999986627,0.999999999986627
M3,7.92,-0.00347324508090519,0.999999999987202,0.999999999987203
M3,7.925,-0.00361548151912047,0.999999999989877,0.999999999989877
M3,7.93,-0.00375965448592946,0.999999999993721,0.999999999993721
M3,7.935,-0.00390609124632976,0.999999999996727,0.999999999996727
M3,7.94,-0.00405285011782419,0.999999999997858,0.999999999997859
M3,7.945,-0.00420973158423275,0.999999999997404,0.999999999997405
M3,7.95,-0.00435086799375133,0.999999999994737,0.999999999994737
M3,7.955,-0.00450183037579894,0.999999999989934,0.999999999989934
M3,7.96,-0.00465074509125081,0.999999999985216,0.999999999985216
M3,7.965,-0.00480054269842363,0.999999999983062,0.999999999983062
M3,7.97,-0.00495041840063005,0.999999999983727,0.999999999983727
M3,7.975,-0.00509919865252838,0.999999999986029,0.999999999986029
M3,7.98,-0.00524781736103973,0.999999999988752,0.999999999988752
M3,7.985,-0.00539376660722778,0.999999999991214,0.999999999991214
M3,7.99,-0.00553827606453795,0.999999999993189,0.999999999993189
M3,7.995,-0.00568339334484827,0.999999999994679,0.999999999994679
M3,8,-0.00582152619293851,0.999999999995791,0.999999999995791
M3,8.005,-0.00595521051967504,0.999999999996612,0.999999999996612
M3,8.01,-0.00608620785001138,0.999999999997223,0.999999999997223
M3,8.015,-0.0062169410624002,0.999999999997684,0.999999999997685
M3,8.02,-0.00634170938283902,0.999999999998041,0.999999999998041
M3,8.025,-0.00645215841558934,0.999999999998321,0.999999999998321
M3,8.03,-0.00656390821256654,0.999999999998543,0.999999999998543
M3,8.035,-0.00666835331720131,0.999999999998721,0.999999999998721
M3,8.04,-0.00676567486362636,0.999999999998864,0.999999999998863
M3,8.045,-0.00685670195258993,0.999999999998976,0.999999999998976
M3,8.05,-0.00693826938256486,0.999999999999063,0.999999999999063
M3,8.055,-0.00701216895803833,0.999999999999127,0.999999999999127
M3,8.06,-0.007078657019749,0.99999999999917,0.99999999999917
M3,8.065,-0.00713307317077764,0.999999999999193,0.999999999999193
M3,8.07,-0.00717500036073305,0.999999999999199,0.999999999999199
M3,8.075,-0.00720787779370268,0.999999999999187,0.999999999999187
M3,8.08,-0.00723773847935495,0.999999999999161,0.999999999999161
M3,8.085,-0.00724849776941394,0.99999999999912,0.99999999999912
M3,8.09,-0.00726044531468718,0.999999999999068,0.999999999999068
M3,8.095,-0.0072468045631673,0.999999999999004,0.999999999999004
M3,8.1,-0.00723873430395627,0.999999999998932,0.999999999998932
M3,8.105,-0.00720029345537019,0.999999999998851,0.99999999999885
M3,8.11,-0.00717406276184645,0.999999999998765,0.999999999998765
M3,8.115,-0.0071115484665408,0.999999999998671,0.999999999998671
M3,8.12,-0.00707223462147579,0.999999999998578,0.999999999998578
M3,8.125,-0.00700010835497961,0.999999999998482,0.999999999998482
M3,8.13,-0.00691184111630834,0.999999999998384,0.999999999998384
M3,8.135,-0.00682774496943294,0.999999999998292,0.999999999998292
M3,8.14,-0.00672522619439386,0.999999999998204,0.999999999998204
M3,8.145,-0.00661292716088176,0.999999999998127,0.999999999998127
M3,8.15,-0.00649519707630885,0.999999999998067,0.999999999998067
M3,8.155,-0.00637260565222659,0.999999999998023,0.999999999998023
M3,8.16,-0.00623754600797079,0.999999999997995,0.999999999997995
M3,8.165,-0.00609126510096846,0.999999999997986,0.999999999997986
M3,8.17,-0.00593774606653343,0.999999999997991,0.999999999997991
M3,8.175,-0.00580134393551,0.999999999998008,0.999999999998008
M3,8.18,-0.00562460922434905,0.999999999998037,0.999999999998037
M3,8.185,-0.00546763036454742,0.999999999998071,0.999999999998071
M3,8.19,-0.00532150125196597,0.999999999998106,0.999999999998107
M3,8.195,-0.00513112139536463,0.99999999999815,0.99999999999815
M3,8.2,-0.00496782637261775,0.999999999998192,0.999999999998191
M3,8.205,-0.00481965330728071,0.999999999998231,0.999999999998231
M3,8.21,-0.00464674569199276,0.999999999998274,0.999999999998274
M3,8.215,-0.00447891162137707,0.999999999998317,0.999999999998317
M3,8.22,-0.00431059062279543,0.999999999998361,0.999999999998361
M3,8.225,-0.00414472107640002,0.999999999998405,0.999999999998405
M3,8.23,-0.00398154692008411,0.999999999998449,0.999999999998449
M3,8.235,-0.0038192941985697,0.999999999998493,0.999999999998493
M3,8.24,-0.00366236862365331,0.999999999998537,0.999999999998536
M3,8.245,-0.00350873848784147,0.999999999998579,0.999999999998579
M3,8.25,-0.00335948845853185,0.999999999998622,0.999999999998622
M3,8.255,-0.00321576920458135,0.999999999998663,0.999999999998663
M3,8.26,-0.00307838154741232,0.999999999998701,0.999999999998701
M3,8.265,-0.00294267276777408,0.999999999998737,0.999999999998737
M3,8.27,-0.00281617320063945,0.99999999999877,0.99999999999877
M3,8.275,-0.00269410402524106,0.999999999998799,0.999999999998799
M3,8.28,-0.00257833861186453,0.999999999998823,0.999999999998824
M3,8.285,-0.00246983916923276,0.999999999998844,0.999999999998844
M3,8.29,-0.00236639539701093,0.999999999998862,0.999999999998862
M3,8.295,-0.00227124641168937,0.999999999998875,0.999999999998875
M3,8.3,-0.00218077622751434,0.999999999998888,0.999999999998888
M3,8.305,-0.00209870755249055,0.999999999998899,0.999999999998899
M3,8.31,-0.00202173746278425,0.999999999998909,0.999999999998909
M3,8.315,-0.00195319571632329,0.999999999998919,0.999999999998919
M3,8.32,-0.00188924203908332,0.999999999998928,0.999999999998928
M3,8.325,-0.00183234413056857,0.999999999998934,0.999999999998934
M3,8.33,-0.00178117796981525,0.99999999999894,0.99999999999894
M3,8.335,-0.00173566018393502,0.999999999998943,0.999999999998943
M3,8.34,-0.00169629799244505,0.999999999998943,0.999999999998943
M3,8.345,-0.00166188523561143,0.999999999998941,0.999999999998941
M3,8.35,-0.00163327441135757,0.999999999998936,0.999999999998936
M3,8.355,-0.00160937346349132,0.999999999998928,0.999999999998928
M3,8.36,-0.00159048110932742,0.999999999998918,0.999999999998918
M3,8.365,-0.00157618841345,0.999999999998904,0.999999999998904
M3,8.37,-0.00156636203305641,0.999999999998889,0.999999999998888
M3,8.375,-0.00156032177030375,0.99999999999887,0.99999999999887
M3,8.38,-0.00155797379101302,0.999999999998851,0.999999999998851
M3,8.385,-0.00155943436420525,0.999999999998829,0.999999999998829
M3,8.39,-0.00156396875164824,0.999999999998806,0.999999999998806
M3,8.395,-0.00157159790489641,0.999999999998782,0.999999999998782
M3,8.4,-0.00158204459718186,0.999999999998756,0.999999999998756
M3,8.405,-0.00159470388369063,0.99999999999873,0.99999999999873
M3,8.41,-0.00160990686915298,0.999999999998702,0.999999999998702
M3,8.415,-0.00162677715391573,0.999999999998675,0.999999999998675
M3,8.42,-0.00164594453291811,0.999999999998646,0.999999999998646
M3,8.425,-0.00166665475358531,0.999999999998618,0.999999999998618
M3,8.43,-0.0016877523253643,0.99999999999859,0.99999999999859
M3,8.435,-0.00171083310638644,0.999999999998561,0.999999999998561
M3,8.44,-0.00173446540935353,0.999999999998533,0.999999999998534
M3,8.445,-0.00175797179554687,0.999999999998507,0.999999999998507
M3,8.45,-0.00178255521157377,0.99999999999848,0.99999999999848
M3,8.455,-0.00180782137200827,0.999999999998455,0.999999999998455
M3,8.46,-0.00183284688254295,0.99999999999843,0.99999999999843
M3,8.465,-0.00185768016075654,0.999999999998408,0.999999999998408
M3,8.47,-0.00188238616817984,0.999999999998387,0.999999999998387
M3,8.475,-0.0019067698804243,0.999999999998368,0.999999999998368
M3,8.48,-0.00193050045345693,0.999999999998352,0.999999999998352
M3,8.485,-0.00195370497859726,0.999999999998338,0.999999999998338
M3,8.49,-0.00197599023815904,0.999999999998327,0.999999999998327
M3,8.495,-0.0019974844746972,0.99999999999832,0.99999999999832
M3,8.5,-0.00201782251617344,0.999999999998316,0.999999999998316
M3,8.505,-0.00203713830548466,0.999999999998317,0.999999999998317
M3,8.51,-0.00205521242314824,0.999999999998321,0.999999999998321
M3,8.515,-0.00207219467366319,0.999999999998331,0.99999999999833
M3,8.52,-0.00208726419123408,0.999999999998344,0.999999999998344
M3,8.525,-0.00210118844594146,0.999999999998363,0.999999999998363
M3,8.53,-0.00211360453987505,0.999999999998387,0.999999999998387
M3,8.535,-0.00212406709065755,0.999999999998416,0.999999999998416
M3,8.54,-0.00213329801955903,0.99999999999845,0.99999999999845
M3,8.545,-0.00214043935209034,0.999999999998489,0.999999999998489
M3,8.55,-0.00214601136462419,0.999999999998532,0.999999999998532
M3,8.555,-0.00214986687963218,0.999999999998579,0.999999999998579
M3,8.56,-0.00215163192667177,0.99999999999863,0.99999999999863
M3,8.565,-0.00215186984258194,0.999999999998684,0.999999999998684
M3,8.57,-0.00215001859111716,0.999999999998741,0.99999999999874
M3,8.575,-0.00214636331025199,0.999999999998798,0.999999999998798
M3,8.58,-0.00214090004301681,0.999999999998857,0.999999999998857
M3,8.585,-0.00213336581684512,0.999999999998915,0.999999999998915
M3,8.59,-0.00212412556486673,0.999999999998972,0.999999999998972
M3,8.595,-0.00211292822748971,0.999999999999027,0.999999999999027
M3,8.6,-0.00209979325543118,0.999999999999079,0.999999999999079
M3,8.605,-0.0020849337969355,0.999999999999127,0.999999999999127
M3,8.61,-0.00206827581074399,0.999999999999172,0.999999999999172
M3,8.615,-0.00204977560235991,0.999999999999211,0.999999999999211
M3,8.62,-0.00202948054168563,0.999999999999245,0.999999999999245
M3,8.625,-0.00200753332237834,0.999999999999273,0.999999999999273
M3,8.63,-0.00198387232360019,0.999999999999295,0.999999999999295
M3,8.635,-0.00195855348099788,0.999999999999311,0.999999999999311
M3,8.64,-0.00193168106349316,0.999999999999322,0.999999999999322
M3,8.645,-0.00190327546063729,0.999999999999326,0.999999999999327
M3,8.65,-0.00187339451627342,0.999999999999326,0.999999999999326
M3,8.655,-0.00184214026308758,0.999999999999321,0.999999999999321
M3,8.66,-0.00180954479321164,0.99999999999931,0.99999999999931
M3,8.665,-0.00177568766663184,0.999999999999296,0.999999999999296
M3,8.67,-0.00174067979969771,0.999999999999278,0.999999999999278
M3,8.675,-0.00170451658914676,0.999999999999257,0.999999999999257
M3,8.68,-0.00166749762911742,0.999999999999232,0.999999999999232
M3,8.685,-0.0016295270017514,0.999999999999204,0.999999999999204
M3,8.69,-0.00159072872696635,0.999999999999172,0.999999999999172
M3,8.695,-0.00155146971803937,0.999999999999136,0.999999999999136
M3,8.7,-0.00151130570648629,0.999999999999094,0.999999999999093
M3,8.705,-0.00147103918451935,0.999999999999042,0.999999999999042
M3,8.71,-0.00143013248537333,0.999999999998977,0.999999999998976
M3,8.715,-0.0013893416104759,0.99999999999889,0.99999999999889
M3,8.72,-0.00134830158344217,0.999999999998771,0.999999999998771
M3,8.725,-0.001307447849124,0.999999999998602,0.999999999998602
M3,8.73,-0.00126695730078828,0.999999999998356,0.999999999998356
M3,8.735,-0.00122572646501913,0.999999999998,0.999999999998
M3,8.74,-0.00118600665583928,0.999999999997488,0.999999999997487
M3,8.745,-0.00114745569588323,0.99999999999677,0.99999999999677
M3,8.75,-0.00110922594416826,0.999999999995841,0.99999999999584
M3,8.755,-0.00107287316796863,0.999999999994738,0.999999999994738
M3,8.76,-0.00103696081518197,0.999999999993747,0.999999999993747
M3,8.765,-0.00100234520803853,0.999999999993338,0.999999999993338
M3,8.77,-0.000969231274369317,0.999999999994039,0.999999999994039
M3,8.775,-0.000937732910003733,0.999999999995873,0.999999999995873
M3,8.78,-0.000908038745725226,0.999999999997878,0.999999999997878
M3,8.785,-0.000880446596343831,0.99999999999887,0.999999999998869
M3,8.79,-0.00085467912305367,0.999999999998953,0.999999999998953
M3,8.795,-0.000831219996608195,0.99999999999899,0.99999999999899
M3,8.8,-0.000810063998032148,0.999999999998589,0.999999999998589
M3,8.805,-0.000791243650309751,0.999999999996949,0.999999999996949
M3,8.81,-0.000774832118976689,0.99999999999474,0.99999999999474
M3,8.815,-0.000760940985918719,0.999999999993312,0.999999999993312
M3,8.82,-0.00074916954487432,0.999999999993297,0.999999999993297
M3,8.825,-0.00073989538516573,0.999999999994194,0.999999999994194
M3,8.83,-0.000733042144643557,0.999999999995422,0.999999999995422
M3,8.835,-0.000728471809523229,0.999999999996564,0.999999999996564
M3,8.84,-0.000726071360525299,0.999999999997451,0.999999999997451
M3,8.845,-0.000725746755023448,0.999999999998071,0.999999999998071
M3,8.85,-0.00072734990561462,0.999999999998471,0.999999999998471
M3,8.855,-0.000730559722779667,0.999999999998712,0.999999999998711
M3,8.86,-0.00073536524697898,0.999999999998845,0.999999999998845
M3,8.865,-0.000741473666526893,0.999999999998909,0.999999999998909
M3,8.87,-0.000748660390715609,0.999999999998932,0.999999999998932
M3,8.875,-0.000756718802159374,0.999999999998928,0.999999999998928
M3,8.88,-0.000765394075230312,0.999999999998909,0.999999999998909
M3,8.885,-0.000772568137536484,0.999999999998881,0.999999999998881
M3,8.89,-0.000782905736446738,0.999999999998845,0.999999999998845
M3,8.895,-0.000791786251167057,0.999999999998802,0.999999999998802
M3,8.9,-0.000799623737448253,0.999999999998754,0.999999999998754
M3,8.905,-0.000809116431798445,0.999999999998696,0.999999999998696
M3,8.91,-0.000816568455196952,0.999999999998631,0.999999999998631
M3,8.915,-0.000822136525002127,0.999999999998558,0.999999999998558
M3,8.92,-0.000829098258258879,0.999999999998476,0.999999999998476
M3,8.925,-0.000833749965758341,0.999999999998388,0.999999999998388
M3,8.93,-0.000838351614288981,0.999999999998296,0.999999999998295
M3,8.935,-0.000840256419022037,0.999999999998203,0.999999999998203
M3,8.94,-0.000841006341022391,0.999999999998112,0.999999999998112
M3,8.945,-0.000840342723946821,0.999999999998027,0.999999999998027
M3,8.95,-0.000838066933870799,0.999999999997951,0.999999999997951
M3,8.955,-0.000834860489891605,0.999999999997887,0.999999999997887
M3,8.96,-0.000830079408717469,0.999999999997837,0.999999999997837
M3,8.965,-0.000823848499775476,0.999999999997802,0.999999999997802
M3,8.97,-0.000816974780520492,0.999999999997782,0.999999999997783
M3,8.975,-0.000808634965472481,0.999999999997778,0.999999999997778
M3,8.98,-0.000799228495754125,0.999999999997788,0.999999999997788
M3,8.985,-0.000789630489296294,0.99999999999781,0.99999999999781
M3,8.99,-0.000778505301298523,0.999999999997843,0.999999999997843
M3,8.995,-0.000767205513744814,0.999999999997884,0.999999999997884
M3,9,-0.000755364576126756,0.999999999997932,0.999999999997932
M3,9.005,-0.000742926287216308,0.999999999997984,0.999999999997984
M3,9.01,-0.000730763341261726,0.999999999998038,0.999999999998038
M3,9.015,-0.000718169740122435,0.999999999998093,0.999999999998094
M3,9.02,-0.000705819757704028,0.999999999998149,0.999999999998148
M3,9.025,-0.000693710468926638,0.999999999998203,0.999999999998203
M3,9.03,-0.000681811693489394,0.999999999998255,0.999999999998255
M3,9.035,-0.000670616544629773,0.999999999998304,0.999999999998304
M3,9.04,-0.000659982346871241,0.99999999999835,0.999999999998351
M3,9.045,-0.000650168438919735,0.999999999998393,0.999999999998394
M3,9.05,-0.000640886575213871,0.999999999998434,0.999999999998434
M3,9.055,-0.000632827120436695,0.99999999999847,0.99999999999847
M3,9.06,-0.000625723496756202,0.999999999998504,0.999999999998504
M3,9.065,-0.000619883743951713,0.999999999998534,0.999999999998534
M3,9.07,-0.00061523859781736,0.999999999998561,0.999999999998561
M3,9.075,-0.000612025040752245,0.999999999998585,0.999999999998585
M3,9.08,-0.000610232433671141,0.999999999998606,0.999999999998606
M3,9.085,-0.000609996103811389,0.999999999998625,0.999999999998625
M3,9.09,-0.000611353071536409,0.999999999998641,0.999999999998641
M3,9.095,-0.000614402667458174,0.999999999998654,0.999999999998654
M3,9.1,-0.000619186661578814,0.999999999998665,0.999999999998664
M3,9.105,-0.000625782902983566,0.999999999998673,0.999999999998673
M3,9.11,-0.000634232936487133,0.999999999998678,0.999999999998678
M3,9.115,-0.000644601037088794,0.999999999998681,0.999999999998681
M3,9.12,-0.000656898630937541,0.999999999998681,0.999999999998681
M3,9.125,-0.000671210072770961,0.999999999998678,0.999999999998678
M3,9.13,-0.000687553107379819,0.999999999998673,0.999999999998672
M3,9.135,-0.000705964124631833,0.999999999998664,0.999999999998664
M3,9.14,-0.00072647360506061,0.999999999998653,0.999999999998653
M3,9.145,-0.000749104284841496,0.999999999998638,0.999999999998638
M3,9.15,-0.000773880325306074,0.99999999999862,0.99999999999862
M3,9.155,-0.000800823820995198,0.999999999998599,0.999999999998599
M3,9.16,-0.000829943908513739,0.999999999998574,0.999999999998574
M3,9.165,-0.000861266609840287,0.999999999998547,0.999999999998547
M3,9.17,-0.000894788743675199,0.999999999998516,0.999999999998516
M3,9.175,-0.000930523072394832,0.999999999998483,0.999999999998483
M3,9.18,-0.000968480935631735,0.999999999998448,0.999999999998449
M3,9.185,-0.00100888186920712,0.999999999998412,0.999999999998412
M3,9.19,-0.0010515069426871,0.999999999998378,0.999999999998378
M3,9.195,-0.0010956727944951,0.99999999999835,0.99999999999835
M3,9.2,-0.001142798836145,0.999999999998325,0.999999999998325
M3,9.205,-0.00119165545137549,0.999999999998312,0.999999999998312
M3,9.21,-0.00124262122594828,0.999999999998315,0.999999999998315
M3,9.215,-0.00129608271303102,0.999999999998332,0.999999999998332
M3,9.22,-0.00135180566417942,0.999999999998365,0.999999999998365
M3,9.225,-0.00140949865167901,0.999999999998417,0.999999999998417
M3,9.23,-0.00146933035819364,0.999999999998482,0.999999999998482
M3,9.235,-0.0015312773279698,0.999999999998553,0.999999999998553
M3,9.24,-0.00159540330067129,0.999999999998621,0.999999999998621
M3,9.245,-0.00166151427630886,0.999999999998678,0.999999999998678
M3,9.25,-0.0017301821090476,0.999999999998714,0.999999999998714
M3,9.255,-0.00180020814573048,0.999999999998727,0.999999999998727
M3,9.26,-0.00187210751895823,0.999999999998711,0.999999999998712
M3,9.265,-0.00194640858419389,0.999999999998667,0.999999999998667
M3,9.27,-0.00202227305554163,0.999999999998591,0.999999999998591
M3,9.275,-0.00210032275156086,0.999999999998488,0.999999999998488
M3,9.28,-0.00218033425708075,0.999999999998364,0.999999999998364
M3,9.285,-0.00226211737961676,0.999999999998231,0.999999999998231
M3,9.29,-0.00234567172726577,0.9999999999981,0.9999999999981
M3,9.295,-0.00243093991457189,0.999999999997984,0.999999999997984
M3,9.3,-0.00251966777013102,0.999999999997898,0.999999999997898
M3,9.305,-0.00261226606420179,0.999999999997846,0.999999999997846
M3,9.31,-0.00269552311150003,0.999999999997786,0.999999999997786
M3,9.315,-0.00278870789939618,0.999999999997774,0.999999999997775
M3,9.32,-0.00288171842076915,0.999999999997775,0.999999999997775
M3,9.325,-0.00297674941080688,0.999999999997787,0.999999999997787
M3,9.33,-0.00307546297384498,0.999999999997805,0.999999999997806
M3,9.335,-0.00317107145343311,0.999999999997822,0.999999999997822
M3,9.34,-0.00327447092853676,0.999999999997839,0.999999999997839
M3,9.345,-0.00337286161251742,0.999999999997849,0.999999999997849
M3,9.35,-0.00347481197715124,0.999999999997855,0.999999999997855
M3,9.355,-0.00358048589497041,0.999999999997855,0.999999999997855
M3,9.36,-0.00368020338486665,0.999999999997849,0.999999999997849
M3,9.365,-0.00378973350849135,0.999999999997837,0.999999999997837
M3,9.37,-0.00390306720153795,0.999999999997818,0.999999999997818
M3,9.375,-0.00401008348869989,0.999999999997795,0.999999999997795
M3,9.38,-0.00412107731020855,0.999999999997767,0.999999999997767
M3,9.385,-0.00422466995980254,0.999999999997737,0.999999999997737
M3,9.39,-0.00434340206599919,0.999999999997701,0.9999999999977
M3,9.395,-0.00444123033671284,0.999999999997668,0.999999999997668
M3,9.4,-0.00456993008102473,0.999999999997627,0.999999999997627
M3,9.405,-0.00465744668864142,0.9999999999976,0.9999999999976
M3,9.41,-0.00479925796435293,0.99999999999756,0.99999999999756
M3,9.415,-0.00487108417879793,0.999999999997549,0.999999999997549
M3,9.42,-0.00503089518167575,0.999999999997517,0.999999999997517
M3,9.425,-0.00509083730601142,0.999999999997527,0.999999999997527
M3,9.43,-0.00521447800941755,0.999999999997525,0.999999999997525
M3,9.435,-0.00533292984194633,0.999999999997528,0.999999999997528
M3,9.44,-0.00542339710915557,0.999999999997535,0.999999999997535
M3,9.445,-0.00555714847617387,0.999999999997526,0.999999999997527
M3,9.45,-0.00566479690430668,0.999999999997504,0.999999999997504
M3,9.455,-0.00574383515818207,0.999999999997457,0.999999999997457
M3,9.46,-0.00585113111418493,0.99999999999738,0.99999999999738
M3,9.465,-0.00596532276294564,0.999999999997275,0.999999999997275
M3,9.47,-0.00606017160815658,0.999999999997146,0.999999999997146
M3,9.475,-0.00616155409854056,0.999999999997006,0.999999999997006
M3,9.48,-0.0062650612670677,0.999999999996863,0.999999999996863
M3,9.485,-0.006365228106996,0.999999999996728,0.999999999996728
M3,9.49,-0.00646249452165861,0.999999999996607,0.999999999996607
M3,9.495,-0.0065526913686162,0.999999999996498,0.999999999996498
M3,9.5,-0.00664504435872271,0.999999999996401,0.999999999996401
M3,9.505,-0.00673526391602178,0.999999999996316,0.999999999996317
M3,9.51,-0.00682026330125564,0.999999999996247,0.999999999996247
M3,9.515,-0.006904112072701,0.999999999996209,0.999999999996209
M3,9.52,-0.00698362828824536,0.999999999996245,0.999999999996245
M3,9.525,-0.00706027662261586,0.999999999996427,0.999999999996427
M3,9.53,-0.00713297441815556,0.999999999996577,0.999999999996577
M3,9.535,-0.00720151555149077,0.999999999988435,0.999999999988435
M3,9.54,-0.00726512585560526,0.99999999937023,0.99999999937023
M3,9.545,-0.0073053381764394,0.999977516703317,0.999977516703317
M3,9.55,-0.00720451875953447,0.999999976818592,0.999999976818592
M3,9.555,-0.00709067521456394,0.999999999710735,0.999999999710735
M3,9.56,-0.0069768659715257,0.999999999970021,0.999999999970021
M3,9.565,-0.00686335545137056,0.999999999991109,0.999999999991108
M3,9.57,-0.00675068939038428,0.999999999994874,0.999999999994873
M3,9.575,-0.00664124584914351,0.999999999995775,0.999999999995775
M3,9.58,-0.00652878037486498,0.999999999995911,0.999999999995911
M3,9.585,-0.0064252949445334,0.999999999995725,0.999999999995725
M3,9.59,-0.00631196340254925,0.999999999995405,0.999999999995404
M3,9.595,-0.00619345666665223,0.999999999995015,0.999999999995015
M3,9.6,-0.00609498635236514,0.999999999994458,0.999999999994458
M3,9.605,-0.00598468984290106,0.999999999993899,0.999999999993899
M3,9.61,-0.00586178745918729,0.999999999993429,0.999999999993429
M3,9.615,-0.00575460783612365,0.99999999999284,0.999999999992839
M3,9.62,-0.00564499731501045,0.999999999992327,0.999999999992327
M3,9.625,-0.00553017400939728,0.999999999991982,0.999999999991982
M3,9.63,-0.00542183458478314,0.999999999991721,0.999999999991721
M3,9.635,-0.00530496151457331,0.999999999991905,0.999999999991905
M3,9.64,-0.00519368031867521,0.999999999992458,0.999999999992458
M3,9.645,-0.00507723002682821,0.999999999993751,0.999999999993751
M3,9.65,-0.00495937540945787,0.999999999995646,0.999999999995646
M3,9.655,-0.0048393273162473,0.999999999997918,0.999999999997918
M3,9.66,-0.00471902815982618,0.999999999999372,0.999999999999372
M3,9.665,-0.00459676161790139,0.999999999997286,0.999999999997286
M3,9.67,-0.00446570344490194,0.999999999985297,0.999999999985297
M3,9.675,-0.00433252278884681,0.999999999953264,0.999999999953264
M3,9.68,-0.00419398885982556,0.999999999888016,0.999999999888016
M3,9.685,-0.00404963154442327,0.999999999778415,0.999999999778415
M3,9.69,-0.00390487521122134,0.999999999630487,0.999999999630487
M3,9.695,-0.00375202420799921,0.999999999469271,0.999999999469271
M3,9.7,-0.00359115682321425,0.999999999331978,0.999999999331978
M3,9.705,-0.00341864968365968,0.999999999250847,0.999999999250846
M3,9.71,-0.00324524268257945,0.99999999922734,0.99999999922734
M3,9.715,-0.00307579707143454,0.999999999258838,0.999999999258838
M3,9.72,-0.00291461116146033,0.99999999932,0.99999999932
M3,9.725,-0.00277843476164179,0.999999999403108,0.999999999403108
M3,9.73,-0.00269391307553765,0.999999999491623,0.999999999491623
M3,9.735,-0.00271662586073868,0.999999999554581,0.999999999554581
M3,9.74,-0.00295652441569083,0.999999999106301,0.999999999106301
M3,9.745,-0.00343282161692065,0.999886310495237,0.999886310495237
M3,9.75,-0.0032896538131839,0.999999981842161,0.999999981842161
M3,9.755,-0.00329362451340278,0.999999999472118,0.999999999472118
M3,9.76,-0.0033032557312686,0.999999996409696,0.999999996409696
M3,9.765,-0.00331458321094012,0.999999186503064,0.999999186503064
M3,9.77,-0.00327688992963471,0.999999231637141,0.999999231637141
M3,9.775,-0.00318490841322125,0.999999996410048,0.999999996410048
M3,9.78,-0.00309258755436414,0.999999999778931,0.999999999778931
M3,9.785,-0.00300389604065596,0.99999999996005,0.99999999996005
M3,9.79,-0.00291916486659473,0.999999999986804,0.999999999986804
M3,9.795,-0.00283835290301945,0.999999999993603,0.999999999993603
M3,9.8,-0.00276125718279316,0.999999999996026,0.999999999996026
M3,9.805,-0.00268771254904709,0.99999999999711,0.99999999999711
M3,9.81,-0.00261754505024827,0.99999999999768,0.99999999999768
M3,9.815,-0.0025503651459881,0.999999999998017,0.999999999998017
M3,9.82,-0.00248620358709656,0.999999999998236,0.999999999998236
M3,9.825,-0.00242466416874337,0.999999999998387,0.999999999998387
M3,9.83,-0.00236604329430102,0.999999999998497,0.999999999998497
M3,9.835,-0.00230948979907306,0.999999999998582,0.999999999998582
M3,9.84,-0.002254866483852,0.999999999998648,0.999999999998648
M3,9.845,-0.00220217169664016,0.999999999998702,0.999999999998702
M3,9.85,-0.00215125456128007,0.999999999998745,0.999999999998746
M3,9.855,-0.00210199924080894,0.999999999998781,0.999999999998781
M3,9.86,-0.00205453451059848,0.999999999998811,0.999999999998811
M3,9.865,-0.00201211592747718,0.999999999998835,0.999999999998835
M3,9.87,-0.00196344029944081,0.999999999998856,0.999999999998856
M3,9.875,-0.00192341220351543,0.999999999998872,0.999999999998872
M3,9.88,-0.00187675295953995,0.999999999998887,0.999999999998887
M3,9.885,-0.00183808739871859,0.999999999998897,0.999999999998897
M3,9.89,-0.00179397065285493,0.999999999998906,0.999999999998906
M3,9.895,-0.00175653077300686,0.999999999998912,0.999999999998912
M3,9.9,-0.00171445314381579,0.999999999998917,0.999999999998917
M3,9.905,-0.00167802562609701,0.999999999998919,0.999999999998919
M3,9.91,-0.00163770453504156,0.999999999998922,0.999999999998922
M3,9.915,-0.00160216424518383,0.999999999998922,0.999999999998922
M3,9.92,-0.00156336094138993,0.999999999998921,0.999999999998921
M3,9.925,-0.00152862538470494,0.99999999999892,0.99999999999892
M3,9.93,-0.00149116392519574,0.999999999998918,0.999999999998918
M3,9.935,-0.00145718744559279,0.999999999998915,0.999999999998915
M3,9.94,-0.00142053112038567,0.999999999998914,0.999999999998913
M3,9.945,-0.00138665391311314,0.999999999998911,0.999999999998911
M3,9.95,-0.00135251130455439,0.999999999998908,0.999999999998909
M3,9.955,-0.00131909234582126,0.999999999998906,0.999999999998906
M3,9.96,-0.00128616264611902,0.999999999998905,0.999999999998905
M3,9.965,-0.00125233017991262,0.999999999998904,0.999999999998904
M3,9.97,-0.00122075054814315,0.999999999998903,0.999999999998903
M3,9.975,-0.00118802955406192,0.999999999998903,0.999999999998903
M3,9.98,-0.00115871642018176,0.999999999998904,0.999999999998904
M3,9.985,-0.0011276957631586,0.999999999998905,0.999999999998905
M3,9.99,-0.00109799896894285,0.999999999998907,0.999999999998907
M3,9.995,-0.00107064380446989,0.999999999998909,0.999999999998909
M3,10,-0.00104230945092857,0.999999999998913,0.999999999998913
M4,0,-993.311576487177,0.559104413356073,0.99421164291989
M4,0.005,-264.610779455657,0.999952198482318,0.999999982811756
M4,0.01,-157.176274052668,0.999932509412619,0.999999965469532
M4,0.015,-46.1224314776519,0.999913242090083,0.999999940767755
M4,0.02,-0.00176408750631741,0.987700150561803,0.999999999998539
M4,0.025,-0.00168495102831518,0.984041468133249,0.999999999998589
M4,0.03,-0.0016059534845184,0.980133560425293,0.999999999998622
M4,0.035,-0.00152610384838914,0.976076795664394,0.999999999998642
M4,0.04,-0.00145102780696312,0.971610530196803,0.999999999998647
M4,0.045,-0.00137857115727474,0.966992054402396,0.999999999998642
M4,0.05,-0.00130830723065982,0.962371601073834,0.999999999998628
M4,0.055,-0.00124043163796882,0.957897268230552,0.999999999998604
M4,0.06,-0.00117641391036834,0.953700870749325,0.999999999998572
M4,0.065,-0.00111361133873461,0.950027806547926,0.999999999998533
M4,0.07,-0.00105353190629649,0.946991321176853,0.999999999998488
M4,0.075,-0.000995416758777061,0.944727677727327,0.999999999998435
M4,0.08,-0.000941445854620046,0.943313991534015,0.999999999998378
M4,0.085,-0.000889404303898023,0.942796385482693,0.999999999998315
M4,0.09,-0.000841225175288736,0.943143604919038,0.999999999998249
M4,0.095,-0.000795779864456362,0.94426468643238,0.999999999998178
M4,0.1,-0.000753697637509342,0.946012863096046,0.999999999998104
M4,0.105,-0.00071537952947121,0.948201908641915,0.999999999998026
M4,0.11,-0.000680029019043705,0.950620674909499,0.999999999997942
M4,0.115,-0.00064866624182137,0.953068534133462,0.999999999997851
M4,0.12,-0.000621134109131759,0.955364761675137,0.999999999997752
M4,0.125,-0.000597442709519241,0.957367057110373,0.999999999997638
M4,0.13,-0.000577780731578318,0.9589832314929,0.999999999997509
M4,0.135,-0.000562204541338078,0.960167859338236,0.999999999997362
M4,0.14,-0.000550821228605842,0.960915678169527,0.999999999997194
M4,0.145,-0.000543799614677919,0.961254871007733,0.999999999997006
M4,0.15,-0.000541181085715654,0.96123191268411,0.999999999996797
M4,0.155,-0.000543149042119826,0.96090841438397,0.999999999996572
M4,0.16,-0.000549766592132282,0.960345002254694,0.999999999996334
M4,0.165,-0.000561182588792826,0.959603207655881,0.999999999996093
M4,0.17,-0.000577494476528451,0.958735931907215,0.999999999995862
M4,0.175,-0.0005987930017337,0.957787428035582,0.999999999995658
M4,0.18,-0.000625240112899709,0.956797692584365,0.999999999995502
M4,0.185,-0.000656966573626635,0.955799650389493,0.999999999995419
M4,0.19,-0.000694019272710838,0.954806929418031,0.999999999995434
M4,0.195,-0.000736539890547511,0.953843696233456,0.999999999995568
M4,0.2,-0.000784659925167338,0.952914248690112,0.999999999995832
M4,0.205,-0.000838448306889482,0.952029624553208,0.99999999999622
M4,0.21,-0.000897994913617484,0.951194090056311,0.9999999999967
M4,0.215,-0.00096352504194671,0.950405031613225,0.999999999997224
M4,0.22,-0.00103490222951674,0.949669561433444,0.999999999997723
M4,0.225,-0.00111333923056456,0.948973402298929,0.999999999998138
M4,0.23,-0.00119694423643812,0.948330731832574,0.999999999998432
M4,0.235,-0.00128727745270132,0.947712518667763,0.999999999998594
M4,0.24,-0.00138390487316637,0.947149867078734,0.999999999998637
M4,0.245,-0.00148504374290494,0.946654006118687,0.999999999998563
M4,0.25,-0.00159451480107552,0.946164622322156,0.99999999999835
M4,0.255,-0.00171034561217503,0.945711938348198,0.999999999997955
M4,0.26,-0.00183351209544095,0.945286290114736,0.999999999997352
M4,0.265,-0.0019628235737876,0.944894176458608,0.999999999996561
M4,0.27,-0.00209882887486781,0.944530667561134,0.999999999995671
M4,0.275,-0.00224166312005989,0.944195173497033,0.999999999994814
M4,0.28,-0.00239204495535291,0.943887559034745,0.99999999999412
M4,0.285,-0.00254946755433429,0.943610257336996,0.99999999999367
M4,0.29,-0.00271694466515551,0.943365148420807,0.999999999993502
M4,0.295,-0.00288376463100293,0.94315405692387,0.999999999993543
M4,0.3,-0.00306233777817074,0.94298178294974,0.99999999999379
M4,0.305,-0.00324881932819063,0.942852135705001,0.999999999994157
M4,0.31,-0.00343991160860399,0.942769633771482,0.999999999994578
M4,0.315,-0.00363637418672253,0.942741555526106,0.99999999999501
M4,0.32,-0.00384277403049242,0.942774500917152,0.999999999995426
M4,0.325,-0.0040563760232083,0.942875258769078,0.999999999995804
M4,0.33,-0.00427842943583249,0.943050376612379,0.999999999996135
M4,0.335,-0.00450097650876084,0.943316056620255,0.99999999999642
M4,0.34,-0.00473805013781208,0.943665611545747,0.999999999996661
M4,0.345,-0.00496161906972461,0.944152603456521,0.999999999996862
M4,0.35,-0.00521675618703403,0.944703171167054,0.999999999997031
M4,0.355,-0.00545729690451865,0.945423802848986,0.999999999997172
M4,0.36,-0.00570650828955744,0.946269999031127,0.999999999997289
M4,0.365,-0.00597145750196043,0.947224368227391,0.999999999997387
M4,0.37,-0.00620749156841792,0.948448915709111,0.999999999997473
M4,0.375,-0.00647673773910374,0.949742726649618,0.999999999997545
M4,0.38,-0.00673256232146848,0.951237892942566,0.999999999997607
M4,0.385,-0.00700593017936258,0.952869996618156,0.999999999997662
M4,0.39,-0.00726212282097537,0.954696482342437,0.999999999997711
M4,0.395,-0.00753427975148069,0.956674991878817,0.999999999997754
M4,0.4,-0.00779401972043551,0.958834371744979,0.999999999997793
M4,0.405,-0.00806212216164224,0.961152434872959,0.999999999997828
M4,0.41,-0.00831896573347647,0.963615318277064,0.999999999997859
M4,0.415,-0.0085755722707761,0.966225418024717,0.999999999997888
M4,0.42,-0.00882491924287675,0.968939712873983,0.999999999997913
M4,0.425,-0.00906519153272554,0.971761526016788,0.999999999997936
M4,0.43,-0.00930200011644559,0.974648165120667,0.999999999997957
M4,0.435,-0.00951442891422216,0.97753989427385,0.999999999997975
M4,0.44,-0.00973436631611174,0.980465155599361,0.999999999997994
M4,0.445,-0.00994345750331167,0.983383661266059,0.999999999998012
M4,0.45,-0.0101184450944769,0.986152879052636,0.99999999999803
M4,0.455,-0.0102877046337721,0.988837116943108,0.999999999998049
M4,0.46,-0.0104409960712599,0.991363753430643,0.99999999999807
M4,0.465,-0.0105702029272302,0.993648984016504,0.999999999998091
M4,0.47,-0.0106781963765563,0.995656580549502,0.999999999998115
M4,0.475,-0.0107634231700029,0.997343660580824,0.99999999999814
M4,0.48,-0.0108244962225993,0.998662854369892,0.999999999998168
M4,0.485,-0.0108607375469743,0.999549227011062,0.999999999998198
M4,0.49,-0.010869771796053,0.999970078408889,0.99999999999823
M4,0.495,-0.0108494337993324,0.999882098993362,0.999999999998264
M4,0.5,-0.0108017684385364,0.999265371128705,0.9999999999983
M4,0.505,-0.0107329810631621,0.998125975813443,0.999999999998338
M4,0.51,-0.0106228889541388,0.996368189228241,0.99999999999838
M4,0.515,-0.0104972431335105,0.994142578161794,0.999999999998425
M4,0.52,-0.0103369241437064,0.991345663768535,0.999999999998476
M4,0.525,-0.0101508324297231,0.988092560620814,0.999999999998534
M4,0.53,-0.00995290776931465,0.984487984222019,0.9999999999986
M4,0.535,-0.00970385015272554,0.980399531681007,0.999999999998675
M4,0.54,-0.00946708791715201,0.97623209716329,0.999999999998759
M4,0.545,-0.00919279407243858,0.97178677650025,0.999999999998847
M4,0.55,-0.00890886588155613,0.967330950642291,0.999999999998932
M4,0.555,-0.00861098901670378,0.962951111598335,0.999999999999
M4,0.56,-0.00830317906557027,0.958768317348277,0.999999999999036
M4,0.565,-0.00798870003952829,0.954901672600583,0.999999999999036
M4,0.57,-0.00767398456323661,0.951454061412363,0.999999999999011
M4,0.575,-0.00736256137568928,0.948505523964357,0.999999999998964
M4,0.58,-0.00705014294260005,0.946125132076227,0.999999999998814
M4,0.585,-0.0067449778694685,0.944345532845918,0.99999999999839
M4,0.59,-0.00644314105881916,0.943155921162252,0.999999999997679
M4,0.595,-0.00616103780486433,0.942569408479579,0.999999999997151
M4,0.6,-0.00588737297678359,0.942481756220521,0.999999999997229
M4,0.605,-0.00562899442539093,0.942814454890964,0.999999999997715
M4,0.61,-0.00538467175093198,0.943457634027121,0.99999999999806
M4,0.615,-0.00515784462344733,0.944284141961248,0.99999999999806
M4,0.62,-0.00495234255486471,0.945163149896087,0.999999999997878
M4,0.625,-0.00476178604026854,0.945989311786474,0.999999999997683
M4,0.63,-0.0045905346278815,0.946661271745003,0.999999999997535
M4,0.635,-0.00444148313804785,0.947114437747848,0.99999999999743
M4,0.64,-0.00430971495718539,0.947311515332947,0.999999999997371
M4,0.645,-0.00419673205439555,0.947250815230971,0.99999999999737
M4,0.65,-0.00410188838522891,0.946953297099962,0.999999999997441
M4,0.655,-0.00402479282681734,0.94646364681254,0.999999999997576
M4,0.66,-0.00396446059197398,0.945840185725458,0.999999999997742
M4,0.665,-0.0039175476107553,0.94515650837436,0.999999999997898
M4,0.67,-0.00388930773930042,0.944453720321647,0.999999999998019
M4,0.675,-0.00387721602569975,0.943796572748691,0.999999999998099
M4,0.68,-0.0038752142315222,0.94325227137807,0.999999999998147
M4,0.685,-0.00388348536029659,0.942852724651129,0.999999999998177
M4,0.69,-0.00390621057984672,0.942620753857322,0.99999999999819
M4,0.695,-0.00393872692481333,0.942582052430095,0.999999999998191
M4,0.7,-0.00397965020277686,0.94274647062863,0.999999999998188
M4,0.705,-0.00402919648440044,0.943116685445477,0.999999999998196
M4,0.71,-0.00408600402882223,0.943686214935939,0.999999999998225
M4,0.715,-0.00414946765274185,0.944448370463572,0.999999999998276
M4,0.72,-0.00421869476324739,0.945394009962884,0.999999999998347
M4,0.725,-0.00429295194976358,0.946508005946826,0.999999999998429
M4,0.73,-0.00437121719245134,0.94777071426311,0.999999999998518
M4,0.735,-0.00445297470339117,0.949158111294446,0.999999999998606
M4,0.74,-0.00453757469336591,0.950665715988559,0.999999999998689
M4,0.745,-0.00462430998314845,0.952273841485409,0.999999999998767
M4,0.75,-0.00471271903588027,0.953959024077643,0.999999999998837
M4,0.755,-0.00480272392450827,0.955687135835429,0.999999999998901
M4,0.76,-0.0048924759231054,0.957511806142584,0.999999999998958
M4,0.765,-0.004982466952623,0.959350645661395,0.999999999999009
M4,0.77,-0.00507161944284796,0.961243128272593,0.999999999999056
M4,0.775,-0.00516089998918958,0.963125475683307,0.999999999999097
M4,0.78,-0.00524873534749189,0.965016551601921,0.999999999999135
M4,0.785,-0.00533469401129299,0.966914112838044,0.999999999999169
M4,0.79,-0.00541958654065249,0.968788340175023,0.999999999999201
M4,0.795,-0.00550198189311154,0.97065011303998,0.999999999999229
M4,0.8,-0.00558202072352331,0.972486812145324,0.999999999999256
M4,0.805,-0.0056595343324275,0.974293524714258,0.99999999999928
M4,0.81,-0.00573409298540339,0.976065773210356,0.999999999999302
M4,0.815,-0.00580594923596239,0.977797801480994,0.999999999999323
M4,0.82,-0.00587390289326221,0.979488477279131,0.999999999999343
M4,0.825,-0.00593899721839295,0.981131839200285,0.999999999999361
M4,0.83,-0.00599925475948236,0.982726206137305,0.999999999999378
M4,0.835,-0.0060566052117606,0.984267277700575,0.999999999999394
M4,0.84,-0.0061096316663083,0.985753542119978,0.999999999999409
M4,0.845,-0.00615791300019309,0.98718001021798,0.999999999999423
M4,0.85,-0.00620297386224618,0.98854775081276,0.999999999999437
M4,0.855,-0.00624265982530138,0.989850166958362,0.99999999999945
M4,0.86,-0.00627800067315893,0.991086841636659,0.999999999999462
M4,0.865,-0.00631040611786892,0.992260992809224,0.999999999999474
M4,0.87,-0.00633588768059784,0.993356616253682,0.999999999999484
M4,0.875,-0.0063552225379729,0.994375723513595,0.999999999999495
M4,0.88,-0.00637150453441153,0.995323672313724,0.999999999999504
M4,0.885,-0.00638308610478535,0.996194357328344,0.999999999999514
M4,0.89,-0.0063885686202702,0.99697997462792,0.999999999999522
M4,0.895,-0.00638903340616488,0.997681812514122,0.99999999999953
M4,0.9,-0.00638456848211129,0.998297559577539,0.999999999999537
M4,0.905,-0.00637440438646443,0.998821486827839,0.999999999999544
M4,0.91,-0.00635937574196745,0.999254011884217,0.99999999999955
M4,0.915,-0.00633862803972354,0.999589999572432,0.999999999999555
M4,0.92,-0.00631231042524281,0.999827427122715,0.99999999999956
M4,0.925,-0.00628045596642777,0.999964569191311,0.999999999999565
M4,0.93,-0.00624338534759538,0.999998352131088,0.999999999999568
M4,0.935,-0.00620153548259647,0.999926693653225,0.99999999999957
M4,0.94,-0.00615336976014889,0.999747417935216,0.999999999999571
M4,0.945,-0.00610027785447697,0.999459027049745,0.999999999999572
M4,0.95,-0.006042148944635,0.999060292449403,0.999999999999572
M4,0.955,-0.00597793995903438,0.998549374650095,0.99999999999957
M4,0.96,-0.00590920188049257,0.997926877299393,0.999999999999567
M4,0.965,-0.00583494507512759,0.99719152253727,0.999999999999563
M4,0.97,-0.00575519405051585,0.99634320250214,0.999999999999558
M4,0.975,-0.00567151399786838,0.99538582653147,0.999999999999552
M4,0.98,-0.00558163523357726,0.994314894708499,0.999999999999543
M4,0.985,-0.00548718082152835,0.993136031207556,0.999999999999534
M4,0.99,-0.00538887428678954,0.991854607245905,0.999999999999523
M4,0.995,-0.00528479866530388,0.990464424821212,0.99999999999951
M4,1,-0.00517682438643997,0.988977382317425,0.999999999999495
M4,1.005,-0.00506498157162647,0.987397550186735,0.999999999999479
M4,1.01,-0.00494808104865015,0.985720088600825,0.999999999999461
M4,1.015,-0.00482817259341646,0.983964928737868,0.99999999999944
M4,1.02,-0.00470292196660862,0.982114840741361,0.999999999999418
M4,1.025,-0.00457309787112222,0.980179384177462,0.999999999999393
M4,1.03,-0.00444201895964798,0.978199055739171,0.999999999999367
M4,1.035,-0.00431218125951795,0.976212937553765,0.999999999999338
M4,1.04,-0.00417331610467539,0.974103245170437,0.999999999999307
M4,1.045,-0.0040324729273102,0.971959436965714,0.999999999999273
M4,1.05,-0.00389277999891681,0.969833587671493,0.999999999999238
M4,1.055,-0.00375164635730804,0.967699196547066,0.999999999999201
M4,1.06,-0.00360456039200719,0.965495254020066,0.999999999999161
M4,1.065,-0.00345768081667655,0.963319712673778,0.99999999999912
M4,1.07,-0.00331498761526408,0.961244502655213,0.999999999999078
M4,1.075,-0.00316620089470628,0.959120308604842,0.999999999999034
M4,1.08,-0.00301655089091351,0.957035149338114,0.999999999998987
M4,1.085,-0.00286980629626726,0.955056425602531,0.999999999998941
M4,1.09,-0.00272663691392503,0.953205162546624,0.999999999998894
M4,1.095,-0.00257875962116754,0.951373026742561,0.999999999998845
M4,1.1,-0.00243314405020817,0.949671201331568,0.999999999998796
M4,1.105,-0.00229315317673415,0.948152510711014,0.999999999998749
M4,1.11,-0.00215376330440902,0.946771824508893,0.9999999999987
M4,1.115,-0.00201430209493448,0.945539328680612,0.999999999998653
M4,1.12,-0.00187941889193878,0.94451711762052,0.999999999998606
M4,1.125,-0.00175171122916369,0.943733427611958,0.999999999998563
M4,1.13,-0.00162286511539734,0.943156373391783,0.999999999998521
M4,1.135,-0.00149844404354839,0.942838008995501,0.999999999998481
M4,1.14,-0.00138049261935446,0.942796273380818,0.999999999998446
M4,1.145,-0.00126819208736325,0.943038172638256,0.999999999998415
M4,1.15,-0.00115850768165039,0.943589167721238,0.99999999999839
M4,1.155,-0.0010547550879668,0.944460395941598,0.99999999999837
M4,1.16,-0.000958494826675233,0.945644557370176,0.99999999999836
M4,1.165,-0.000866866731358006,0.947154585867029,0.999999999998358
M4,1.17,-0.000780905289703996,0.948999906536076,0.999999999998365
M4,1.175,-0.000701586693885067,0.951170667172255,0.999999999998383
M4,1.18,-0.000629367565172668,0.953617369791114,0.999999999998415
M4,1.185,-0.000562931404258045,0.956316631545308,0.999999999998456
M4,1.19,-0.000502896265874856,0.959256998473872,0.99999999999851
M4,1.195,-0.000449486464235215,0.96237064801024,0.999999999998577
M4,1.2,-0.000402813701310727,0.96550059193951,0.999999999998652
M4,1.205,-0.00036229231777677,0.968581946252017,0.999999999998731
M4,1.21,-0.0003276031445803,0.971555410763283,0.999999999998812
M4,1.215,-0.000298936976348525,0.974240484867822,0.999999999998887
M4,1.22,-0.000276198306304525,0.976475817879537,0.999999999998948
M4,1.225,-0.000259578981247679,0.978042294576801,0.999999999998986
M4,1.23,-0.000248185429241328,0.978791662113424,0.999999999998993
M4,1.235,-0.000241284723420582,0.978631716833555,0.999999999998963
M4,1.24,-0.000239400945819938,0.977274236604598,0.999999999998888
M4,1.245,-0.000241272421982893,0.974813203512227,0.999999999998775
M4,1.25,-0.000246504824768856,0.971298828864312,0.99999999999863
M4,1.255,-0.000256299769903445,0.96660205813593,0.999999999998462
M4,1.26,-0.000267970677339527,0.961363144873639,0.9999999999983
M4,1.265,-0.000281655515203578,0.955891544519827,0.999999999998163
M4,1.27,-0.000299267430523831,0.950462362479929,0.999999999998068
M4,1.275,-0.000316689918375947,0.946164601806899,0.999999999998036
M4,1.28,-0.000334900212280766,0.943443795906247,0.99999999999807
M4,1.285,-0.000356128420259093,0.942935282256474,0.999999999998171
M4,1.29,-0.000375209004046433,0.945143728060542,0.999999999998318
M4,1.295,-0.000394173937799808,0.950179219161463,0.999999999998496
M4,1.3,-0.000415328653101517,0.958240002812152,0.999999999998692
M4,1.305,-0.000432830984101899,0.967775338197466,0.999999999998867
M4,1.31,-0.000449504465484811,0.978091735640361,0.999999999999013
M4,1.315,-0.000467287857025062,0.98807565556723,0.999999999999121
M4,1.32,-0.00048228479008133,0.995430736690444,0.999999999999173
M4,1.325,-0.000495089171047651,0.999399259359313,0.999999999999171
M4,1.33,-0.000505562574466581,0.999681155359723,0.999999999999119
M4,1.335,-0.000514203647492031,0.996642745701435,0.999999999999022
M4,1.34,-0.000521621918023345,0.9909743524441,0.999999999998884
M4,1.345,-0.000526465540009746,0.983920377459742,0.999999999998723
M4,1.35,-0.000529618416430022,0.97629343703826,0.999999999998542
M4,1.355,-0.000530971256814641,0.968946827836286,0.999999999998354
M4,1.36,-0.000530537949536464,0.96233863802247,0.999999999998168
M4,1.365,-0.0005286353952374,0.956692131458735,0.999999999997988
M4,1.37,-0.000525336106432231,0.952174694833715,0.999999999997825
M4,1.375,-0.000520855898348198,0.948678081740829,0.999999999997677
M4,1.38,-0.000515580668641029,0.946160920779701,0.999999999997553
M4,1.385,-0.00050965381738191,0.944453232112327,0.99999999999745
M4,1.39,-0.000503481860206814,0.943415166032696,0.99999999999737
M4,1.395,-0.000497332736864168,0.942906272052019,0.999999999997313
M4,1.4,-0.000491432682245043,0.942794416513525,0.999999999997275
M4,1.405,-0.000486388658930686,0.94296738375131,0.999999999997256
M4,1.41,-0.000482221919679747,0.943330461840272,0.999999999997254
M4,1.415,-0.000479493751975459,0.943804411791856,0.999999999997264
M4,1.42,-0.000478648721778407,0.944332500126259,0.999999999997286
M4,1.425,-0.000479777295347152,0.944861189287785,0.999999999997316
M4,1.43,-0.000483525726598098,0.945362183231919,0.999999999997352
M4,1.435,-0.000490092067147206,0.945814038182023,0.999999999997392
M4,1.44,-0.000499747369214859,0.946186086587835,0.999999999997433
M4,1.445,-0.00051314777873088,0.946493266077963,0.999999999997474
M4,1.45,-0.000530379523826325,0.946716882151643,0.999999999997512
M4,1.455,-0.000551862854983405,0.946851423672138,0.999999999997545
M4,1.46,-0.000578003174564114,0.946921249812999,0.999999999997573
M4,1.465,-0.000608954321144655,0.94691295229875,0.999999999997593
M4,1.47,-0.000645193875754403,0.946839187058821,0.999999999997605
M4,1.475,-0.000686963347998528,0.946715230658304,0.99999999999761
M4,1.48,-0.000734414198223138,0.946532647758704,0.999999999997605
M4,1.485,-0.000788107771054666,0.946318139717086,0.999999999997593
M4,1.49,-0.000848087367673535,0.946070121708245,0.999999999997573
M4,1.495,-0.00091456272927367,0.945791102031793,0.999999999997546
M4,1.5,-0.000988069947110892,0.945501636438456,0.999999999997511
M4,1.505,-0.00106851483562231,0.945198658212685,0.999999999997469
M4,1.51,-0.00115618729442704,0.944888731206185,0.99999999999742
M4,1.515,-0.00125151633351521,0.944584565975669,0.999999999997362
M4,1.52,-0.0013542456902259,0.944285592550259,0.999999999997294
M4,1.525,-0.00146489924227164,0.943999689359268,0.999999999997215
M4,1.53,-0.00158369818083025,0.943732571932207,0.999999999997121
M4,1.535,-0.00171031105818035,0.943486481019492,0.999999999997009
M4,1.54,-0.00184562370968004,0.943268241371498,0.999999999996873
M4,1.545,-0.00198923786914096,0.943080965804003,0.999999999996706
M4,1.55,-0.00214088376222627,0.942928593740252,0.9999999999965
M4,1.555,-0.0023016844392125,0.942815795034827,0.99999999999624
M4,1.56,-0.00247091796756482,0.942746299109438,0.999999999995908
M4,1.565,-0.00264857874494302,0.942724136291243,0.99999999999548
M4,1.57,-0.00283549371687675,0.942753364599162,0.999999999994921
M4,1.575,-0.00303073988560337,0.942837945764535,0.999999999994179
M4,1.58,-0.00323449457272431,0.942981929889515,0.999999999993185
M4,1.585,-0.00344732674209997,0.943189633326882,0.999999999991836
M4,1.59,-0.00366901759626753,0.94346502868377,0.999999999989987
M4,1.595,-0.00389931359249361,0.943812658989066,0.999999999987436
M4,1.6,-0.00413778828968625,0.944235916434538,0.999999999983905
M4,1.605,-0.0043849157285161,0.944739185726699,0.999999999979052
M4,1.61,-0.00464022676782269,0.945328472371435,0.999999999972507
M4,1.615,-0.00490385236243536,0.946000745934571,0.999999999964034
M4,1.62,-0.00517423957622994,0.94677508506969,0.999999999953932
M4,1.625,-0.00545320571432387,0.947640924878505,0.999999999943683
M4,1.63,-0.00574097896980835,0.94861291265404,0.999999999936741
M4,1.635,-0.00603376478160744,0.949690603413649,0.999999999938198
M4,1.64,-0.00633370707325876,0.950884504776107,0.99999999995164
M4,1.645,-0.00663959058951933,0.952198322853845,0.99999999997312
M4,1.65,-0.0069502533482365,0.953645622168761,0.999999999990875
M4,1.655,-0.00726744332341582,0.955234616174363,0.999999999997742
M4,1.66,-0.00758404872898166,0.956913492476307,0.999999999998049
M4,1.665,-0.00790645336847394,0.958715785934623,0.999999999992277
M4,1.67,-0.00823201773639801,0.960607915153724,0.999999999974288
M4,1.675,-0.00856075534570096,0.962580045814581,0.999999999949972
M4,1.68,-0.00889123597178854,0.964635866735102,0.999999999934228
M4,1.685,-0.00922340400211941,0.966758658240651,0.999999999933434
M4,1.69,-0.00955628537651136,0.968951360195895,0.999999999943115
M4,1.695,-0.00988841015268291,0.971208322053424,0.999999999956253
M4,1.7,-0.0102184002171786,0.973517274386276,0.999999999968366
M4,1.705,-0.0105477144633777,0.97586142790144,0.999999999977805
M4,1.71,-0.0108705905515181,0.978224156790314,0.999999999984588
M4,1.715,-0.0111885484879227,0.980584924610309,0.999999999989244
M4,1.72,-0.0115019899670612,0.982924082907346,0.999999999992376
M4,1.725,-0.0118171900566154,0.985228290703217,0.999999999994468
M4,1.73,-0.0121093111836561,0.987442198692728,0.999999999995893
M4,1.735,-0.0123858314782843,0.989551277134342,0.999999999996864
M4,1.74,-0.0126672829073005,0.991556901615992,0.99999999999753
M4,1.745,-0.0129340066581131,0.993407677349723,0.999999999998
M4,1.75,-0.0131798754405926,0.995070502959572,0.999999999998335
M4,1.755,-0.0133996051891326,0.996516181126111,0.99999999999858
M4,1.76,-0.0136177422849541,0.997749544497386,0.999999999998758
M4,1.765,-0.01381706289876,0.998732975410146,0.99999999999889
M4,1.77,-0.0139940024388083,0.999444136154836,0.999999999998988
M4,1.775,-0.0141517071629017,0.999870221215335,0.999999999999063
M4,1.78,-0.0142857352032019,0.99999903001651,0.999999999999117
M4,1.785,-0.0143995233786288,0.999820726294002,0.999999999999157
M4,1.79,-0.01448927153421,0.99933337990602,0.999999999999184
M4,1.795,-0.0145515843307547,0.998533526846396,0.999999999999202
M4,1.8,-0.0145804594897775,0.997415621793467,0.999999999999211
M4,1.805,-0.0145855853417531,0.996002103829988,0.999999999999212
M4,1.81,-0.0145801270959186,0.994349945939752,0.999999999999207
M4,1.815,-0.0145282662067868,0.992386798277596,0.999999999999193
M4,1.82,-0.0144842137067088,0.990268939659778,0.999999999999174
M4,1.825,-0.0143683383102226,0.987854666399774,0.999999999999143
M4,1.83,-0.0142612544608692,0.98535028046627,0.999999999999105
M4,1.835,-0.014104974617101,0.982653605777839,0.999999999999054
M4,1.84,-0.0139342683620136,0.979845106246942,0.999999999998991
M4,1.845,-0.0137256793183022,0.976949762374589,0.999999999998915
M4,1.85,-0.0135138669062471,0.97404941160343,0.999999999998828
M4,1.855,-0.0132606596160165,0.971110648636436,0.999999999998731
M4,1.86,-0.0129893288725696,0.968209946102341,0.999999999998629
M4,1.865,-0.0126931683240918,0.965331029155367,0.999999999998527
M4,1.87,-0.0123752887530506,0.96251602913763,0.999999999998432
M4,1.875,-0.0120377792235527,0.959836834633808,0.999999999998353
M4,1.88,-0.011701655358582,0.957454032779609,0.999999999998296
M4,1.885,-0.0113292779751007,0.955050701244665,0.999999999998252
M4,1.89,-0.010953056499457,0.952916517430094,0.999999999998225
M4,1.895,-0.0105842438692451,0.951046088532986,0.999999999998209
M4,1.9,-0.010174531852291,0.949237531905858,0.999999999998195
M4,1.905,-0.00979552499877046,0.947783674288502,0.999999999998182
M4,1.91,-0.00939564879243319,0.946457531668819,0.999999999998167
M4,1.915,-0.00898792235147175,0.945347616907763,0.999999999998147
M4,1.92,-0.00858402653848874,0.944439139493089,0.999999999998123
M4,1.925,-0.00817990618633099,0.943729484405155,0.999999999998095
M4,1.93,-0.00777722910949739,0.943208594546248,0.999999999998064
M4,1.935,-0.00738277796980674,0.942859617569173,0.999999999998032
M4,1.94,-0.0069931178233405,0.942669085885202,0.999999999998002
M4,1.945,-0.0066124187092504,0.942618201187692,0.999999999997974
M4,1.95,-0.00624163223238467,0.942688136649492,0.99999999999795
M4,1.955,-0.00587679480529935,0.942857197678022,0.999999999997931
M4,1.96,-0.00553530540342009,0.943111338275765,0.99999999999792
M4,1.965,-0.00519853863181799,0.94342132048353,0.999999999997916
M4,1.97,-0.00488119035288273,0.943776564386047,0.999999999997919
M4,1.975,-0.00457809605782804,0.944152402543758,0.999999999997928
M4,1.98,-0.00428952469020256,0.944533902487648,0.999999999997942
M4,1.985,-0.00401895026040786,0.944904303795435,0.999999999997957
M4,1.99,-0.00376353087421889,0.945251952245757,0.999999999997973
M4,1.995,-0.00352752589069118,0.945560721784146,0.999999999997986
M4,2,-0.00330712068180965,0.94583039841757,0.999999999997996
M4,2.005,-0.00310531358130577,0.946037247548964,0.999999999998004
M4,2.01,-0.002920190423618,0.946201497122589,0.999999999998014
M4,2.015,-0.00275262497321695,0.946286452103641,0.999999999998027
M4,2.02,-0.00260216204685599,0.94633409620176,0.999999999998047
M4,2.025,-0.0024681788107643,0.946304758539349,0.999999999998074
M4,2.03,-0.00235107398884584,0.94623066238034,0.99999999999811
M4,2.035,-0.00224941805935976,0.946101163732937,0.99999999999815
M4,2.04,-0.00216363323200329,0.945923411001947,0.999999999998194
M4,2.045,-0.00209212451263935,0.945718616082169,0.999999999998239
M4,2.05,-0.00203598264732495,0.945447386958105,0.999999999998281
M4,2.055,-0.0019931685611115,0.945175270185267,0.999999999998321
M4,2.06,-0.0019629515619905,0.94488799025144,0.999999999998356
M4,2.065,-0.00194511679918721,0.944592898030801,0.999999999998387
M4,2.07,-0.00193942974907485,0.944289739299758,0.999999999998414
M4,2.075,-0.00194438325991185,0.943997983353404,0.999999999998436
M4,2.08,-0.00195974987802915,0.943719689461959,0.999999999998454
M4,2.085,-0.00198447530747123,0.943463213092066,0.999999999998468
M4,2.09,-0.00201780030331305,0.943237542674542,0.999999999998479
M4,2.095,-0.00205959616246011,0.94304328087041,0.999999999998487
M4,2.1,-0.00210813919099355,0.942893615281887,0.999999999998493
M4,2.105,-0.00216408890997077,0.942786719965702,0.999999999998497
M4,2.11,-0.00222612722097971,0.942732398837936,0.9999999999985
M4,2.115,-0.00229282266162398,0.942733908375175,0.999999999998502
M4,2.12,-0.00236397285068681,0.942794374855565,0.999999999998503
M4,2.125,-0.00243964530847729,0.942918304815669,0.999999999998505
M4,2.13,-0.00251782957849858,0.94310682476682,0.999999999998507
M4,2.135,-0.00259981285302905,0.943366909345847,0.99999999999851
M4,2.14,-0.00268327537417998,0.943696226203876,0.999999999998513
M4,2.145,-0.00276907290576053,0.944102550398564,0.999999999998516
M4,2.15,-0.00285591784502977,0.944585426841351,0.999999999998521
M4,2.155,-0.00294262813008264,0.945142713889528,0.999999999998527
M4,2.16,-0.00303021677743463,0.945784675836047,0.999999999998535
M4,2.165,-0.00311795671022473,0.946512353184531,0.999999999998542
M4,2.17,-0.00320479161856742,0.947323332529027,0.999999999998552
M4,2.175,-0.00329037029475625,0.948219216061767,0.999999999998564
M4,2.18,-0.00337466390966812,0.94920459195271,0.999999999998576
M4,2.185,-0.00345721068177638,0.950279976252697,0.99999999999859
M4,2.19,-0.00353763936830139,0.951445841564328,0.999999999998605
M4,2.195,-0.00361574598123639,0.952704327896264,0.999999999998622
M4,2.2,-0.0036909934835929,0.954053325111328,0.99999999999864
M4,2.205,-0.00376342002465376,0.955496124332168,0.99999999999866
M4,2.21,-0.00383248824474658,0.957028829391834,0.99999999999868
M4,2.215,-0.00389824332265521,0.958653410263753,0.999999999998702
M4,2.22,-0.00396021608400592,0.960364593455503,0.999999999998726
M4,2.225,-0.00401864043132686,0.962164654080266,0.99999999999875
M4,2.23,-0.00407265179079779,0.964040713495913,0.999999999998775
M4,2.235,-0.00412241233311959,0.965991267233077,0.999999999998801
M4,2.24,-0.00416804576470859,0.968012942178233,0.999999999998827
M4,2.245,-0.0042087735785344,0.970089122819868,0.999999999998855
M4,2.25,-0.00424530006110299,0.972220309874038,0.999999999998882
M4,2.255,-0.00427677606869959,0.974385465752378,0.99999999999891
M4,2.26,-0.00430351379227817,0.976576484404078,0.999999999998938
M4,2.265,-0.00432540632582141,0.978777792403726,0.999999999998966
M4,2.27,-0.00434203734084286,0.980968714141033,0.999999999998993
M4,2.275,-0.00435388885480529,0.983138226391866,0.99999999999902
M4,2.28,-0.00436037017119608,0.985259817459071,0.999999999999046
M4,2.285,-0.00436184542638114,0.987319533279191,0.999999999999072
M4,2.29,-0.00435811832819771,0.98929325406348,0.999999999999097
M4,2.295,-0.00434902880245393,0.991158479330379,0.999999999999121
M4,2.3,-0.00433486742801501,0.992898851025523,0.999999999999144
M4,2.305,-0.00431532329280748,0.994486731375025,0.999999999999166
M4,2.31,-0.00429324508623072,0.995896733474482,0.999999999999187
M4,2.315,-0.00426455230633081,0.997129519884458,0.999999999999207
M4,2.32,-0.00422493562206044,0.998178293264262,0.999999999999225
M4,2.325,-0.00418537615611611,0.998986945257796,0.999999999999244
M4,2.33,-0.00414015176213186,0.999568555294394,0.999999999999261
M4,2.335,-0.00408950460255529,0.999908295552085,0.999999999999277
M4,2.34,-0.00403398869721405,0.99999705931785,0.999999999999293
M4,2.345,-0.00397357623484084,0.999829479925011,0.999999999999308
M4,2.35,-0.00390833606233995,0.999403019784391,0.999999999999323
M4,2.355,-0.0038383536253638,0.998717384774819,0.999999999999337
M4,2.36,-0.00376373877187047,0.997774645744804,0.999999999999351
M4,2.365,-0.00368461159625052,0.996579362018764,0.999999999999366
M4,2.37,-0.00360111240675167,0.995138377694106,0.99999999999938
M4,2.375,-0.003513384537983,0.993460882946778,0.999999999999394
M4,2.38,-0.00342161531220961,0.991557606569265,0.999999999999409
M4,2.385,-0.00332597869490687,0.989441790525901,0.999999999999424
M4,2.39,-0.00322670109007206,0.987129496669995,0.999999999999438
M4,2.395,-0.00312401012049113,0.984637667741249,0.999999999999451
M4,2.4,-0.00301811651755811,0.981983813894373,0.999999999999462
M4,2.405,-0.00290932775775961,0.979190935847377,0.999999999999469
M4,2.41,-0.00279796017772037,0.976283187436663,0.999999999999467
M4,2.415,-0.00268432601251343,0.973285740482543,0.999999999999452
M4,2.42,-0.00256871547183497,0.970224314496935,0.999999999999412
M4,2.425,-0.0024511801925414,0.96711684622799,0.999999999999328
M4,2.43,-0.0023325484353145,0.964013872742621,0.999999999999173
M4,2.435,-0.00221406333305633,0.96098816327667,0.999999999998897
M4,2.44,-0.00209396329828374,0.957989671770961,0.99999999999842
M4,2.445,-0.00197643944132934,0.955193860859141,0.999999999997614
M4,2.45,-0.00185721175394538,0.952490378061492,0.999999999996287
M4,2.455,-0.00174087908870345,0.950046278995954,0.999999999994144
M4,2.46,-0.00162673941174699,0.94787527192491,0.999999999990809
M4,2.465,-0.00151499146577998,0.946014333301762,0.999999999985916
M4,2.47,-0.00140717464919451,0.944545310872917,0.999999999979305
M4,2.475,-0.00130251500594912,0.943479189877463,0.9999999999718
M4,2.48,-0.00120272604586906,0.942873283358232,0.999999999965747
M4,2.485,-0.0011082570869093,0.942753882270092,0.999999999965203
M4,2.49,-0.00101993773726633,0.943130200896719,0.999999999973219
M4,2.495,-0.000938384716146403,0.943986726618977,0.999999999986784
M4,2.5,-0.000864190562895327,0.945279704900154,0.99999999999663
M4,2.505,-0.000797980267610482,0.94693722133611,0.999999999998376
M4,2.51,-0.00074002403827465,0.948848414156794,0.999999999998178
M4,2.515,-0.000690731085906505,0.950879276378096,0.999999999996863
M4,2.52,-0.000650460476360644,0.952851125275587,0.999999999984049
M4,2.525,-0.000619592907699766,0.954562152597419,0.999999999958506
M4,2.53,-0.000598399807081957,0.955797759088228,0.999999999934426
M4,2.535,-0.00058684964726312,0.956370519516768,0.999999999924747
M4,2.54,-0.000585004377425146,0.956167357499001,0.999999999929635
M4,2.545,-0.000593080274888813,0.955157427626805,0.999999999942739
M4,2.55,-0.000610342053222054,0.953427056480208,0.999999999957465
M4,2.555,-0.000636524886197534,0.951175097444693,0.999999999970181
M4,2.56,-0.00067108464240952,0.948682035415947,0.999999999979731
M4,2.565,-0.000713311348995696,0.946280635664036,0.999999999986334
M4,2.57,-0.000762437431761284,0.944307356770221,0.999999999990672
M4,2.575,-0.000817287334394278,0.943061194501585,0.999999999993436
M4,2.58,-0.000877168189049299,0.942775129875807,0.999999999995171
M4,2.585,-0.000940982735013305,0.943593412723891,0.999999999996256
M4,2.59,-0.00100764245541271,0.945568061626519,0.999999999996941
M4,2.595,-0.00107604781440851,0.948661494541549,0.999999999997379
M4,2.6,-0.00114507120435595,0.952759468797521,0.999999999997665
M4,2.605,-0.00121195147365461,0.957671494155249,0.999999999997856
M4,2.61,-0.00128008628324599,0.963211489817753,0.999999999997984
M4,2.615,-0.00134193803033723,0.969047613542986,0.999999999998071
M4,2.62,-0.00140512744408473,0.975034336357688,0.999999999998126
M4,2.625,-0.00146105341443725,0.98080394198499,0.999999999998161
M4,2.63,-0.001511926505653,0.986127164631173,0.999999999998178
M4,2.635,-0.00156022314568917,0.990872527029425,0.999999999998181
M4,2.64,-0.00159825233436911,0.994684214161195,0.999999999998174
M4,2.645,-0.00163257313605997,0.997561918097333,0.999999999998156
M4,2.65,-0.00166150164043658,0.99936595175898,0.999999999998129
M4,2.655,-0.00168203923424017,0.999998287101971,0.999999999998096
M4,2.66,-0.00169509306095839,0.999496360196301,0.999999999998057
M4,2.665,-0.00170180821933913,0.997911293560843,0.999999999998012
M4,2.67,-0.00170216823833013,0.9953363230949,0.999999999997964
M4,2.675,-0.00169582023445046,0.991903447828287,0.999999999997911
M4,2.68,-0.00168419169368479,0.987769950240443,0.999999999997857
M4,2.685,-0.00166651135096154,0.983121717455063,0.999999999997799
M4,2.69,-0.00164367514011446,0.97815197388714,0.999999999997741
M4,2.695,-0.00161678634381193,0.973036309856279,0.999999999997683
M4,2.7,-0.00158517037789002,0.967983991260343,0.999999999997626
M4,2.705,-0.00155028296630273,0.963143853867795,0.999999999997571
M4,2.71,-0.00151217785169639,0.958670373348863,0.999999999997518
M4,2.715,-0.00147131088105466,0.954682822900907,0.999999999997471
M4,2.72,-0.00142879053392134,0.951247935032884,0.999999999997429
M4,2.725,-0.00138441885913548,0.948429297914364,0.999999999997393
M4,2.73,-0.00133908283867643,0.946229224068173,0.999999999997366
M4,2.735,-0.0012933385246832,0.944624717717334,0.999999999997348
M4,2.74,-0.00124731422571857,0.943568936184602,0.999999999997339
M4,2.745,-0.00120183413485417,0.942984361165692,0.999999999997341
M4,2.75,-0.00115721539588241,0.942783864554792,0.999999999997354
M4,2.755,-0.00111365690158898,0.942871515268721,0.999999999997376
M4,2.76,-0.0010715282752188,0.943151577738772,0.999999999997408
M4,2.765,-0.00103142183380224,0.943537054118535,0.999999999997447
M4,2.77,-0.000993561297794661,0.943953581940566,0.999999999997494
M4,2.775,-0.000958151263225983,0.944343774348306,0.999999999997547
M4,2.78,-0.00092560177871412,0.944665835803552,0.999999999997602
M4,2.785,-0.00089608582864101,0.944895598512022,0.99999999999766
M4,2.79,-0.000869961766149096,0.94502138083156,0.999999999997717
M4,2.795,-0.000847251280336226,0.945048351575112,0.999999999997773
M4,2.8,-0.000828355049802278,0.944981831291377,0.999999999997827
M4,2.805,-0.000813261588927688,0.944842958142819,0.999999999997875
M4,2.81,-0.000802313949504104,0.944643568270924,0.999999999997919
M4,2.815,-0.00079548152632076,0.944409658339472,0.999999999997956
M4,2.82,-0.000793083775920734,0.94415109408271,0.999999999997986
M4,2.825,-0.000795011642532735,0.9438940371094,0.999999999998008
M4,2.83,-0.000801519451802383,0.943644283735386,0.999999999998021
M4,2.835,-0.000812669173740726,0.943416044343052,0.999999999998026
M4,2.84,-0.000828512167418216,0.943216736217015,0.99999999999802
M4,2.845,-0.000849160131784732,0.943051117615168,0.999999999998004
M4,2.85,-0.000874596263386222,0.942924089143382,0.999999999997977
M4,2.855,-0.000904973409626663,0.942835126480785,0.999999999997938
M4,2.86,-0.000940230534860762,0.942785668144274,0.999999999997886
M4,2.865,-0.00098050431603315,0.942773433267526,0.999999999997821
M4,2.87,-0.00102571420508786,0.942796451390737,0.999999999997743
M4,2.875,-0.00107599434479579,0.942852380800298,0.99999999999765
M4,2.88,-0.00113124504276284,0.942936834264833,0.999999999997544
M4,2.885,-0.00119159375439455,0.943048061685771,0.999999999997425
M4,2.89,-0.00125694337302747,0.94318076653361,0.999999999997294
M4,2.895,-0.00132736457935571,0.943332818434738,0.999999999997156
M4,2.9,-0.00140281759674539,0.943500102738977,0.999999999997016
M4,2.905,-0.00148358790467683,0.943676020786842,0.999999999996878
M4,2.91,-0.0015692905515713,0.943861828095617,0.999999999996756
M4,2.915,-0.00165936879364747,0.944062830639148,0.999999999996675
M4,2.92,-0.00175519532879087,0.94425950783706,0.999999999996629
M4,2.925,-0.00185545508850623,0.944462494327655,0.999999999996653
M4,2.93,-0.00196057413828867,0.944668569976346,0.999999999996759
M4,2.935,-0.00207097199090229,0.944869331210296,0.999999999996944
M4,2.94,-0.00218637133779226,0.945066699843455,0.999999999997207
M4,2.945,-0.00230633756139145,0.945262414569314,0.999999999997532
M4,2.95,-0.0024312093896419,0.945455104955526,0.999999999997883
M4,2.955,-0.00256070890314596,0.945641525562437,0.999999999998219
M4,2.96,-0.00269522734028893,0.945824975945202,0.9999999999985
M4,2.965,-0.00283404317430967,0.946000358162856,0.9999999999987
M4,2.97,-0.00297854622855579,0.94618604642985,0.999999999998809
M4,2.975,-0.00312589069976629,0.946338811212454,0.999999999998827
M4,2.98,-0.00327879118316338,0.946502529692076,0.999999999998751
M4,2.985,-0.0034365083815151,0.946665865527809,0.999999999998569
M4,2.99,-0.00359826685725286,0.946820596293943,0.999999999998267
M4,2.995,-0.00376428604904222,0.946972027478884,0.999999999997848
M4,3,-0.00393466033796312,0.947123444668141,0.999999999997339
M4,3.005,-0.00411029815998294,0.947281033245959,0.999999999996803
M4,3.01,-0.00429009919312009,0.947438963749038,0.999999999996302
M4,3.015,-0.00447340470325028,0.947598619584043,0.999999999995889
M4,3.02,-0.00466070585507793,0.947765592333704,0.999999999995605
M4,3.025,-0.00485370336116995,0.947943686109281,0.999999999995469
M4,3.03,-0.00504984644671812,0.94813183065086,0.999999999995447
M4,3.035,-0.00524918099680005,0.948334416640242,0.999999999995519
M4,3.04,-0.00545370189241077,0.948554083789661,0.99999999999566
M4,3.045,-0.00566183597340696,0.948793391847812,0.999999999995833
M4,3.05,-0.00587296639022157,0.949059153194906,0.999999999996018
M4,3.055,-0.00608934367581186,0.949348550259633,0.9999999999962
M4,3.06,-0.00630695300105384,0.949674011865553,0.999999999996365
M4,3.065,-0.00653067436606622,0.950027514657866,0.999999999996508
M4,3.07,-0.00675486598778008,0.950432002853453,0.999999999996624
M4,3.075,-0.00698611733906684,0.950867137145419,0.999999999996715
M4,3.08,-0.00721608342221119,0.951369735584946,0.99999999999678
M4,3.085,-0.00745412420655079,0.95190535779344,0.999999999996821
M4,3.09,-0.00768967856531845,0.952526426676662,0.999999999996842
M4,3.095,-0.0079337794334811,0.953184510813116,0.999999999996844
M4,3.1,-0.0081750873792521,0.953942192525358,0.99999999999683
M4,3.105,-0.00843230163723612,0.95470155893536,0.999999999996802
M4,3.11,-0.00867890895843746,0.955615494948977,0.999999999996768
M4,3.115,-0.00892698962750921,0.956621281180157,0.999999999996732
M4,3.12,-0.00918670274524349,0.957648749105117,0.999999999996697
M4,3.125,-0.00942143678299729,0.958932508488993,0.99999999999668
M4,3.13,-0.00967945723200633,0.960190514644771,0.999999999996674
M4,3.135,-0.00993465753234771,0.961587731014325,0.999999999996693
M4,3.14,-0.0102014624140467,0.963004996404189,0.999999999996737
M4,3.145,-0.0104449572339684,0.964649125905218,0.99999999999681
M4,3.15,-0.0107095341407189,0.966268642970826,0.999999999996898
M4,3.155,-0.0109530656458031,0.968096053804574,0.999999999996989
M4,3.16,-0.0112176243386176,0.969903095988999,0.99999999999706
M4,3.165,-0.0114599306201247,0.971884231951019,0.999999999997092
M4,3.17,-0.0117159985110893,0.973910699594114,0.999999999997071
M4,3.175,-0.0119621102986132,0.97598389510372,0.999999999996984
M4,3.18,-0.0122030571874673,0.97808968865164,0.999999999996827
M4,3.185,-0.0124435667479338,0.980225548918055,0.999999999996611
M4,3.19,-0.0126744815894143,0.982364221209821,0.999999999996358
M4,3.195,-0.0129026105454906,0.984493911988253,0.999999999996102
M4,3.2,-0.013121162049619,0.986586663786688,0.999999999995879
M4,3.205,-0.0133329058941105,0.98862326992247,0.999999999995711
M4,3.21,-0.0135340458494471,0.990577247856896,0.999999999995609
M4,3.215,-0.0137281082295329,0.992426356307229,0.999999999995569
M4,3.22,-0.0139072514798443,0.994140085661699,0.999999999995586
M4,3.225,-0.0140694032702149,0.995687413167947,0.999999999995657
M4,3.23,-0.0142173032408087,0.997042843486497,0.999999999995797
M4,3.235,-0.0143489920211965,0.99818003872993,0.999999999996033
M4,3.24,-0.0144624724715107,0.999066278951425,0.999999999996341
M4,3.245,-0.0145544419181031,0.999674019475893,0.999999999995848
M4,3.25,-0.014621699182164,0.999973030259916,0.999999999980936
M4,3.255,-0.0146524491260636,0.999934431707192,0.999999999515384
M4,3.26,-0.0144734411771457,0.99947175249042,0.99999971909726
M4,3.265,-0.00766221731967056,0.958628080629802,0.999999534895012
M4,3.27,-0.00735962415246616,0.961843174770895,0.999999999170481
M4,3.275,-0.00725484538801798,0.961471904707348,0.999999999952971
M4,3.28,-0.00716284741936468,0.9607869799887,0.999999999990833
M4,3.285,-0.00707612966953499,0.960008696846459,0.99999999999621
M4,3.29,-0.00699183260033843,0.959156380708564,0.999999999997502
M4,3.295,-0.00690966562666686,0.958247566723144,0.999999999997894
M4,3.3,-0.00682891977299752,0.957274413344722,0.999999999998009
M4,3.305,-0.00675022425642538,0.956242113700408,0.999999999998016
M4,3.31,-0.00667856802128004,0.955189506642899,0.999999999997961
M4,3.315,-0.00661348460485585,0.954116281651201,0.999999999997885
M4,3.32,-0.006544742557281,0.952945520430013,0.999999999997818
M4,3.325,-0.00645164956679094,0.951527473020199,0.999999999997872
M4,3.33,-0.00638716232318083,0.950264039557537,0.99999999999788
M4,3.335,-0.00633103169321733,0.949019841352878,0.999999999997922
M4,3.34,-0.00625620803630995,0.947637028136358,0.999999999998136
M4,3.345,-0.00619845543167476,0.946378156022171,0.999999999998371
M4,3.35,-0.00613079915772311,0.945137278609897,0.999999999998742
M4,3.355,-0.00607047275902601,0.944070015646038,0.999999999999143
M4,3.36,-0.00601572549397965,0.943238071974072,0.999999999999442
M4,3.365,-0.00596381616574935,0.942724881462306,0.999999999999408
M4,3.37,-0.00591596886998222,0.942634517144144,0.999999999998542
M4,3.375,-0.00586495674978583,0.943070132293333,0.99999999999583
M4,3.38,-0.00582002095647256,0.94407347622934,0.999999999989599
M4,3.385,-0.00577566830946471,0.94558294194206,0.999999999977114
M4,3.39,-0.00573224451533622,0.94734375563688,0.999999999953835
M4,3.395,-0.00568950532587627,0.948851620735794,0.999999999913268
M4,3.4,-0.00564599508986199,0.949464832261234,0.999999999846722
M4,3.405,-0.00560053245394451,0.948692847289064,0.999999999744122
M4,3.41,-0.00555413049750751,0.94664485019639,0.999999999594846
M4,3.415,-0.00549602773428873,0.944121129350681,0.999999999391867
M4,3.42,-0.00542772700637068,0.94241411971576,0.999999999132835
M4,3.425,-0.00531447727227281,0.942637230495679,0.999999998824424
M4,3.43,-0.00520921193273458,0.945122979289978,0.999999998471601
M4,3.435,-0.00504168121974207,0.949689332073292,0.9999999980878
M4,3.44,-0.00483883023530499,0.955543987472794,0.999999997660845
M4,3.445,-0.00454898081663706,0.962145186184177,0.999999997161508
M4,3.45,-0.00415705745859977,0.968925981927482,0.999999996378318
M4,3.455,-0.00364179097742043,0.975608265164815,0.999999992814979
M4,3.46,-0.00311671584097339,0.984794848213117,0.999992387021863
M4,3.465,-0.00470000386401733,0.942274267572872,0.999998510999708
M4,3.47,-0.00465343849447709,0.942602434305516,0.999999988783498
M4,3.475,-0.00461957749241514,0.942585673477556,0.999999998674599
M4,3.48,-0.00463191690961826,0.942594319993794,0.999999950647707
M4,3.485,-0.00548088085966321,0.961729115149178,0.999970477621605
M4,3.49,-0.0059418171322902,0.980615482827775,0.999999935733882
M4,3.495,-0.00585523601046741,0.98379349503809,0.999999998003342
M4,3.5,-0.00574059803073067,0.986198197291366,0.999999999755436
M4,3.505,-0.00562288582318216,0.988315782815459,0.99999999994049
M4,3.51,-0.00550604563856384,0.990219263583089,0.999999999977929
M4,3.515,-0.00539099322069214,0.991930550339981,0.999999999989132
M4,3.52,-0.00527807147862424,0.993460408137216,0.999999999993489
M4,3.525,-0.0051672976786965,0.994816128806635,0.999999999995531
M4,3.53,-0.00505865075645342,0.996003521703027,0.999999999996631
M4,3.535,-0.00495183743869088,0.997027623553107,0.999999999997289
M4,3.54,-0.00484712171851939,0.997893934849353,0.999999999997715
M4,3.545,-0.00474413714854287,0.99860636921546,0.999999999998011
M4,3.55,-0.00464347851390424,0.999169562553931,0.999999999998226
M4,3.555,-0.00454362477393228,0.999585073105575,0.999999999998388
M4,3.56,-0.00444470266799393,0.999856630879764,0.999999999998516
M4,3.565,-0.0043475111330177,0.999986926635275,0.999999999998617
M4,3.57,-0.00425227829524254,0.999977610168101,0.9999999999987
M4,3.575,-0.0041577126182261,0.999829915560919,0.999999999998769
M4,3.58,-0.00406394558814524,0.999545335479711,0.999999999998826
M4,3.585,-0.00397196494853347,0.999122676913271,0.999999999998874
M4,3.59,-0.00388328735216002,0.99855525577056,0.999999999998915
M4,3.595,-0.00378948986311617,0.997872785248348,0.99999999999895
M4,3.6,-0.0037017423266373,0.997030776708582,0.99999999999898
M4,3.605,-0.00360878738120415,0.996084916903483,0.999999999999005
M4,3.61,-0.00352199497390443,0.994973071198719,0.999999999999026
M4,3.615,-0.00343179407369632,0.993767635459268,0.999999999999045
M4,3.62,-0.00334616916207017,0.992394223455136,0.99999999999906
M4,3.625,-0.0032570213701046,0.990936082830966,0.999999999999073
M4,3.63,-0.00317203244792454,0.989313891989272,0.999999999999083
M4,3.635,-0.00308430096650413,0.987618819919348,0.999999999999092
M4,3.64,-0.0030001006260274,0.985770077755094,0.999999999999098
M4,3.645,-0.00291374693454495,0.98386343351492,0.999999999999104
M4,3.65,-0.00283042887871816,0.981820996246475,0.999999999999108
M4,3.655,-0.00274481570968041,0.979749149186944,0.999999999999111
M4,3.66,-0.00266151692730662,0.977576228844743,0.999999999999113
M4,3.665,-0.00257936936560049,0.975337812925572,0.999999999999114
M4,3.67,-0.00249701107936676,0.973076771081614,0.999999999999115
M4,3.675,-0.00241581084321074,0.97078150712512,0.999999999999115
M4,3.68,-0.00233515973775533,0.968483242309099,0.999999999999114
M4,3.685,-0.00225523393849207,0.966198936769705,0.999999999999114
M4,3.69,-0.00217649182342909,0.963936443253933,0.999999999999113
M4,3.695,-0.00209844050838832,0.961725581860687,0.999999999999112
M4,3.7,-0.00202144660367416,0.959577742863598,0.99999999999911
M4,3.705,-0.00194776743633952,0.95746923795604,0.999999999999109
M4,3.71,-0.00187400510564781,0.955485467479132,0.999999999999107
M4,3.715,-0.00179766178190414,0.953672309476722,0.999999999999106
M4,3.72,-0.00172792027183279,0.951900264912941,0.999999999999104
M4,3.725,-0.00165773656013136,0.950294306831615,0.999999999999101
M4,3.73,-0.00158576236690305,0.948865531117808,0.999999999999099
M4,3.735,-0.00152009218830218,0.947534273921941,0.999999999999096
M4,3.74,-0.00145427325237565,0.946378536407142,0.999999999999092
M4,3.745,-0.00138836195294141,0.9453904054077,0.999999999999087
M4,3.75,-0.00132784769831665,0.944544462502246,0.999999999999081
M4,3.755,-0.00126755039929456,0.943872228006426,0.999999999999073
M4,3.76,-0.00120861578684471,0.943362614265009,0.999999999999064
M4,3.765,-0.00115447543970791,0.943011697045059,0.999999999999052
M4,3.77,-0.00110084069954855,0.942824406276179,0.999999999999038
M4,3.775,-0.00104986756263224,0.942794982157353,0.999999999999022
M4,3.78,-0.00100336838664248,0.942921133356837,0.999999999999002
M4,3.785,-0.000957553211419842,0.943197756956944,0.999999999998981
M4,3.79,-0.000915760335242675,0.943621060422351,0.999999999998957
M4,3.795,-0.000878250487019599,0.944178692120345,0.999999999998931
M4,3.8,-0.000841357803468839,0.944867630637729,0.999999999998904
M4,3.805,-0.000810180105969553,0.945669992635918,0.999999999998875
M4,3.81,-0.000783048590581918,0.946562632345205,0.999999999998847
M4,3.815,-0.000756059549894894,0.947550531866144,0.99999999999882
M4,3.82,-0.0007349930915115,0.948590122626586,0.999999999998792
M4,3.825,-0.000718574884882634,0.949640288931785,0.999999999998765
M4,3.83,-0.00070709152047368,0.95066746870922,0.999999999998738
M4,3.835,-0.000699261262042586,0.95163875179526,0.999999999998708
M4,3.84,-0.000694166801860227,0.952525206094195,0.999999999998676
M4,3.845,-0.00069581303610577,0.953239966558217,0.999999999998636
M4,3.85,-0.000701671566083508,0.953761685415448,0.999999999998585
M4,3.855,-0.00071260071833563,0.954035855138556,0.999999999998522
M4,3.86,-0.000728532066669346,0.954029321952062,0.99999999999844
M4,3.865,-0.000749958242451935,0.953716437156521,0.999999999998338
M4,3.87,-0.000776408802133464,0.953094844612198,0.999999999998211
M4,3.875,-0.000808379445550506,0.952176919046296,0.99999999999806
M4,3.88,-0.000846102338929931,0.951003076235398,0.999999999997885
M4,3.885,-0.000888931024115482,0.949637799127447,0.999999999997691
M4,3.89,-0.000938062412257689,0.948162790604234,0.999999999997487
M4,3.895,-0.000992754276887919,0.94668007822125,0.999999999997285
M4,3.9,-0.00105273957672784,0.945299233137885,0.999999999997098
M4,3.905,-0.00111960926258473,0.944128427925435,0.999999999996937
M4,3.91,-0.00119185171729623,0.943271928591484,0.99999999999681
M4,3.915,-0.00126934201808285,0.942816962799308,0.999999999996722
M4,3.92,-0.00135378738030941,0.942829763773463,0.999999999996671
M4,3.925,-0.00144210546249932,0.943353381076272,0.999999999996653
M4,3.93,-0.00153814810218786,0.944407855980972,0.999999999996663
M4,3.935,-0.00163651436994043,0.945979060013249,0.999999999996691
M4,3.94,-0.00174206429686605,0.948046900299563,0.999999999996732
M4,3.945,-0.00185236582094641,0.950564241466002,0.999999999996779
M4,3.95,-0.00196748687867979,0.953473277687068,0.999999999996826
M4,3.955,-0.00208641794514316,0.956698304389732,0.999999999996869
M4,3.96,-0.002208893834588,0.9601633822453,0.999999999996903
M4,3.965,-0.00233545289238096,0.963804063609318,0.999999999996929
M4,3.97,-0.00246476468525869,0.967536438861515,0.999999999996943
M4,3.975,-0.00259646793792555,0.971290443511504,0.999999999996943
M4,3.98,-0.00273001886468523,0.974998810407974,0.999999999996928
M4,3.985,-0.00286497641476224,0.978605144937818,0.999999999996898
M4,3.99,-0.00300032767621558,0.982049806257738,0.999999999996851
M4,3.995,-0.00313551375789352,0.985286063463463,0.999999999996786
M4,4,-0.00326986090784827,0.98827377305072,0.999999999996703
M4,4.005,-0.00340254444619606,0.990977707697317,0.9999999999966
M4,4.01,-0.0035329561536411,0.993367769610392,0.999999999996476
M4,4.015,-0.00366024833915107,0.995418854105306,0.99999999999633
M4,4.02,-0.00378365834927921,0.997110219740777,0.999999999996161
M4,4.025,-0.00390255917937383,0.998425066119925,0.999999999995968
M4,4.03,-0.00401627881980169,0.999349841912721,0.99999999999575
M4,4.035,-0.0041241808650813,0.999874092556044,0.999999999995505
M4,4.04,-0.00422577568263485,0.999990260458091,0.999999999995232
M4,4.045,-0.00432036933955812,0.999693728057688,0.999999999994933
M4,4.05,-0.00440820774616895,0.998983100039093,0.999999999994606
M4,4.055,-0.00448917607524565,0.997860286692166,0.999999999994254
M4,4.06,-0.00456233814739538,0.996330736048855,0.999999999993878
M4,4.065,-0.00462808009770922,0.994405046350032,0.999999999993485
M4,4.07,-0.00468626004766816,0.99210120899965,0.999999999993082
M4,4.075,-0.00473769703777794,0.989440112432434,0.999999999992684
M4,4.08,-0.00478214463694886,0.986450781500815,0.99999999999231
M4,4.085,-0.0048196612311686,0.98317882927822,0.999999999991993
M4,4.09,-0.00484982000902227,0.979679543985093,0.999999999991781
M4,4.095,-0.00487789306864616,0.975974729472238,0.999999999991736
M4,4.1,-0.00490019200701958,0.972170759360756,0.999999999991941
M4,4.105,-0.00492163498801997,0.968288611834455,0.999999999992428
M4,4.11,-0.00493070353979386,0.964502359944707,0.999999999992863
M4,4.115,-0.00494237559060639,0.960813154506754,0.99999999999077
M4,4.12,-0.00494941270318998,0.95736140942538,0.999999999970561
M4,4.125,-0.00495382396456524,0.954182433478739,0.999999999812531
M4,4.13,-0.00495425147318824,0.951302108069088,0.99999999804089
M4,4.135,-0.00494443973669399,0.948550088258594,0.999999943260487
M4,4.14,-0.00481859286586652,0.944482521033739,0.999968822782877
M4,4.145,-0.00408056419336402,0.944665914107325,0.999999936713485
M4,4.15,-0.00392684798463859,0.943660537321648,0.999999999607956
M4,4.155,-0.0038141951385045,0.943126899491608,0.999999999958595
M4,4.16,-0.00371627687041822,0.942779263586968,0.999999999984055
M4,4.165,-0.00363048178009481,0.942586374777062,0.999999999989432
M4,4.17,-0.00355564119002233,0.942532091836922,0.999999999991573
M4,4.175,-0.00349102086964545,0.942599880845843,0.999999999992823
M4,4.18,-0.00343609342434989,0.942770621031961,0.999999999993725
M4,4.185,-0.00339025643143175,0.943022594583295,0.999999999994448
M4,4.19,-0.00335299950868573,0.943337241037292,0.999999999995061
M4,4.195,-0.00332405143629826,0.943682103256228,0.999999999995591
M4,4.2,-0.00330298698254644,0.944028354480182,0.999999999996055
M4,4.205,-0.00328946413109972,0.944367114474237,0.999999999996467
M4,4.21,-0.00328318981802682,0.944672073827052,0.99999999999683
M4,4.215,-0.00328390031104569,0.944918086124844,0.999999999997147
M4,4.22,-0.00329134613982578,0.945098174882534,0.999999999997425
M4,4.225,-0.00330537658947254,0.945212674797703,0.999999999997666
M4,4.23,-0.00332566678623223,0.94524061729669,0.999999999997872
M4,4.235,-0.00335230449345269,0.945201585733977,0.999999999998047
M4,4.24,-0.00338495498543534,0.945090621308411,0.999999999998191
M4,4.245,-0.00342367317191682,0.944920574648774,0.999999999998305
M4,4.25,-0.00346825392696434,0.944701646011711,0.999999999998389
M4,4.255,-0.0035186819265042,0.944446347845806,0.999999999998431
M4,4.26,-0.0035749085478939,0.944171062972795,0.999999999998399
M4,4.265,-0.00363697832745719,0.943886919726707,0.999999999998175
M4,4.27,-0.00370521960359934,0.943606616298867,0.999999999997284
M4,4.275,-0.0037783139166087,0.943357473540624,0.99999999999333
M4,4.28,-0.00385879666614043,0.943130085168751,0.999999999970314
M4,4.285,-0.00394803805304586,0.94294820917502,0.999999999744896
M4,4.29,-0.00405645934297242,0.942842413762906,0.999999993294491
M4,4.295,-0.00433840918679808,0.943620172507129,0.999996791142726
M4,4.3,-0.00534871645080282,0.967588033406497,0.999998655319143
M4,4.305,-0.00552539353666329,0.971662692153759,0.999999986461267
M4,4.31,-0.005602001991395,0.973343398998642,0.999999999052699
M4,4.315,-0.00566898782495334,0.974726094505304,0.999999999838184
M4,4.32,-0.00573561312105892,0.976001682576748,0.999999999953626
M4,4.325,-0.0058039867865019,0.977211803544991,0.99999999998113
M4,4.33,-0.00587467535877504,0.978370566330026,0.999999999990105
M4,4.335,-0.00594788282359456,0.979483638828543,0.999999999993758
M4,4.34,-0.00602369842447517,0.980555687168097,0.999999999995509
M4,4.345,-0.0061020661751619,0.981589537237528,0.999999999996459
M4,4.35,-0.00618285865209316,0.982586944227476,0.999999999997027
M4,4.355,-0.0062660841282052,0.983550702729878,0.999999999997395
M4,4.36,-0.0063515863368289,0.984482474461732,0.99999999999765
M4,4.365,-0.00643917165653034,0.985383918330173,0.999999999997837
M4,4.37,-0.00652899059308669,0.986256780124033,0.999999999997981
M4,4.375,-0.00662028151735161,0.987102458884613,0.999999999998095
M4,4.38,-0.0067130897691727,0.987921912875277,0.99999999999819
M4,4.385,-0.00680766918295483,0.988716834638845,0.999999999998269
M4,4.39,-0.00690336755259184,0.989487967644242,0.999999999998337
M4,4.395,-0.00699999111267076,0.990235729093542,0.999999999998393
M4,4.4,-0.00709776405011937,0.990961150144249,0.999999999998441
M4,4.405,-0.00719593454341881,0.991664092991309,0.99999999999848
M4,4.41,-0.0072946962513904,0.992345077139707,0.999999999998512
M4,4.415,-0.00739437343455637,0.993004339704157,0.999999999998535
M4,4.42,-0.00749206465162383,0.993640252281317,0.999999999998551
M4,4.425,-0.00759068519958887,0.994253858668734,0.999999999998561
M4,4.43,-0.007686859875423,0.9948439237576,0.999999999998567
M4,4.435,-0.00778383788760898,0.995410410254476,0.999999999998569
M4,4.44,-0.00787866558971388,0.995952278754059,0.99999999999857
M4,4.445,-0.00797288630067274,0.996468047974966,0.999999999998571
M4,4.45,-0.00806405574482245,0.996956330916875,0.999999999998573
M4,4.455,-0.0081538691857339,0.997415995987082,0.999999999998578
M4,4.46,-0.00824024620483743,0.997844895890882,0.999999999998584
M4,4.465,-0.0083244546285964,0.998241812586585,0.999999999998594
M4,4.47,-0.00840587483105618,0.998605314010081,0.999999999998606
M4,4.475,-0.00848444516210389,0.998932670172721,0.99999999999862
M4,4.48,-0.00855545068670321,0.999218215687218,0.999999999998637
M4,4.485,-0.00862539805903455,0.999466757352251,0.999999999998654
M4,4.49,-0.00868543502292437,0.999667454596595,0.999999999998673
M4,4.495,-0.00874517375690855,0.999826602435349,0.999999999998693
M4,4.5,-0.0087973480282344,0.999934181643685,0.999999999998715
M4,4.505,-0.00884490039888283,0.999991619766201,0.999999999998736
M4,4.51,-0.00888590226662942,0.999994271696765,0.999999999998755
M4,4.515,-0.00891843395891605,0.999940309000616,0.999999999998768
M4,4.52,-0.0089460340624131,0.999824472186929,0.999999999998764
M4,4.525,-0.00896368070791688,0.999654317973227,0.99999999999872
M4,4.53,-0.00897521924838548,0.999410449539461,0.999999999998587
M4,4.535,-0.00897760996255909,0.999102771914468,0.99999999999824
M4,4.54,-0.00897128597838773,0.998723389162738,0.999999999997375
M4,4.545,-0.00895619685679261,0.99827117646558,0.999999999995171
M4,4.55,-0.00893120268383941,0.997743924499362,0.999999999989168
M4,4.555,-0.00889700155166914,0.997144325782963,0.99999999997094
M4,4.56,-0.00885201083690055,0.996472528254768,0.999999999905691
M4,4.565,-0.00879566429698635,0.995739569224765,0.999999999604962
M4,4.57,-0.00872493306014483,0.994983317792758,0.999999997513129
M4,4.575,-0.0086276638829314,0.994370619673246,0.999999966535969
M4,4.58,-0.00839345014911309,0.994863382021667,0.99999763924645
M4,4.585,-0.00667264361762792,0.944426690635849,0.999993042945732
M4,4.59,-0.00632868296954748,0.955454890142033,0.999999975959888
M4,4.595,-0.00648591216756528,0.955454251050784,0.99999999708401
M4,4.6,-0.00669767450103442,0.9538120500241,0.99999999838849
M4,4.605,-0.00693750712046502,0.951512921935016,0.999999998487931
M4,4.61,-0.00720100787622483,0.948760568543661,0.999999998319311
M4,4.615,-0.0074895662524949,0.945801013448248,0.999999998056439
M4,4.62,-0.00780510232760057,0.94324993109879,0.999999997829824
M4,4.625,-0.00814431842266665,0.942690759427296,0.999999997884812
M4,4.63,-0.00851580193733562,0.947773039170965,0.999999998585679
M4,4.635,-0.00890857674114209,0.964298597802761,0.99999999985238
M4,4.64,-0.0093269240601827,0.987225982981883,0.999999998153303
M4,4.645,-0.00975541992240008,0.978833836401749,0.999999981928177
M4,4.65,-0.0101729640271947,0.947604968370127,0.999999940292238
M4,4.655,-0.0105193489157419,0.943323082208242,0.999999885397611
M4,4.66,-0.0106879846020896,0.957911155802092,0.999999842397119
M4,4.665,-0.0103748293915568,0.973916257354611,0.999999927200148
M4,4.67,-0.00577655765339366,0.949683733539343,0.999984850230143
M4,4.675,-0.00545009750885291,0.956748797753221,0.999999900393806
M4,4.68,-0.00522355222454509,0.955402461414656,0.99999998944593
M4,4.685,-0.00496199226401908,0.952567041331321,0.999999594229135
M4,4.69,-0.00407450095073255,0.943753120240536,0.999975975358371
M4,4.695,-0.00345971094113504,0.945357823933029,0.999999977394632
M4,4.7,-0.00327522720028628,0.945032086956587,0.999999999404713
M4,4.705,-0.00312418999922557,0.944636478567301,0.999999999933007
M4,4.71,-0.00298516282113754,0.944275869853625,0.999999999985894
M4,4.715,-0.00285472978752768,0.943963353818608,0.999999999995934
M4,4.72,-0.00273195410821361,0.943701220578772,0.999999999998532
M4,4.725,-0.00261643267254728,0.943487929228272,0.99999999999927
M4,4.73,-0.00250770411797945,0.943319537095246,0.999999999999434
M4,4.735,-0.00240560372445903,0.943191722723948,0.999999999999396
M4,4.74,-0.00231002641883643,0.943099494694615,0.99999999999928
M4,4.745,-0.00222078151050505,0.943037665410317,0.999999999999131
M4,4.75,-0.00213772940287629,0.94300189894077,0.999999999998964
M4,4.755,-0.00206061977199985,0.942988649207624,0.999999999998787
M4,4.76,-0.00198969663511238,0.942999092204125,0.999999999998601
M4,4.765,-0.00192433404258546,0.943032192404428,0.999999999998407
M4,4.77,-0.00186498798909657,0.943095588064902,0.999999999998207
M4,4.775,-0.00181139234739153,0.94319610064872,0.999999999998006
M4,4.78,-0.00176304292226479,0.943340553732519,0.999999999997808
M4,4.785,-0.0017205755231964,0.943545655401596,0.999999999997623
M4,4.79,-0.00168360004770698,0.943821781634604,0.999999999997468
M4,4.795,-0.00165187807609945,0.944178698281335,0.999999999997361
M4,4.8,-0.00162608161395242,0.944635753876416,0.999999999997334
M4,4.805,-0.00160564368945891,0.945196339514568,0.999999999997396
M4,4.81,-0.00159023242465233,0.945856638312794,0.999999999997378
M4,4.815,-0.00158101729538806,0.946642676459414,0.999999999995795
M4,4.82,-0.00157747115471377,0.947537200519641,0.999999999980538
M4,4.825,-0.00158139429029511,0.948546987959267,0.999999999808888
M4,4.83,-0.0015982869508327,0.949670307751053,0.99999999542027
M4,4.835,-0.00169362350431603,0.950336840223444,0.999998711372594
M4,4.84,-0.00218150973374297,0.944216164165049,0.999990066409398
M4,4.845,-0.00228907929062593,0.951557582810145,0.999999891516056
M4,4.85,-0.00231026415833478,0.954551172910169,0.999999993439405
M4,4.855,-0.00232137977471108,0.957056927754692,0.999999999050746
M4,4.86,-0.00233002824765587,0.959532829382848,0.999999999778095
M4,4.865,-0.00233762885002516,0.962060834875011,0.999999999929234
M4,4.87,-0.00234442598292796,0.964652658392828,0.999999999971633
M4,4.875,-0.00235039630682658,0.967297383807043,0.99999999998631
M4,4.88,-0.0023554010801665,0.969978120035348,0.999999999992259
M4,4.885,-0.00235932468798618,0.972672730666496,0.999999999994989
M4,4.89,-0.00236202283274113,0.97535947567796,0.999999999996378
M4,4.895,-0.00236337347917202,0.978015828919555,0.999999999997149
M4,4.9,-0.00236329536760855,0.980618327474462,0.99999999999761
M4,4.905,-0.00236166971910405,0.983141906526535,0.999999999997906
M4,4.91,-0.00235853093153773,0.985565854466657,0.999999999998106
M4,4.915,-0.00235384464661113,0.987867869664112,0.99999999999825
M4,4.92,-0.0023475763955267,0.990025223769697,0.999999999998358
M4,4.925,-0.00233975172156078,0.992016621884387,0.999999999998442
M4,4.93,-0.0023304037573845,0.993821975359231,0.99999999999851
M4,4.935,-0.00231957508856423,0.995422189767835,0.999999999998567
M4,4.94,-0.00230716774193498,0.996791798288077,0.999999999998615
M4,4.945,-0.00229373622379328,0.997945116743068,0.999999999998659
M4,4.95,-0.00227890433175402,0.998840257561702,0.999999999998697
M4,4.955,-0.00226319006617079,0.999490498355429,0.999999999998734
M4,4.96,-0.00224632378969567,0.99987467488292,0.999999999998769
M4,4.965,-0.00222857692175932,0.99999991117697,0.999999999998804
M4,4.97,-0.00221003817395436,0.999865252074373,0.999999999998841
M4,4.975,-0.00219088983755067,0.999473717986869,0.999999999998881
M4,4.98,-0.00217129568312446,0.998840959357548,0.999999999998924
M4,4.985,-0.0021512783727737,0.997968352608966,0.999999999998973
M4,4.99,-0.0021311723051402,0.996884238229193,0.999999999999026
M4,4.995,-0.00211085694153574,0.995589398300838,0.999999999999079
M4,5,-0.00209083740470274,0.994125494270108,0.999999999999119
M4,5.005,-0.00207086004656576,0.992485368121505,0.999999999999111
M4,5.01,-0.00205126167132513,0.990694546149292,0.999999999998965
M4,5.015,-0.00203219789098515,0.988794604814538,0.999999999998453
M4,5.02,-0.00201373885550106,0.986796131570587,0.999999999996958
M4,5.025,-0.00199613010786343,0.984691330545103,0.999999999992702
M4,5.03,-0.00197933230965642,0.98252707044421,0.999999999980022
M4,5.035,-0.00196332102311763,0.980301145331523,0.999999999938098
M4,5.04,-0.00194796355447572,0.978014943967768,0.999999999773568
M4,5.045,-0.00193278760146979,0.975632427046102,0.999999998925313
M4,5.05,-0.0019158896528596,0.973011855077721,0.999999992037059
M4,5.055,-0.00188740279803622,0.969452331855655,0.999999862859137
M4,5.06,-0.00176483278520039,0.958021114717298,0.999989742781104
M4,5.065,-0.00133028503983543,0.945862737566397,0.999998125477463
M4,5.07,-0.00122471028178376,0.946974978086975,0.999999987434712
M4,5.075,-0.0012011146922815,0.946416620196335,0.99999999928949
M4,5.08,-0.00119008969499065,0.945762050014889,0.999999999895502
M4,5.085,-0.00118396203941423,0.945154335005685,0.999999999973578
M4,5.09,-0.00118119217715202,0.94462158619311,0.999999999990172
M4,5.095,-0.0011813976947641,0.944171089639555,0.999999999995033
M4,5.1,-0.00118438306822595,0.94379932380325,0.999999999996808
M4,5.105,-0.00119025896430645,0.943504062263517,0.999999999997569
M4,5.11,-0.00119905891241535,0.943277088498993,0.999999999997929
M4,5.115,-0.00121085286399861,0.943109017525669,0.999999999998103
M4,5.12,-0.00122572244767655,0.942989675765901,0.999999999998176
M4,5.125,-0.00124373615039414,0.942908879471358,0.999999999998184
M4,5.13,-0.00126512401848416,0.942857543953339,0.999999999998143
M4,5.135,-0.00128996045984917,0.942827155322144,0.999999999998057
M4,5.14,-0.00131834830805427,0.942811421199984,0.999999999997923
M4,5.145,-0.00135052046803925,0.94280683550456,0.999999999997734
M4,5.15,-0.00138651355441662,0.942811747112378,0.999999999997477
M4,5.155,-0.00142611563926735,0.942826131441975,0.999999999997127
M4,5.16,-0.00147096965380288,0.942858875102025,0.999999999996645
M4,5.165,-0.0015191882124471,0.942907512885092,0.999999999995957
M4,5.17,-0.00157370401791329,0.942991850437768,0.999999999994935
M4,5.175,-0.00163212080867808,0.943106636211146,0.999999999993317
M4,5.18,-0.00169531537946079,0.943261443376353,0.999999999990558
M4,5.185,-0.00176531432891702,0.943482201271146,0.999999999985373
M4,5.19,-0.00183991718887276,0.943751131589569,0.999999999974333
M4,5.195,-0.00192092891461888,0.944091352931645,0.999999999946793
M4,5.2,-0.00200837325732444,0.944508060798472,0.999999999861722
M4,5.205,-0.00210272308477967,0.9450156812993,0.999999999505916
M4,5.21,-0.00220455067398556,0.945652594423715,0.99999999711961
M4,5.215,-0.00231481568538651,0.946607692712387,0.99999995898814
M4,5.22,-0.00243655354151338,0.95058548457396,0.999994252692129
M4,5.225,-0.00376264486213892,0.939629109798347,0.99989592364686
M4,5.23,-0.00379387682818054,0.944945598368199,0.999999941803472
M4,5.235,-0.00380761436487541,0.949254136734253,0.999999998568029
M4,5.24,-0.00381487479577377,0.953595247219788,0.999999999933295
M4,5.245,-0.00381830784411146,0.957016476176601,0.99999999997583
M4,5.25,-0.00381944465137542,0.958774671131608,0.99999999995763
M4,5.255,-0.00381966896994027,0.958714133269574,0.999999999913767
M4,5.26,-0.00382102959724925,0.957261996454364,0.999999999671073
M4,5.265,-0.00382954202459406,0.955354346657378,0.99999999656075
M4,5.27,-0.00388743923715942,0.955706631776007,0.999999828805885
M4,5.275,-0.00441710277574714,0.971189050961149,0.999993285121066
M4,5.28,-0.00492930227485754,0.974801478333465,0.999999891168055
M4,5.285,-0.00514112554337711,0.978036529907483,0.999999995632454
M4,5.29,-0.0053208869929975,0.981362504112775,0.999999999485041
M4,5.295,-0.00549361994813378,0.984561142416647,0.999999999888063
M4,5.3,-0.00566257654623482,0.987552744809718,0.999999999962709
M4,5.305,-0.00582763323095898,0.990288187676496,0.999999999982586
M4,5.31,-0.00598773689098792,0.992730050489862,0.999999999989453
M4,5.315,-0.00614139565689464,0.994849328283407,0.999999999992352
M4,5.32,-0.00628723447912334,0.996623492261805,0.999999999993787
M4,5.325,-0.00642361680070794,0.998035242525839,0.999999999994586
M4,5.33,-0.00654911916954148,0.999072159800786,0.999999999995071
M4,5.335,-0.00666193468249342,0.99972615382617,0.999999999995378
M4,5.34,-0.00676109349199502,0.99999312579296,0.999999999995574
M4,5.345,-0.00684512547581626,0.99987263608187,0.999999999995694
M4,5.35,-0.00691308789005838,0.999368082705488,0.999999999995756
M4,5.355,-0.00696443381605842,0.998485910287571,0.999999999995773
M4,5.36,-0.00699830556605415,0.997236532716041,0.999999999995752
M4,5.365,-0.00701426103873981,0.995634084106725,0.999999999995701
M4,5.37,-0.00701273236239184,0.993696986620145,0.999999999995622
M4,5.375,-0.00699363250541942,0.99144767797673,0.999999999995522
M4,5.38,-0.0069572562611482,0.988913198816347,0.999999999995403
M4,5.385,-0.00690470814029289,0.986126649851425,0.99999999999527
M4,5.39,-0.00683661511012498,0.983124600944933,0.999999999995128
M4,5.395,-0.00675417439084076,0.979949121043976,0.99999999999498
M4,5.4,-0.00665746100277689,0.976644769590915,0.999999999994832
M4,5.405,-0.00654807350355004,0.973265281985575,0.99999999999469
M4,5.41,-0.0064288708122308,0.969868435074498,0.999999999994561
M4,5.415,-0.00630065486804885,0.966510272402055,0.99999999999445
M4,5.42,-0.00616342560148792,0.963246113502421,0.999999999994364
M4,5.425,-0.00601944100593451,0.960134049145017,0.999999999994311
M4,5.43,-0.00587094461109696,0.957223950237453,0.999999999994296
M4,5.435,-0.00572006605334876,0.954558055857884,0.999999999994325
M4,5.44,-0.00556308372054198,0.952182936680492,0.999999999994401
M4,5.445,-0.00540807726751192,0.950102168049444,0.999999999994525
M4,5.45,-0.00524872620639304,0.948342808620189,0.999999999994696
M4,5.455,-0.00509362218362545,0.94688911033602,0.99999999999491
M4,5.46,-0.00493941583300072,0.945734093057497,0.999999999995158
M4,5.465,-0.00478792972216889,0.944841926751068,0.999999999995432
M4,5.47,-0.00464015176446737,0.944178394701528,0.999999999995722
M4,5.475,-0.00449554312122813,0.943706042462588,0.999999999996017
M4,5.48,-0.00435785410631101,0.943382088228439,0.999999999996307
M4,5.485,-0.00422420397352657,0.943172065264266,0.999999999996587
M4,5.49,-0.00409765601379813,0.943043351892692,0.999999999996853
M4,5.495,-0.00397616754309008,0.942972368203603,0.999999999997103
M4,5.5,-0.00386242794853761,0.942943397497816,0.999999999997337
M4,5.505,-0.00375561847278133,0.942947198985539,0.999999999997558
M4,5.51,-0.0036559863969774,0.942980777733697,0.999999999997766
M4,5.515,-0.00356426415562173,0.943044221561434,0.999999999997963
M4,5.52,-0.00347926374651691,0.943144469269384,0.999999999998147
M4,5.525,-0.00340375118105397,0.943279638331228,0.999999999998315
M4,5.53,-0.00333330660233816,0.943465420951255,0.999999999998469
M4,5.535,-0.00327231100631105,0.943693689395994,0.999999999998604
M4,5.54,-0.00321775136858756,0.94397613153673,0.999999999998721
M4,5.545,-0.00317021404882035,0.944310638156093,0.999999999998821
M4,5.55,-0.00313205617319508,0.944688884317167,0.999999999998904
M4,5.555,-0.00309869115348957,0.945123330456554,0.999999999998973
M4,5.56,-0.00307401263504209,0.945596027607179,0.999999999999029
M4,5.565,-0.00305679959782104,0.946105528031222,0.999999999999077
M4,5.57,-0.0030456453972269,0.946652173269406,0.999999999999117
M4,5.575,-0.00304122742744113,0.94722639600723,0.99999999999915
M4,5.58,-0.00304382826493461,0.947821240020664,0.999999999999179
M4,5.585,-0.00305262115140389,0.948433284190356,0.999999999999203
M4,5.59,-0.00306731324031156,0.949057121555208,0.999999999999225
M4,5.595,-0.0030879577875269,0.949686718021812,0.999999999999243
M4,5.6,-0.00311444195470453,0.950321648386274,0.999999999999259
M4,5.605,-0.00314663677964173,0.950948658576425,0.999999999999273
M4,5.61,-0.00318418012233538,0.951567804830905,0.999999999999285
M4,5.615,-0.00322684151901768,0.952180760193392,0.999999999999294
M4,5.62,-0.00327451218352705,0.952770514513623,0.999999999999302
M4,5.625,-0.0033268320548474,0.953354648675734,0.999999999999308
M4,5.63,-0.00338385930070161,0.953910763554666,0.999999999999313
M4,5.635,-0.00344508563560303,0.954456417600307,0.999999999999316
M4,5.64,-0.00351058094853563,0.954976732836225,0.999999999999318
M4,5.645,-0.00358003269771569,0.955473592144612,0.999999999999318
M4,5.65,-0.00365324185630086,0.955950707565087,0.999999999999317
M4,5.655,-0.00373010836780147,0.956399594725332,0.999999999999315
M4,5.66,-0.00381031053249244,0.956829754056112,0.999999999999311
M4,5.665,-0.00389383617086894,0.957231617049102,0.999999999999306
M4,5.67,-0.00398033320993153,0.957614172869671,0.999999999999298
M4,5.675,-0.00406975507674335,0.957971980394792,0.99999999999929
M4,5.68,-0.00416183554430525,0.958312066389603,0.999999999999279
M4,5.685,-0.00425651656154532,0.958635421140587,0.999999999999267
M4,5.69,-0.00435366741489804,0.958930272553088,0.999999999999253
M4,5.695,-0.00445285761998273,0.959188007349366,0.999999999999236
M4,5.7,-0.00455429140667039,0.959448613886068,0.999999999999218
M4,5.705,-0.00465767600720022,0.959690637166119,0.999999999999196
M4,5.71,-0.0047624694583834,0.959907209745303,0.999999999999173
M4,5.715,-0.00486894192533724,0.96011048275457,0.999999999999147
M4,5.72,-0.00497726741795096,0.960307638928502,0.999999999999118
M4,5.725,-0.00508666958853371,0.960493715879536,0.999999999999087
M4,5.73,-0.00519657026045368,0.960669061650617,0.999999999999053
M4,5.735,-0.00530863598241588,0.960837977002811,0.999999999999016
M4,5.74,-0.0054214821577751,0.961003474733962,0.999999999998977
M4,5.745,-0.00553401121149368,0.961171491464898,0.999999999998936
M4,5.75,-0.00564768163301995,0.961336189051055,0.999999999998893
M4,5.755,-0.00576277953468296,0.961499730309224,0.999999999998847
M4,5.76,-0.0058774655189946,0.961675062670215,0.999999999998799
M4,5.765,-0.00599081115261662,0.961870097828255,0.999999999998749
M4,5.77,-0.00610696609333711,0.962056470139952,0.999999999998698
M4,5.775,-0.00622277062395085,0.962260569611774,0.999999999998644
M4,5.78,-0.00633615450815203,0.962501616400427,0.99999999999859
M4,5.785,-0.0064504797337812,0.962752886476135,0.999999999998533
M4,5.79,-0.00656625729546565,0.963012658783537,0.999999999998475
M4,5.795,-0.00667990278999995,0.963314619483754,0.999999999998416
M4,5.8,-0.00679021993447662,0.963671936147538,0.999999999998357
M4,5.805,-0.00690666889553951,0.964000153581319,0.999999999998296
M4,5.81,-0.00702163743671344,0.964372380169298,0.999999999998234
M4,5.815,-0.00713054663697582,0.964835354716738,0.999999999998172
M4,5.82,-0.00723388144320173,0.965385996759112,0.999999999998111
M4,5.825,-0.00734679637015184,0.965873041045487,0.999999999998049
M4,5.83,-0.00745671024138703,0.966421373186036,0.999999999997987
M4,5.835,-0.00755716760389095,0.967094429305463,0.999999999997926
M4,5.84,-0.00764975887141828,0.967882713805156,0.999999999997866
M4,5.845,-0.00774969177696338,0.968649638455845,0.999999999997807
M4,5.85,-0.00785085718001657,0.969462971873213,0.999999999997749
M4,5.855,-0.00795305512192131,0.970321214542379,0.999999999997692
M4,5.86,-0.00805364241501707,0.971221180736848,0.999999999997637
M4,5.865,-0.00814576934456401,0.972222842238269,0.999999999997584
M4,5.87,-0.00822281738491917,0.973376161200162,0.999999999997532
M4,5.875,-0.00831536432841041,0.974462495086786,0.999999999997482
M4,5.88,-0.00839819261615333,0.975660775717254,0.999999999997432
M4,5.885,-0.00847831848322859,0.976900620900308,0.999999999997384
M4,5.89,-0.00855620934075667,0.978194006309795,0.999999999997336
M4,5.895,-0.00862962711311777,0.979537384223457,0.999999999997287
M4,5.9,-0.00869935063008646,0.980923102688981,0.999999999997238
M4,5.905,-0.00876674477237015,0.982334929392978,0.999999999997188
M4,5.91,-0.00882757635241634,0.983791619356956,0.999999999997135
M4,5.915,-0.0088838817571056,0.985258246906261,0.999999999997083
M4,5.92,-0.00893511978444902,0.986736060124659,0.99999999999703
M4,5.925,-0.00898031427748375,0.988222393525815,0.999999999996979
M4,5.93,-0.00902285633410017,0.989684350338939,0.999999999996936
M4,5.935,-0.00905816302866517,0.991124884218871,0.999999999996905
M4,5.94,-0.00908460475616459,0.992524795812042,0.999999999996898
M4,5.945,-0.00911144352446301,0.993862329170135,0.999999999996936
M4,5.95,-0.00912707064570505,0.995127592507934,0.999999999997045
M4,5.955,-0.00913321293738429,0.996290142100141,0.999999999997248
M4,5.96,-0.00913329330416858,0.997338491599704,0.99999999999743
M4,5.965,-0.00912367940922968,0.998247391276788,0.999999999996224
M4,5.97,-0.00910360014716567,0.998994312411964,0.999999999978895
M4,5.975,-0.00906714889889451,0.999554157743462,0.999999999667165
M4,5.98,-0.00897011255457096,0.999891718440834,0.999999970890463
M4,5.985,-0.00586947229688146,0.950558121273246,0.99982667892959
M4,5.99,-0.00430818265940695,0.967752104453797,0.999999987753409
M4,5.995,-0.00418578586723778,0.968303014023729,0.999999999708282
M4,6,-0.00409421111092923,0.968022557424878,0.999999999966461
M4,6.005,-0.00400806990405574,0.967560278237494,0.999999999991637
M4,6.01,-0.00392504810891003,0.967060590412409,0.999999999996498
M4,6.015,-0.00384305486491795,0.96650370974903,0.999999999997866
M4,6.02,-0.00376283996344425,0.965880084611363,0.999999999998333
M4,6.025,-0.00368298351874208,0.965257393762123,0.999999999998494
M4,6.03,-0.00360629040046603,0.964581780431053,0.999999999998515
M4,6.035,-0.00352911993087345,0.963872723623306,0.999999999998469
M4,6.04,-0.00345106253910455,0.963083406654865,0.999999999998377
M4,6.045,-0.00337851084539509,0.962303866604668,0.999999999998244
M4,6.05,-0.00330482338820637,0.961442846058037,0.999999999998089
M4,6.055,-0.0032310954289387,0.960506922546966,0.999999999997922
M4,6.06,-0.00317237207949977,0.95975012924824,0.999999999997658
M4,6.065,-0.00309114170260839,0.958524052889991,0.9999999999975
M4,6.07,-0.00303704620261117,0.957701775314742,0.999999999997169
M4,6.075,-0.00295325944924344,0.956255112080896,0.999999999997055
M4,6.08,-0.00289186094440443,0.955109465934096,0.999999999996817
M4,6.085,-0.00283288346826678,0.953918947390033,0.999999999996567
M4,6.09,-0.00276308747172871,0.952466643425128,0.999999999996492
M4,6.095,-0.00270350024459551,0.9511058022926,0.999999999996394
M4,6.1,-0.00264900666552686,0.949771671580749,0.999999999996348
M4,6.105,-0.00258871823053808,0.948299700682373,0.999999999996581
M4,6.11,-0.00253498700250758,0.946921385892706,0.999999999996902
M4,6.115,-0.00247877953009857,0.945557616185731,0.99999999999758
M4,6.12,-0.00242857299435547,0.944388528139794,0.999999999998342
M4,6.125,-0.00237850351063273,0.943437568527384,0.99999999999911
M4,6.13,-0.00232993708091017,0.942849702006908,0.999999999999338
M4,6.135,-0.00228377129861373,0.942772267960569,0.99999999999772
M4,6.14,-0.00223901570635559,0.943337688860217,0.999999999991648
M4,6.145,-0.00219568796740357,0.944604088379758,0.999999999975596
M4,6.15,-0.00215337323764874,0.946428664058,0.999999999939723
M4,6.155,-0.00211168079794265,0.948317150109911,0.999999999868061
M4,6.16,-0.00207179044040488,0.949415102964149,0.99999999973467
M4,6.165,-0.00202595181024433,0.948804659310155,0.999999999502167
M4,6.17,-0.0019891905909229,0.946618743030154,0.999999999144016
M4,6.175,-0.00195049269487996,0.943949507653516,0.999999998627975
M4,6.18,-0.00187865640502804,0.94265415087434,0.999999997944531
M4,6.185,-0.00182000240612826,0.944395209202931,0.999999997146291
M4,6.19,-0.00173338463939297,0.949215318428328,0.999999996293041
M4,6.195,-0.00164244099387159,0.955787064106887,0.999999995400192
M4,6.2,-0.00151542609576311,0.963202271399804,0.999999994514321
M4,6.205,-0.00133855679388362,0.970545584731692,0.999999993662401
M4,6.21,-0.00109779657625264,0.9771723710987,0.99999999280542
M4,6.215,-0.000772674529939446,0.982884228380789,0.999999991942565
M4,6.22,-0.000326374944588736,0.987779347534467,0.999999991292087
M4,6.225,0.000219791927710083,0.991995011117135,0.999999992343067
M4,6.23,-0.00279333189733518,0.933558984011258,0.999535346999238
M4,6.235,-0.00297612117002714,0.99164759296623,0.999999810150655
M4,6.24,-0.00289159563597023,0.994964543780388,0.99999999405672
M4,6.245,-0.00279972057490986,0.996839975401266,0.999999999335045
M4,6.25,-0.00270669287312153,0.998205555680684,0.999999999863543
M4,6.255,-0.00261366753543973,0.999179164306313,0.999999999959303
M4,6.26,-0.00252106054458466,0.999778665254583,0.999999999984043
M4,6.265,-0.00242911274983673,0.999998977386023,0.999999999992183
M4,6.27,-0.00233799169104707,0.999826803656983,0.999999999995386
M4,6.275,-0.00224784321936577,0.99924615553223,0.999999999996838
M4,6.28,-0.0021587954043202,0.998240499398526,0.999999999997576
M4,6.285,-0.00207097163718624,0.996794609086812,0.999999999997986
M4,6.29,-0.00198448911094811,0.994896494482384,0.999999999998233
M4,6.295,-0.00189946256783587,0.992539880626552,0.999999999998389
M4,6.3,-0.00181600345767578,0.989726901784899,0.999999999998492
M4,6.305,-0.00173421366653472,0.986471270734029,0.99999999999856
M4,6.31,-0.0016541649421406,0.982801545338645,0.999999999998605
M4,6.315,-0.0015760371346045,0.978764879309696,0.999999999998632
M4,6.32,-0.00149994210581067,0.974430351795971,0.999999999998645
M4,6.325,-0.00142589825878574,0.969889748373903,0.999999999998646
M4,6.33,-0.00135405500098781,0.965260069916373,0.999999999998637
M4,6.335,-0.00128455097075205,0.960680680263356,0.99999999999862
M4,6.34,-0.00121745449348394,0.956308279414215,0.999999999998593
M4,6.345,-0.00115281846372154,0.952309465034595,0.999999999998559
M4,6.35,-0.00109084082939909,0.948849828982748,0.999999999998518
M4,6.355,-0.00103154103204459,0.946078182209451,0.999999999998469
M4,6.36,-0.000974769703648379,0.944111906170386,0.999999999998415
M4,6.365,-0.000921456214905146,0.94302370763337,0.999999999998356
M4,6.37,-0.00087085187839565,0.942825639900902,0.999999999998291
M4,6.375,-0.000823392785732885,0.943467511112314,0.999999999998223
M4,6.38,-0.000779603813331606,0.944836369615091,0.999999999998151
M4,6.385,-0.000738654853992684,0.946768006093854,0.999999999998076
M4,6.39,-0.000701797454021655,0.949064899468498,0.999999999997996
M4,6.395,-0.000667931002619194,0.951516359370746,0.99999999999791
M4,6.4,-0.000638057304189009,0.953927399116189,0.999999999997816
M4,6.405,-0.000611945624217181,0.956130178185884,0.999999999997712
M4,6.41,-0.000589626359223806,0.957998111127141,0.999999999997593
M4,6.415,-0.000571596341524094,0.95946350965798,0.999999999997458
M4,6.42,-0.000557410476620439,0.960484443778006,0.999999999997304
M4,6.425,-0.000547770717916063,0.961083787137733,0.999999999997128
M4,6.43,-0.000542228773160249,0.961281435172558,0.999999999996933
M4,6.435,-0.000541281304166851,0.961142004824349,0.999999999996717
M4,6.44,-0.000544891959266495,0.960722432036724,0.999999999996486
M4,6.445,-0.000553110034404628,0.960079072448389,0.999999999996247
M4,6.45,-0.000566484288421218,0.959296906561509,0.999999999996008
M4,6.455,-0.00058458040224504,0.958394748485737,0.999999999995785
M4,6.46,-0.000607730681215501,0.957425207382269,0.999999999995596
M4,6.465,-0.000636183585547038,0.956436908300082,0.999999999995462
M4,6.47,-0.000669829380368565,0.955439012905132,0.999999999995412
M4,6.475,-0.000708819918647772,0.95445574282931,0.999999999995468
M4,6.48,-0.000753329145656039,0.953501562249771,0.999999999995649
M4,6.485,-0.000803479612048463,0.952588283325078,0.999999999995959
M4,6.49,-0.000859369579071127,0.951721628292585,0.999999999996385
M4,6.495,-0.000921102626904019,0.950901889557042,0.999999999996889
M4,6.5,-0.000988658212565044,0.950133979962555,0.999999999997411
M4,6.505,-0.00106238964764231,0.949411620958327,0.999999999997888
M4,6.51,-0.00114199469073217,0.948741191121352,0.999999999998262
M4,6.515,-0.00122784128125519,0.948112789746955,0.999999999998507
M4,6.52,-0.00132040679486227,0.94752656701297,0.999999999998624
M4,6.525,-0.00141904499349421,0.946980617945455,0.999999999998625
M4,6.53,-0.00152402233829284,0.946472058855456,0.999999999998504
M4,6.535,-0.00163579889971579,0.945997525388773,0.99999999999823
M4,6.54,-0.00175407583096035,0.945555233377921,0.99999999999776
M4,6.545,-0.00187913324639182,0.945143406809875,0.999999999997081
M4,6.55,-0.0020110234507566,0.944761007845235,0.999999999996242
M4,6.555,-0.0021497007249706,0.944406767910934,0.999999999995348
M4,6.56,-0.00229523008170943,0.944080792523855,0.999999999994537
M4,6.565,-0.00244771386785568,0.943784053684246,0.999999999993922
M4,6.57,-0.00261353430114095,0.943516566247921,0.999999999993599
M4,6.575,-0.00277418631461779,0.943284203880382,0.99999999999348
M4,6.58,-0.00294808633486315,0.943087166384464,0.999999999993616
M4,6.585,-0.00313062979104991,0.942929985578855,0.999999999993917
M4,6.59,-0.00331709555895056,0.94281614173305,0.999999999994305
M4,6.595,-0.00350879821303446,0.942752631748973,0.999999999994734
M4,6.6,-0.00371283272520832,0.942745855935963,0.999999999995166
M4,6.605,-0.00392111828429854,0.942802251685776,0.999999999995569
M4,6.61,-0.00413486203157501,0.942930655562879,0.999999999995929
M4,6.615,-0.00435877392781343,0.943135879213065,0.999999999996244
M4,6.62,-0.00458730292795872,0.943430625629535,0.999999999996513
M4,6.625,-0.00480980789915978,0.943843262805716,0.999999999996738
M4,6.63,-0.00505917426371963,0.94432786385415,0.999999999996927
M4,6.635,-0.00529882457901966,0.94496115033955,0.999999999997085
M4,6.64,-0.00553979839706026,0.945735853378038,0.999999999997217
M4,6.645,-0.00580582399895578,0.946589032662818,0.999999999997327
M4,6.65,-0.00604460134842422,0.947696545152074,0.999999999997421
M4,6.655,-0.00631111428082088,0.948888294252014,0.999999999997501
M4,6.66,-0.00656574805846485,0.950275947823236,0.999999999997569
M4,6.665,-0.00683782193231672,0.951797531043924,0.999999999997629
M4,6.67,-0.00709162413349162,0.95352041388369,0.999999999997681
M4,6.675,-0.00736631799522957,0.955385088778665,0.999999999997727
M4,6.68,-0.00762425935735585,0.95744377641009,0.999999999997768
M4,6.685,-0.00789610869266349,0.959656059887993,0.999999999997806
M4,6.69,-0.0081539728075112,0.962026517514447,0.99999999999784
M4,6.695,-0.0084141874242531,0.964551226305079,0.99999999999787
M4,6.7,-0.008667690926398,0.967193464919497,0.999999999997897
M4,6.705,-0.00891167765713985,0.969956970610961,0.999999999997922
M4,6.71,-0.00915560110000637,0.972805466181249,0.999999999997944
M4,6.715,-0.00937230024525407,0.97567742224266,0.999999999997963
M4,6.72,-0.0095992573640449,0.978609933631268,0.999999999997982
M4,6.725,-0.00981794996037451,0.9815504396979,0.999999999998001
M4,6.73,-0.0100029989927008,0.984376334848276,0.999999999998018
M4,6.735,-0.0101812027749047,0.98714805327083,0.999999999998036
M4,6.74,-0.0103477904400281,0.989788642276634,0.999999999998056
M4,6.745,-0.0104898041081638,0.992216605574877,0.999999999998077
M4,6.75,-0.0106115092691472,0.994402455452627,0.999999999998099
M4,6.755,-0.0107116394037112,0.996318589128762,0.999999999998124
M4,6.76,-0.0107878477748281,0.997873985789128,0.99999999999815
M4,6.765,-0.0108408515347024,0.999031758945175,0.999999999998179
M4,6.77,-0.0108675821766033,0.999756818129453,0.999999999998209
M4,6.775,-0.0108643511680219,0.999999627637138,0.999999999998243
M4,6.78,-0.0108373496634516,0.999728348028463,0.999999999998276
M4,6.785,-0.0107777463867831,0.998900675981335,0.999999999998314
M4,6.79,-0.0106935678299535,0.997540668476885,0.999999999998353
M4,6.795,-0.0105861812026485,0.995653904669512,0.999999999998395
M4,6.8,-0.010437608952229,0.993155776170597,0.999999999998443
M4,6.805,-0.0102769669345129,0.990250036861159,0.999999999998496
M4,6.81,-0.010078550123234,0.986803780695379,0.999999999998557
M4,6.815,-0.00986135599798071,0.983014271291461,0.999999999998627
M4,6.82,-0.00963720091157682,0.9789753463168,0.999999999998705
M4,6.825,-0.00936772773434254,0.974617088272815,0.999999999998791
M4,6.83,-0.0090918473134748,0.970168353232416,0.999999999998879
M4,6.835,-0.0088021411299101,0.965722969771565,0.999999999998959
M4,6.84,-0.00850071476775826,0.961404732128744,0.999999999999017
M4,6.845,-0.00819157420159837,0.95732491277586,0.99999999999904
M4,6.85,-0.00787921379818233,0.953599932154524,0.999999999999029
M4,6.855,-0.00756274125226286,0.950320356536283,0.999999999998998
M4,6.86,-0.00724888015505866,0.947572472489087,0.99999999999893
M4,6.865,-0.00693928576535083,0.945407516353401,0.9999999999987
M4,6.87,-0.0066371602965573,0.943849363732338,0.999999999998153
M4,6.875,-0.00634296401848743,0.942888305231284,0.999999999997442
M4,6.88,-0.00605966721944327,0.942482089516651,0.999999999997103
M4,6.885,-0.00579096809062896,0.942560210357619,0.999999999997391
M4,6.89,-0.00553904843925826,0.94301780270378,0.999999999997878
M4,6.895,-0.00530119928461267,0.94374153035443,0.999999999998095
M4,6.9,-0.00508028169279167,0.944603670048669,0.999999999998004
M4,6.905,-0.00488001847999947,0.945476317342799,0.999999999997803
M4,6.91,-0.00469858583151197,0.946254797998533,0.999999999997625
M4,6.915,-0.00453551996768276,0.946853606263143,0.999999999997492
M4,6.92,-0.00439152200731865,0.94721580471374,0.999999999997403
M4,6.925,-0.00426668683416407,0.947318980423962,0.999999999997363
M4,6.93,-0.00416017982664173,0.947168235419402,0.999999999997388
M4,6.935,-0.00407179747285379,0.946795334816662,0.999999999997484
M4,6.94,-0.00400084169202307,0.946250251365617,0.999999999997634
M4,6.945,-0.00394506521495834,0.945599098262439,0.999999999997801
M4,6.95,-0.00390753850048922,0.944891118635898,0.999999999997948
M4,6.955,-0.00388235729799816,0.944209659474815,0.999999999998052
M4,6.96,-0.00387519070473976,0.943585280390391,0.999999999998119
M4,6.965,-0.00387599434327123,0.94309048166517,0.99999999999816
M4,6.97,-0.00389133245213213,0.942746001583388,0.999999999998184
M4,6.975,-0.00391731826257916,0.942583377044202,0.999999999998192
M4,6.98,-0.00395240504601734,0.94261783495586,0.99999999999819
M4,6.985,-0.00399636474071676,0.942855853781913,0.99999999999819
M4,6.99,-0.00404888732344846,0.943299240937051,0.999999999998204
M4,6.995,-0.00410870370053431,0.94394458694447,0.999999999998241
M4,7,-0.00417413118884283,0.944775812663481,0.999999999998299
M4,7.005,-0.00424525899761214,0.945783400682083,0.999999999998376
M4,7.01,-0.00432098944829031,0.946951410256016,0.999999999998461
M4,7.015,-0.00440059027548249,0.948262072335441,0.99999999999855
M4,7.02,-0.00448332236800427,0.94969840357329,0.999999999998637
M4,7.025,-0.00456880875934108,0.951244930601898,0.999999999998718
M4,7.03,-0.00465619871292475,0.952882974757605,0.999999999998793
M4,7.035,-0.00474494032807704,0.954596243236144,0.999999999998861
M4,7.04,-0.00483458076310412,0.956370873630719,0.999999999998922
M4,7.045,-0.00492523630278766,0.958201860605943,0.999999999998978
M4,7.05,-0.00501471374255571,0.960050068929027,0.999999999999027
M4,7.055,-0.00510456781739687,0.961936104212887,0.999999999999072
M4,7.06,-0.00519262135254939,0.963818275171008,0.999999999999112
M4,7.065,-0.00528018935101515,0.96571659108354,0.999999999999148
M4,7.07,-0.0053658376336536,0.967598908822358,0.999999999999181
M4,7.075,-0.00544985396019557,0.969475274732758,0.999999999999211
M4,7.08,-0.00553132497521376,0.971324668248212,0.999999999999239
M4,7.085,-0.00561050164720054,0.973151105301988,0.999999999999264
M4,7.09,-0.0056868994306101,0.974945617787355,0.999999999999288
M4,7.095,-0.00576034252759827,0.976701499014433,0.99999999999931
M4,7.1,-0.00583067978650184,0.978421748443619,0.99999999999933
M4,7.105,-0.00589748542781658,0.980091738647186,0.99999999999935
M4,7.11,-0.00596091347158751,0.981725768758035,0.999999999999367
M4,7.115,-0.00602033128663491,0.983294284946725,0.999999999999384
M4,7.12,-0.00607588118004865,0.984817610259749,0.9999999999994
M4,7.125,-0.00612736197484302,0.986280663182408,0.999999999999414
M4,7.13,-0.00617455954278652,0.987686047255301,0.999999999999429
M4,7.135,-0.00621742545743039,0.989029772931553,0.999999999999442
M4,7.14,-0.0062557471393055,0.99030757398883,0.999999999999454
M4,7.145,-0.00628945522837131,0.991520729165479,0.999999999999466
M4,7.15,-0.00631842209563444,0.992662039356559,0.999999999999478
M4,7.155,-0.00634252189154986,0.993733857356108,0.999999999999488
M4,7.16,-0.00636178051002472,0.994729052194028,0.999999999999498
M4,7.165,-0.00637591363645988,0.995648871738461,0.999999999999508
M4,7.17,-0.0063850928193649,0.996487246092668,0.999999999999517
M4,7.175,-0.00638895136347669,0.997244141649589,0.999999999999525
M4,7.18,-0.00638773398728195,0.997914779287097,0.999999999999533
M4,7.185,-0.00638084628244227,0.998498361094266,0.99999999999954
M4,7.19,-0.00636898803833586,0.998989705046695,0.999999999999547
M4,7.195,-0.00635195791415544,0.999386500576799,0.999999999999552
M4,7.2,-0.00632905502220766,0.999687583597248,0.999999999999557
M4,7.205,-0.00630138085242918,0.999889025075944,0.999999999999562
M4,7.21,-0.00626776313110654,0.999988896013552,0.999999999999565
M4,7.215,-0.00622871951358233,0.999984613270682,0.999999999999568
M4,7.22,-0.00618487078262378,0.999874201021157,0.999999999999571
M4,7.225,-0.00613482383500455,0.999655487396988,0.999999999999572
M4,7.23,-0.00607982295808772,0.999327154906305,0.999999999999572
M4,7.235,-0.00601961599906862,0.998887963800174,0.999999999999571
M4,7.24,-0.00595358992155234,0.998336427658175,0.999999999999569
M4,7.245,-0.00588312918893864,0.99767338719662,0.999999999999566
M4,7.25,-0.00580671919069297,0.99689682307281,0.999999999999562
M4,7.255,-0.0057253121575643,0.996008256647718,0.999999999999556
M4,7.26,-0.00563954387448345,0.99501011184654,0.999999999999549
M4,7.265,-0.0055479740403041,0.993899709039424,0.99999999999954
M4,7.27,-0.00545214106736375,0.99268342056298,0.99999999999953
M4,7.275,-0.00535148414960135,0.991361196527678,0.999999999999518
M4,7.28,-0.00524566295734589,0.989933510535285,0.999999999999505
M4,7.285,-0.00513669831786737,0.98841481573192,0.99999999999949
M4,7.29,-0.00502294339155349,0.98679851925822,0.999999999999473
M4,7.295,-0.00490459129665952,0.985089062239403,0.999999999999454
M4,7.3,-0.00478379666343463,0.983308858809319,0.999999999999432
M4,7.305,-0.00465809239258603,0.981439975214447,0.999999999999409
M4,7.31,-0.00452888940822887,0.979500058743631,0.999999999999384
M4,7.315,-0.00439815393730872,0.977517230963923,0.999999999999357
M4,7.32,-0.0042625711042258,0.97545790929007,0.999999999999327
M4,7.325,-0.00412470673086386,0.973358318543406,0.999999999999295
M4,7.33,-0.00398598173750626,0.971245053662743,0.999999999999262
M4,7.335,-0.00384327082441744,0.96908135450137,0.999999999999225
M4,7.34,-0.00369935103048177,0.966912683542225,0.999999999999188
M4,7.345,-0.00355521808182617,0.96476232818587,0.999999999999148
M4,7.35,-0.00340820142757192,0.962597848377488,0.999999999999105
M4,7.355,-0.00326117983946715,0.960470625205435,0.999999999999062
M4,7.36,-0.00311460824805381,0.958397406859202,0.999999999999017
M4,7.365,-0.00296647359166578,0.956357169749936,0.999999999998971
M4,7.37,-0.00281963919560795,0.954402213476887,0.999999999998924
M4,7.375,-0.00267358562851834,0.952537354782619,0.999999999998876
M4,7.38,-0.00252717455844181,0.950759241113285,0.999999999998828
M4,7.385,-0.00238370255114405,0.949123611101155,0.999999999998779
M4,7.39,-0.00224358943566565,0.947648260695333,0.999999999998731
M4,7.395,-0.00210337059787089,0.946308832240203,0.999999999998683
M4,7.4,-0.0019667019679622,0.945158975051216,0.999999999998636
M4,7.405,-0.00183479783987602,0.944222505834109,0.999999999998591
M4,7.41,-0.00170420630104711,0.943494752417288,0.999999999998547
M4,7.415,-0.00157793703021405,0.94301166747512,0.999999999998506
M4,7.42,-0.00145752542810984,0.942792049423523,0.999999999998469
M4,7.425,-0.00133994565891165,0.942848760418583,0.999999999998434
M4,7.43,-0.00122751646316289,0.943202006304476,0.999999999998405
M4,7.435,-0.00112148938282874,0.943861423566642,0.999999999998382
M4,7.44,-0.00102010559004767,0.944840176652348,0.999999999998366
M4,7.445,-0.00092436987015599,0.946148441018402,0.999999999998358
M4,7.45,-0.00083508751074664,0.94778743853563,0.99999999999836
M4,7.455,-0.000751920123727376,0.949739439052797,0.999999999998371
M4,7.46,-0.000674833747257022,0.9520028073674,0.999999999998394
M4,7.465,-0.000604254470805458,0.954564720545824,0.999999999998429
M4,7.47,-0.000540324441211857,0.957359614249086,0.999999999998475
M4,7.475,-0.000482788278987776,0.960344440826165,0.999999999998534
M4,7.48,-0.000431657375957556,0.963479330033294,0.999999999998603
M4,7.485,-0.000387077026073848,0.966638397531264,0.99999999999868
M4,7.49,-0.000348768634223621,0.969715044017151,0.999999999998761
M4,7.495,-0.000316539089188822,0.972613853149008,0.99999999999884
M4,7.5,-0.000290490290013807,0.975126156030561,0.999999999998911
M4,7.505,-0.00026987609599797,0.97714010451595,0.999999999998965
M4,7.51,-0.000254701198113832,0.978474963993478,0.999999999998994
M4,7.515,-0.000245370938857895,0.978824416953979,0.999999999998986
M4,7.52,-0.000239851078019767,0.978294332287122,0.999999999998942
M4,7.525,-0.00023877967878142,0.976649992014413,0.999999999998856
M4,7.53,-0.000243315430092165,0.973578864408324,0.999999999998722
M4,7.535,-0.000249568023346451,0.969724653849048,0.999999999998571
M4,7.54,-0.000258897485722276,0.964978675437351,0.999999999998407
M4,7.545,-0.000272947810140097,0.959354305980257,0.999999999998246
M4,7.55,-0.000287864365321436,0.953858366811726,0.999999999998122
M4,7.555,-0.000303586060995018,0.948938148494016,0.99999999999805
M4,7.56,-0.000322767221160765,0.944977010323634,0.99999999999804
M4,7.565,-0.000342669945973434,0.942949234230802,0.9999999999981
M4,7.57,-0.000360921430120321,0.943347847039135,0.999999999998214
M4,7.575,-0.000381128185723261,0.946585637684507,0.999999999998378
M4,7.58,-0.000402285244271369,0.95285557711359,0.999999999998568
M4,7.585,-0.000419733298939796,0.96119107987299,0.999999999998751
M4,7.59,-0.000437627829435505,0.971310223724998,0.999999999998921
M4,7.595,-0.000457432699612535,0.982154989839454,0.999999999999061
M4,7.6,-0.000473867302524183,0.991154850940271,0.999999999999146
M4,7.605,-0.000487229760675411,0.997291139078455,0.999999999999179
M4,7.61,-0.000498521084909862,0.999910418863136,0.999999999999158
M4,7.615,-0.000508420353519418,0.998947251007128,0.999999999999089
M4,7.62,-0.000517384481444909,0.994792455764381,0.999999999998975
M4,7.625,-0.000523458372339608,0.988560072695943,0.99999999999883
M4,7.63,-0.000527884221893697,0.981130207347383,0.999999999998658
M4,7.635,-0.000530288404944958,0.973585958471815,0.999999999998475
M4,7.64,-0.000530939599947998,0.966457979850527,0.999999999998287
M4,7.645,-0.000530069758477218,0.960154068343726,0.999999999998101
M4,7.65,-0.00052759844484797,0.954945828432671,0.999999999997928
M4,7.655,-0.00052379853017999,0.950774807137114,0.999999999997768
M4,7.66,-0.000519021059671974,0.947667272466132,0.99999999999763
M4,7.665,-0.000513440821610975,0.945454896974503,0.999999999997513
M4,7.67,-0.000507457396695464,0.944006002592243,0.999999999997418
M4,7.675,-0.000501264146326236,0.943177426723317,0.999999999997347
M4,7.68,-0.000495087132151427,0.942825840842438,0.999999999997296
M4,7.685,-0.000489563970946157,0.942829593592207,0.999999999997267
M4,7.69,-0.000484699890787946,0.94308164152267,0.999999999997254
M4,7.695,-0.000481030347842278,0.943492578716057,0.999999999997256
M4,7.7,-0.000479023244821578,0.943993725932339,0.999999999997271
M4,7.705,-0.000478754799727553,0.944524766085564,0.999999999997296
M4,7.71,-0.000480866199742939,0.945047654508509,0.999999999997328
M4,7.715,-0.000485576405245328,0.945535416995865,0.999999999997366
M4,7.72,-0.000493134956842415,0.945953095791323,0.999999999997407
M4,7.725,-0.000504224146225351,0.946309901985889,0.999999999997448
M4,7.73,-0.000518922235491789,0.946585167663412,0.999999999997488
M4,7.735,-0.000537651649466921,0.94677062538462,0.999999999997525
M4,7.74,-0.000560833216476231,0.946888812756876,0.999999999997556
M4,7.745,-0.000588621444617166,0.946925234208171,0.999999999997581
M4,7.75,-0.00062150074574145,0.946891609970161,0.999999999997598
M4,7.755,-0.000659718419750696,0.946803039158641,0.999999999997608
M4,7.76,-0.000703444668733972,0.946650238800092,0.999999999997609
M4,7.765,-0.000753231260932699,0.946460950025369,0.999999999997602
M4,7.77,-0.000809134962184152,0.946232884445269,0.999999999997587
M4,7.775,-0.000871390193897423,0.945968666088294,0.999999999997564
M4,7.78,-0.000940506825873665,0.945689758304292,0.999999999997534
M4,7.785,-0.00101642229370218,0.945392684785272,0.999999999997497
M4,7.79,-0.00109945474934681,0.945084766532898,0.999999999997452
M4,7.795,-0.00118998690541397,0.944778920861515,0.9999999999974
M4,7.8,-0.00128780141297925,0.944474242396026,0.999999999997339
M4,7.805,-0.00139347033120944,0.94417981686417,0.999999999997267
M4,7.81,-0.00150713909735752,0.94390094672636,0.999999999997183
M4,7.815,-0.00162856901429905,0.943639855876897,0.999999999997083
M4,7.82,-0.00175859949467589,0.943404151153124,0.999999999996963
M4,7.825,-0.00189681978646173,0.943196585990859,0.999999999996816
M4,7.83,-0.00204309861953445,0.9430212168287,0.999999999996637
M4,7.835,-0.00219840800222571,0.942882940808412,0.999999999996413
M4,7.84,-0.00236207168969663,0.942785371700569,0.999999999996129
M4,7.845,-0.00253426806649317,0.942732566013656,0.999999999995766
M4,7.85,-0.00271559095393918,0.942728587236624,0.999999999995295
M4,7.855,-0.00290516314866076,0.942777403526791,0.999999999994676
M4,7.86,-0.00310374962824175,0.942883193453437,0.999999999993853
M4,7.865,-0.00331126459116714,0.943050101887569,0.999999999992744
M4,7.87,-0.00352681184967341,0.943281437403594,0.999999999991232
M4,7.875,-0.00375131135345869,0.943582379123993,0.999999999989155
M4,7.88,-0.003984695160087,0.943957058960467,0.999999999986284
M4,7.885,-0.004226630734036,0.944409269596827,0.999999999982317
M4,7.89,-0.00447670632682524,0.944943469571739,0.99999999997689
M4,7.895,-0.00473575359232744,0.94555644595284,0.999999999969688
M4,7.9,-0.00500225463309404,0.946264665982427,0.999999999960565
M4,7.905,-0.00527225318274318,0.947068843945509,0.999999999950059
M4,7.91,-0.00555709415522589,0.947985821741562,0.999999999940551
M4,7.915,-0.00584615852910623,0.948992314469884,0.999999999936026
M4,7.92,-0.00614194266490278,0.950111066184746,0.999999999941687
M4,7.925,-0.00644390217698842,0.951347922915841,0.999999999959035
M4,7.93,-0.00675146939581946,0.952710581533899,0.999999999980648
M4,7.935,-0.00706380440650582,0.954201035273236,0.99999999999455
M4,7.94,-0.00738037415153432,0.955821843373799,0.999999999998301
M4,7.945,-0.00770055822552832,0.957555027099008,0.99999999999703
M4,7.95,-0.00802407712555321,0.959389370959442,0.999999999987249
M4,7.955,-0.00835086268860017,0.961313791993253,0.99999999996541
M4,7.96,-0.00868023647872526,0.963316073573375,0.999999999942659
M4,7.965,-0.00901166764817799,0.965396566150649,0.999999999932299
M4,7.97,-0.00934416917272637,0.967548268659511,0.999999999936122
M4,7.975,-0.00967663719776544,0.969766173079556,0.99999999994779
M4,7.98,-0.0100082198918703,0.972043449653861,0.999999999960904
M4,7.985,-0.0103376451958557,0.974364969906568,0.999999999972126
M4,7.99,-0.0106640003368094,0.97671861237541,0.99999999998056
M4,7.995,-0.0109859743549676,0.979082572394133,0.999999999986493
M4,8,-0.0113024720458419,0.981437299835896,0.999999999990529
M4,8.005,-0.0116122481206738,0.983760457016449,0.99999999999324
M4,8.01,-0.0119140627754794,0.986027893986056,0.99999999999506
M4,8.015,-0.0122061500690985,0.988220907196536,0.99999999999629
M4,8.02,-0.0124874559695387,0.990309398104872,0.999999999997134
M4,8.025,-0.0127575953120951,0.99224581352609,0.999999999997721
M4,8.03,-0.0130126900551217,0.994043974849143,0.999999999998136
M4,8.035,-0.013257414583611,0.995610047302117,0.999999999998434
M4,8.04,-0.0134829760032497,0.996992657957672,0.999999999998651
M4,8.045,-0.0136912362029835,0.998140622661147,0.999999999998811
M4,8.05,-0.0138836207695624,0.999021654175552,0.999999999998929
M4,8.055,-0.0140518998198494,0.999635283773137,0.999999999999018
M4,8.06,-0.0142031372203287,0.999952395735782,0.999999999999084
M4,8.065,-0.0143286132515474,0.999969480532656,0.999999999999133
M4,8.07,-0.0144332027624178,0.999678050452659,0.999999999999168
M4,8.075,-0.0145154193477564,0.999078549194155,0.999999999999192
M4,8.08,-0.0145668085732158,0.998164121433423,0.999999999999206
M4,8.085,-0.0145960691421264,0.996954361816302,0.999999999999213
M4,8.09,-0.014581453077965,0.995419346623892,0.999999999999211
M4,8.095,-0.0145758573715933,0.993693830450717,0.999999999999203
M4,8.1,-0.0145044223171954,0.991633037373542,0.999999999999187
M4,8.105,-0.0144390470730005,0.989413723237058,0.999999999999163
M4,8.11,-0.0143232153873709,0.986955948069098,0.99999999999913
M4,8.115,-0.0141914403690945,0.98434762599045,0.999999999999086
M4,8.12,-0.0140536741557628,0.981658204657355,0.999999999999033
M4,8.125,-0.0138674801803847,0.978811098490897,0.999999999998965
M4,8.13,-0.0136478550904241,0.975894152658612,0.999999999998885
M4,8.135,-0.0134272251511889,0.972986434569245,0.999999999998794
M4,8.14,-0.0131644983405019,0.970055125409846,0.999999999998694
M4,8.145,-0.0128862109972745,0.967173768356433,0.999999999998592
M4,8.15,-0.0125853174545259,0.964360291041881,0.999999999998493
M4,8.155,-0.0122581944418711,0.961567837049897,0.999999999998403
M4,8.16,-0.0119237312152265,0.959012610333122,0.999999999998332
M4,8.165,-0.0115802110862234,0.956634660634197,0.99999999999828
M4,8.17,-0.0112040390403903,0.95430444062465,0.999999999998242
M4,8.175,-0.0108248989451697,0.952232635626151,0.999999999998218
M4,8.18,-0.0104431703881572,0.950386036944861,0.999999999998204
M4,8.185,-0.0100553333595514,0.948739114665963,0.999999999998191
M4,8.19,-0.00965128328555809,0.947283234551633,0.999999999998177
M4,8.195,-0.00924669803414624,0.946029576807611,0.99999999999816
M4,8.2,-0.00884271597914139,0.944991879545894,0.999999999998139
M4,8.205,-0.00843655831126059,0.944160523493996,0.999999999998113
M4,8.21,-0.00803364176118456,0.943519463164876,0.999999999998084
M4,8.215,-0.00763413577984339,0.943062086126838,0.999999999998052
M4,8.22,-0.00723964779519643,0.942773339638272,0.999999999998021
M4,8.225,-0.00685454849435957,0.942635337807423,0.999999999997991
M4,8.23,-0.00647708178584549,0.942630664891291,0.999999999997964
M4,8.235,-0.00610605089134418,0.942738524885752,0.999999999997943
M4,8.24,-0.00575032099730391,0.942940712944672,0.999999999997927
M4,8.245,-0.00541037478243461,0.943217131250334,0.999999999997918
M4,8.25,-0.00508053695686249,0.943546060835172,0.999999999997916
M4,8.255,-0.00477051085825143,0.943911726466799,0.999999999997922
M4,8.26,-0.00447070652247991,0.944290778434734,0.999999999997933
M4,8.265,-0.00419041628716934,0.944670257831302,0.999999999997947
M4,8.27,-0.00392372538459755,0.945034159458075,0.999999999997963
M4,8.275,-0.0036767872532736,0.945366700824549,0.999999999997978
M4,8.28,-0.00344531979322054,0.945665540395458,0.99999999999799
M4,8.285,-0.00323188820320747,0.945909615706554,0.999999999997999
M4,8.29,-0.00303612131749339,0.946105970949285,0.999999999998008
M4,8.295,-0.00285716599939956,0.94624094721199,0.999999999998018
M4,8.3,-0.00269615494890145,0.946313682596602,0.999999999998033
M4,8.305,-0.00255146256092094,0.946333818598499,0.999999999998056
M4,8.31,-0.00242395842978856,0.946281855420935,0.999999999998086
M4,8.315,-0.0023122816047384,0.946194151493261,0.999999999998124
M4,8.32,-0.00221668036651078,0.946032366828016,0.999999999998166
M4,8.325,-0.00213607221678566,0.945854047933565,0.99999999999821
M4,8.33,-0.00207050373609838,0.945608720315202,0.999999999998254
M4,8.335,-0.00201852788437596,0.945366087485336,0.999999999998295
M4,8.34,-0.00198037931042372,0.945076726950359,0.999999999998334
M4,8.345,-0.00195483736806662,0.944789069043508,0.999999999998368
M4,8.35,-0.00194145522025249,0.944487895798929,0.999999999998397
M4,8.355,-0.00193997215626571,0.944185040870344,0.999999999998422
M4,8.36,-0.00194824820812967,0.94390236498224,0.999999999998443
M4,8.365,-0.00196850230291916,0.943614841383562,0.99999999999846
M4,8.37,-0.0019955439220344,0.943377865252352,0.999999999998473
M4,8.375,-0.00203232808957216,0.943160655350259,0.999999999998482
M4,8.38,-0.00207662795094614,0.942983116558377,0.999999999998489
M4,8.385,-0.00212796257760484,0.942848199334953,0.999999999998495
M4,8.39,-0.00218565758733191,0.942761171823824,0.999999999998498
M4,8.395,-0.00224897541864459,0.942726471731939,0.999999999998501
M4,8.4,-0.00231742813425161,0.942748238934329,0.999999999998502
M4,8.405,-0.00239034040143105,0.942830794609618,0.999999999998504
M4,8.41,-0.00246690068253978,0.94297684665833,0.999999999998506
M4,8.415,-0.00254700674496723,0.943192240947491,0.999999999998508
M4,8.42,-0.00262918019741153,0.943474220677332,0.99999999999851
M4,8.425,-0.00271399109684958,0.943834149123355,0.999999999998514
M4,8.43,-0.00280001893917193,0.944266602285966,0.999999999998518
M4,8.435,-0.00288692770557029,0.944775256144369,0.999999999998523
M4,8.44,-0.0029744939058776,0.945366304387785,0.99999999999853
M4,8.445,-0.00306213531954539,0.946039195047394,0.999999999998537
M4,8.45,-0.00314932348718668,0.946793997566349,0.999999999998546
M4,8.455,-0.00323576920542397,0.947635716550172,0.999999999998556
M4,8.46,-0.003321051632947,0.948565588548758,0.999999999998568
M4,8.465,-0.00340475298716349,0.949582803752113,0.999999999998581
M4,8.47,-0.00348665708749501,0.950692619689047,0.999999999998595
M4,8.475,-0.0035662246357966,0.951891375931588,0.999999999998611
M4,8.48,-0.00364337221694979,0.953183144682536,0.999999999998628
M4,8.485,-0.00371761207632508,0.954566090706113,0.999999999998647
M4,8.49,-0.00378886514150228,0.956041852163387,0.999999999998667
M4,8.495,-0.0038567604519305,0.957608080725842,0.999999999998688
M4,8.5,-0.00392113471663571,0.959264004882025,0.999999999998711
M4,8.505,-0.00398176593682016,0.961006910314578,0.999999999998734
M4,8.51,-0.00403841823165592,0.962832709178668,0.999999999998759
M4,8.515,-0.00409102046784167,0.964737978622734,0.999999999998784
M4,8.52,-0.00413928163211126,0.966715038824993,0.999999999998811
M4,8.525,-0.00418316502226388,0.968757800129018,0.999999999998838
M4,8.53,-0.00422258653676738,0.97085785558448,0.999999999998865
M4,8.535,-0.00425748669519412,0.973005239833289,0.999999999998893
M4,8.54,-0.00428710284898211,0.975179377122992,0.99999999999892
M4,8.545,-0.00431211566928398,0.977376247486143,0.999999999998948
M4,8.55,-0.00433235528449991,0.979578723751682,0.999999999998976
M4,8.555,-0.00434687068971503,0.981759031820692,0.999999999999003
M4,8.56,-0.00435698091840236,0.983916305585243,0.99999999999903
M4,8.565,-0.00436183020271786,0.986019919307126,0.999999999999056
M4,8.57,-0.00436104973575005,0.98804594871319,0.999999999999081
M4,8.575,-0.00435556241611788,0.989986134283166,0.999999999999106
M4,8.58,-0.00434468751070051,0.991808529783958,0.999999999999129
M4,8.585,-0.00432906160119779,0.993487530061868,0.999999999999152
M4,8.59,-0.00430908026797471,0.995012195474358,0.999999999999174
M4,8.595,-0.00428112182039491,0.996376477739489,0.999999999999194
M4,8.6,-0.00424822055450173,0.997545596342342,0.999999999999213
M4,8.605,-0.0042114565053123,0.998497469600932,0.999999999999232
M4,8.61,-0.00417005579010507,0.999226561741716,0.99999999999925
M4,8.615,-0.00412217377331424,0.999721365617562,0.999999999999267
M4,8.62,-0.00406995646668166,0.999970025199256,0.999999999999283
M4,8.625,-0.00401259634816146,0.999966021158128,0.999999999999298
M4,8.63,-0.0039504509705994,0.999704716162328,0.999999999999314
M4,8.635,-0.00388347355942483,0.999184140444251,0.999999999999328
M4,8.64,-0.00381180218068314,0.99840480242679,0.999999999999342
M4,8.645,-0.00373554014409005,0.997369661804732,0.999999999999357
M4,8.65,-0.00365481253176324,0.996084139953574,0.999999999999371
M4,8.655,-0.00356976653363111,0.994555892893262,0.999999999999385
M4,8.66,-0.00348055837652262,0.992794762744831,0.9999999999994
M4,8.665,-0.00338736604076675,0.990812673418934,0.999999999999414
M4,8.67,-0.00329034452720668,0.988623994843839,0.999999999999429
M4,8.675,-0.00318981928877173,0.986245147535925,0.999999999999443
M4,8.68,-0.00308589891788884,0.983690452283547,0.999999999999455
M4,8.685,-0.00297893017606254,0.980984240112338,0.999999999999465
M4,8.69,-0.00286920652834114,0.978148466599691,0.999999999999469
M4,8.695,-0.00275691565285763,0.975202118346389,0.999999999999464
M4,8.7,-0.00264252123723411,0.972178255501355,0.999999999999441
M4,8.705,-0.00252638877165267,0.969105564200065,0.999999999999388
M4,8.71,-0.00240875430153056,0.966009780006153,0.999999999999283
M4,8.715,-0.00229022008167151,0.962933545122697,0.999999999999091
M4,8.72,-0.00217114002424908,0.959910701544726,0.999999999998753
M4,8.725,-0.00205127110737766,0.956959802317972,0.999999999998174
M4,8.73,-0.00193342376218539,0.954197830990724,0.999999999997205
M4,8.735,-0.00181508504152533,0.951581876542991,0.99999999999562
M4,8.74,-0.00169939082321845,0.949229121482671,0.999999999993091
M4,8.745,-0.00158569390587319,0.947147515137518,0.99999999998924
M4,8.75,-0.00147528674753644,0.945429135673947,0.999999999983716
M4,8.755,-0.0013686947306413,0.944105913435588,0.999999999976609
M4,8.76,-0.00126572466591942,0.943204623846429,0.999999999969247
M4,8.765,-0.00116777694008294,0.942772682460557,0.999999999964685
M4,8.77,-0.00107547339867386,0.942833342580359,0.999999999967098
M4,8.775,-0.000989500108139602,0.943387314473106,0.999999999977923
M4,8.78,-0.000910544470432527,0.944408852510054,0.999999999991275
M4,8.785,-0.000839379340343187,0.945854998530607,0.999999999998032
M4,8.79,-0.000775975025291785,0.947606899122515,0.999999999998158
M4,8.795,-0.000721108954977112,0.949580174545851,0.999999999998286
M4,8.8,-0.00067506339186009,0.951612824756938,0.999999999994018
M4,8.805,-0.000638166613828857,0.953514589252283,0.999999999975687
M4,8.81,-0.000610768866672386,0.955076717506096,0.999999999948704
M4,8.815,-0.000593157088215956,0.956090790866364,0.99999999992885
M4,8.82,-0.000585139873153959,0.95638973173714,0.999999999925052
M4,8.825,-0.000586863443137696,0.955891040981435,0.99999999993383
M4,8.83,-0.000598209266153657,0.954605659115061,0.999999999948155
M4,8.835,-0.00061881530432932,0.952657496535877,0.999999999962417
M4,8.84,-0.000648113582433473,0.950281165776053,0.999999999974019
M4,8.845,-0.000685529324333046,0.947781862484838,0.999999999982437
M4,8.85,-0.000730335966185417,0.945497960069985,0.999999999988133
M4,8.855,-0.00078153873035075,0.94375652326856,0.999999999991826
M4,8.86,-0.000838450428567457,0.942836838407273,0.999999999994161
M4,8.865,-0.000899940577649611,0.942939690266264,0.999999999995624
M4,8.87,-0.000964960644496468,0.944176558994749,0.999999999996541
M4,8.875,-0.00103241163105255,0.94656588245655,0.999999999997123
M4,8.88,-0.00110116955143085,0.950041115805863,0.999999999997497
M4,8.885,-0.00116847384927835,0.954454230247013,0.999999999997744
M4,8.89,-0.00123801107901155,0.959632711879198,0.999999999997908
M4,8.895,-0.00130219946124345,0.965297131912152,0.99999999999802
M4,8.9,-0.00136609510191931,0.971232286747207,0.999999999998094
M4,8.905,-0.0014272015556379,0.977189774786695,0.999999999998141
M4,8.91,-0.00148000288335093,0.98279685418608,0.999999999998169
M4,8.915,-0.0015303078888396,0.987939355942067,0.999999999998181
M4,8.92,-0.00157585255082509,0.992386955267207,0.999999999998179
M4,8.925,-0.0016117125914689,0.995855220597937,0.999999999998168
M4,8.93,-0.00164527605281415,0.998366463308307,0.999999999998146
M4,8.935,-0.00166943796226547,0.999728155229619,0.999999999998117
M4,8.94,-0.00168743203472521,0.999945827876769,0.999999999998082
M4,8.945,-0.0016982544500116,0.999042375418482,0.999999999998041
M4,8.95,-0.00170249920832289,0.997085178672637,0.999999999997995
M4,8.955,-0.00170066557309534,0.994180840893467,0.999999999997945
M4,8.96,-0.00169218145966554,0.990475334688543,0.999999999997891
M4,8.965,-0.00167825426262063,0.986134587169906,0.999999999997836
M4,8.97,-0.00165892409266177,0.981343539735699,0.999999999997779
M4,8.975,-0.00163435618082872,0.976302334762084,0.99999999999772
M4,8.98,-0.00160574317255624,0.971187971786931,0.999999999997662
M4,8.985,-0.00157302555375979,0.966190596633914,0.999999999997605
M4,8.99,-0.00153657842008583,0.961477347794208,0.999999999997552
M4,8.995,-0.00149776276300505,0.957159440231652,0.999999999997501
M4,9,-0.00145608660743973,0.953367482632419,0.999999999997454
M4,9.005,-0.00141282517493605,0.950153503542903,0.999999999997415
M4,9.01,-0.0013681458552698,0.94755826206809,0.999999999997383
M4,9.015,-0.00132244867570639,0.945580813618173,0.999999999997358
M4,9.02,-0.00127668019459764,0.944181402058813,0.999999999997344
M4,9.025,-0.00123075196261267,0.943306454876421,0.999999999997339
M4,9.03,-0.00118543753198987,0.942872317111839,0.999999999997345
M4,9.035,-0.00114108778265042,0.942787428064554,0.999999999997361
M4,9.04,-0.00109799125648691,0.942955360176218,0.999999999997387
M4,9.045,-0.00105687531030521,0.943283928789506,0.999999999997422
M4,9.05,-0.00101726492639536,0.943688286787498,0.999999999997464
M4,9.055,-0.000980419646660932,0.944101255994945,0.999999999997513
M4,9.06,-0.000945949467036298,0.944470168459428,0.999999999997567
M4,9.065,-0.000914613216569065,0.944759750483197,0.999999999997623
M4,9.07,-0.000886177441346508,0.944953661110617,0.999999999997681
M4,9.075,-0.000861328795184864,0.945042045436449,0.999999999997738
M4,9.08,-0.000839948921037167,0.945034087542043,0.999999999997793
M4,9.085,-0.000822458992714847,0.94493810900019,0.999999999997844
M4,9.09,-0.000808813209585723,0.94477602895204,0.999999999997891
M4,9.095,-0.000799360689138923,0.944561351438598,0.999999999997933
M4,9.1,-0.000794090698390604,0.944317684690904,0.999999999997967
M4,9.105,-0.000793239328091417,0.944058409427236,0.999999999997995
M4,9.11,-0.000796841036761479,0.943801551084494,0.999999999998014
M4,9.115,-0.000805068458354285,0.943557281788062,0.999999999998024
M4,9.12,-0.000817846816731145,0.943340768503992,0.999999999998025
M4,9.125,-0.000835455931483048,0.943151977576067,0.999999999998015
M4,9.13,-0.000857802947122953,0.9430012801014,0.999999999997995
M4,9.135,-0.000885069926739638,0.942886972068581,0.999999999997964
M4,9.14,-0.000917175633645208,0.942813050873707,0.999999999997921
M4,9.145,-0.000954280807062449,0.942776908467546,0.999999999997864
M4,9.15,-0.000996333037308274,0.94277787111933,0.999999999997795
M4,9.155,-0.001043389462282,0.942813198597834,0.999999999997711
M4,9.16,-0.00109547721226927,0.942880001822639,0.999999999997614
M4,9.165,-0.00115257047128874,0.942974487061705,0.999999999997502
M4,9.17,-0.00121474370893576,0.943094116043881,0.999999999997378
M4,9.175,-0.00128191173336105,0.943233818685162,0.999999999997245
M4,9.18,-0.00135418137346344,0.943392211201846,0.999999999997105
M4,9.185,-0.00143152662428658,0.943562464886222,0.999999999996965
M4,9.19,-0.00151424984479843,0.943741001086193,0.999999999996829
M4,9.195,-0.00160137096571676,0.943933918865212,0.999999999996723
M4,9.2,-0.00169364931432554,0.944133277619325,0.999999999996651
M4,9.205,-0.00179113250996395,0.944331622566111,0.999999999996627
M4,9.21,-0.00189283760647657,0.944539142800743,0.999999999996685
M4,9.215,-0.00200007131323157,0.944742142407836,0.999999999996816
M4,9.22,-0.00211226986000403,0.944940993779944,0.999999999997031
M4,9.225,-0.00222944932626034,0.945137654959441,0.999999999997318
M4,9.23,-0.00235100225085083,0.94533313686428,0.999999999997659
M4,9.235,-0.00247774791621274,0.945523656073259,0.999999999998008
M4,9.24,-0.00260889784307568,0.945708289212462,0.99999999999833
M4,9.245,-0.00274521683187961,0.945890205782446,0.999999999998583
M4,9.25,-0.00288593831998339,0.946069012968988,0.99999999999875
M4,9.255,-0.00303198569840368,0.946249735993896,0.999999999998826
M4,9.26,-0.00318093483988664,0.946399243057344,0.999999999998811
M4,9.265,-0.00333540375120383,0.946561063305652,0.999999999998697
M4,9.27,-0.00349434916248039,0.946718845059481,0.999999999998473
M4,9.275,-0.00365816137439433,0.94687718559219,0.999999999998128
M4,9.28,-0.00382602867849003,0.947029883926733,0.999999999997673
M4,9.285,-0.00399806971386037,0.947181413663312,0.999999999997145
M4,9.29,-0.00417435453200952,0.947334814533018,0.999999999996609
M4,9.295,-0.00435624664469667,0.947496772524757,0.99999999999614
M4,9.3,-0.00454154162007351,0.94765970554309,0.999999999995775
M4,9.305,-0.00473022639916446,0.947829006426176,0.99999999999554
M4,9.31,-0.00492369795209552,0.948010039246748,0.999999999995444
M4,9.315,-0.00512227696832245,0.948203582745408,0.999999999995466
M4,9.32,-0.0053236088793564,0.948411743214656,0.999999999995567
M4,9.325,-0.0055277847114133,0.948639404994256,0.999999999995717
M4,9.33,-0.00573845635236366,0.94888601324675,0.9999999999959
M4,9.335,-0.00595047528670201,0.949162214057934,0.999999999996086
M4,9.34,-0.00616852074331126,0.949461427814487,0.999999999996263
M4,9.345,-0.00638731350659629,0.949799248723583,0.99999999999642
M4,9.35,-0.00661234671620244,0.950166902841693,0.999999999996553
M4,9.355,-0.00683832398976671,0.950585077393654,0.99999999999666
M4,9.36,-0.00707002690209739,0.951040203741599,0.999999999996741
M4,9.365,-0.00730233640249732,0.951556851954954,0.999999999996797
M4,9.37,-0.00753995961306,0.952120238946539,0.999999999996831
M4,9.375,-0.00777834922653839,0.952755707100988,0.999999999996845
M4,9.38,-0.00802117545814277,0.953450344149746,0.99999999999684
M4,9.385,-0.00826981942954027,0.954200264495418,0.999999999996821
M4,9.39,-0.00852414706472794,0.955008480621728,0.99999999999679
M4,9.395,-0.00876116410129979,0.956017060412304,0.999999999996757
M4,9.4,-0.00902377451826645,0.95696706277465,0.999999999996718
M4,9.405,-0.00927137751007441,0.958103083144673,0.999999999996689
M4,9.41,-0.00952331211595281,0.959319881421642,0.999999999996673
M4,9.415,-0.00978719245437441,0.960568417607319,0.999999999996674
M4,9.42,-0.0100223499920378,0.962119543456534,0.999999999996707
M4,9.425,-0.0102805710298274,0.963639226443298,0.999999999996763
M4,9.43,-0.0105424837892301,0.965233984611073,0.999999999996841
M4,9.435,-0.0108053706172891,0.966907942726146,0.999999999996931
M4,9.44,-0.0110519412681954,0.968749602309813,0.999999999997017
M4,9.445,-0.0113071685438102,0.970619814626111,0.999999999997077
M4,9.45,-0.0115488485024005,0.972627619212298,0.999999999997092
M4,9.455,-0.0118043812377826,0.974658394265132,0.999999999997047
M4,9.46,-0.0120548491949963,0.976732537780029,0.999999999996935
M4,9.465,-0.0122893000141375,0.978862441434809,0.999999999996755
M4,9.47,-0.012529016905625,0.980998584700333,0.999999999996522
M4,9.475,-0.0127594503681932,0.983138719020487,0.999999999996263
M4,9.48,-0.0129832891516632,0.985258334210073,0.999999999996016
M4,9.485,-0.0131996206552339,0.987334114740234,0.999999999995811
M4,9.49,-0.0134086567197591,0.989343236746349,0.999999999995666
M4,9.495,-0.013605256155086,0.991261551532153,0.999999999995588
M4,9.5,-0.013792200108445,0.99306473901973,0.999999999995569
M4,9.505,-0.0139671241718057,0.99472091418792,0.999999999995605
M4,9.51,-0.0141279286258569,0.996205206031814,0.999999999995699
M4,9.515,-0.0142718350871949,0.997490978751456,0.999999999995869
M4,9.52,-0.0143913783847426,0.998530572464149,0.999999999996145
M4,9.525,-0.0144978761379281,0.999320589649452,0.999999999996391
M4,9.53,-0.0145840900040631,0.999819716548574,0.999999999994293
M4,9.535,-0.0146378351911741,0.999999659079282,0.99999999994819
M4,9.54,-0.0146418879476425,0.999829858571448,0.999999997401921
M4,9.545,-0.0133836653491293,0.996990802567429,0.999945959750645
M4,9.55,-0.0074712805888635,0.961242596317077,0.999999979394605
M4,9.555,-0.00731785532638193,0.9617721298785,0.99999999976067
M4,9.56,-0.00722026791455269,0.961220595587517,0.999999999976648
M4,9.565,-0.0071312364772302,0.960513336460343,0.999999999993803
M4,9.57,-0.00704524827714693,0.959695265012678,0.99999999999687
M4,9.575,-0.00696212822286248,0.958836305156219,0.999999999997697
M4,9.58,-0.00688039995551167,0.957902314976224,0.999999999997954
M4,9.585,-0.00680058707018108,0.956908946614843,0.99999999999802
M4,9.59,-0.00673686603404614,0.955958755471888,0.999999999997972
M4,9.595,-0.00664711591665814,0.954750160567746,0.999999999997956
M4,9.6,-0.00659489215702262,0.953750100437889,0.999999999997839
M4,9.605,-0.00650206010989683,0.952371191559443,0.999999999997854
M4,9.61,-0.00642995593594034,0.95108372242162,0.999999999997866
M4,9.615,-0.00637110622042474,0.949848199834967,0.999999999997871
M4,9.62,-0.0062981049932257,0.948480117778759,0.999999999998013
M4,9.625,-0.0062397345292986,0.947202036320985,0.999999999998199
M4,9.63,-0.00616992383110655,0.945895792572633,0.999999999998519
M4,9.635,-0.00611168652807991,0.944741709465645,0.999999999998874
M4,9.64,-0.00605259581644274,0.943744312553217,0.999999999999257
M4,9.645,-0.00599636916728593,0.943009190111772,0.999999999999489
M4,9.65,-0.00594675343777058,0.942638180766385,0.999999999999229
M4,9.655,-0.0058980068643767,0.942726560746016,0.999999999997834
M4,9.66,-0.00585182830033939,0.943362268659851,0.999999999994143
M4,9.665,-0.00580655738844373,0.94456645624161,0.999999999986133
M4,9.67,-0.00576282179026207,0.946209464463367,0.999999999970306
M4,9.675,-0.00571927504749688,0.947950584578836,0.999999999941582
M4,9.68,-0.00567507140584386,0.949212550293468,0.999999999892876
M4,9.685,-0.00562967095776545,0.949354347556048,0.999999999814214
M4,9.69,-0.00557659876128804,0.948035825007408,0.99999999969483
M4,9.695,-0.00551685532806772,0.945613816149907,0.999999999526189
M4,9.7,-0.00546697225233983,0.943322519210924,0.999999999304264
M4,9.705,-0.00537097447873219,0.942226650251961,0.999999999026108
M4,9.71,-0.00527676830361967,0.943297099294271,0.999999998701266
M4,9.715,-0.00514531948672005,0.946606552096152,0.999999998338026
M4,9.72,-0.00498341731795857,0.951654801664388,0.999999997935669
M4,9.725,-0.0047344971733204,0.957935141293779,0.999999997497123
M4,9.73,-0.00442437344612701,0.964586675428397,0.999999996933137
M4,9.735,-0.00398523068876817,0.971365767174957,0.999999995823959
M4,9.74,-0.00342302384658035,0.978057669295969,0.999999983059343
M4,9.745,0.126481956788283,0.999128496297289,0.999523308346054
M4,9.75,-0.00468199776835632,0.94252867578217,0.999999841785925
M4,9.755,-0.00463921869258535,0.942601028944545,0.999999996265853
M4,9.76,-0.00461363963166062,0.942577688399599,0.999999997529356
M4,9.765,-0.00470592336213209,0.942798847416318,0.999999281418854
M4,9.77,-0.00586067508724136,0.975372375528592,0.999997165540798
M4,9.775,-0.005918701167379,0.981959267512638,0.999999985708724
M4,9.78,-0.00581459621803075,0.984710174651058,0.99999999916262
M4,9.785,-0.00569792671249711,0.986993945313662,0.999999999862252
M4,9.79,-0.00558032952128367,0.989029593690589,0.999999999960106
M4,9.795,-0.00546407102443151,0.990861849434264,0.999999999983395
M4,9.8,-0.00534978541827411,0.99250626284617,0.999999999991147
M4,9.805,-0.00523763018625013,0.993972116253659,0.999999999994395
M4,9.81,-0.00512758875199798,0.995266024083989,0.999999999996004
M4,9.815,-0.00501963058551182,0.996393606141876,0.999999999996906
M4,9.82,-0.00491362682290949,0.997360062812956,0.999999999997463
M4,9.825,-0.00480950696753317,0.998169970190978,0.999999999997834
M4,9.83,-0.00470715446140371,0.998827486489917,0.999999999998096
M4,9.835,-0.00460639555718212,0.999336403972961,0.99999999999829
M4,9.84,-0.00450716852869326,0.99969968568614,0.999999999998438
M4,9.845,-0.00440934688043413,0.999920047493044,0.999999999998555
M4,9.85,-0.00431281118674743,0.999999651292598,0.999999999998649
M4,9.855,-0.0042173232427259,0.999940160299392,0.999999999998726
M4,9.86,-0.00412321440209974,0.999742984654121,0.999999999998791
M4,9.865,-0.00402972335695615,0.999408917099252,0.999999999998844
M4,9.87,-0.0039375889543036,0.998939029273196,0.99999999999889
M4,9.875,-0.00384599697524949,0.99833358718169,0.999999999998929
M4,9.88,-0.0037553869226393,0.99759329369718,0.999999999998962
M4,9.885,-0.00366549660661567,0.996718574672039,0.99999999999899
M4,9.89,-0.00357611446948521,0.995710750687726,0.999999999999014
M4,9.895,-0.00348758273179756,0.994570223300802,0.999999999999033
M4,9.9,-0.0033994121050315,0.99329997256531,0.999999999999051
M4,9.905,-0.0033119886732157,0.991901205735604,0.999999999999065
M4,9.91,-0.00322503581218062,0.990378198807,0.999999999999077
M4,9.915,-0.00313824350563899,0.988737799629996,0.999999999999087
M4,9.92,-0.0030522021280422,0.986981676119413,0.999999999999094
M4,9.925,-0.00296718666617764,0.985114604977262,0.999999999999101
M4,9.93,-0.00288205186508888,0.98315422448642,0.999999999999106
M4,9.935,-0.00279835579194876,0.98109599681697,0.999999999999109
M4,9.94,-0.00271471097505682,0.97896577404528,0.999999999999112
M4,9.945,-0.00263147463234349,0.976772873855985,0.999999999999114
M4,9.95,-0.0025488751000314,0.974530081373068,0.999999999999114
M4,9.955,-0.00246723867535448,0.97224897967627,0.999999999999115
M4,9.96,-0.00238610910559643,0.969953918871224,0.999999999999115
M4,9.965,-0.00230581155604516,0.967658293384647,0.999999999999114
M4,9.97,-0.00222633428367946,0.965378273077379,0.999999999999114
M4,9.975,-0.0021477949644009,0.963131778340811,0.999999999999113
M4,9.98,-0.00207017231096258,0.960941112872785,0.999999999999111
M4,9.985,-0.00199353762108922,0.958821593052622,0.999999999999109
M4,9.99,-0.0019180913100749,0.956785902177793,0.999999999999109
M4,9.995,-0.001843739131296,0.95485248020637,0.999999999999107
M4,10,-0.00177077811225518,0.953033203522514,0.999999999999105
