example,time,sigma,condition,direct,stable,gradient,gradientstable,difference
1,0,0.417336482993595,5.65828773493962,1.11803398487959e-20,1.11803398487959e-20,2.01556443260221e-20,2.01556442924025e-20,1e-20
1,0.01,0.425770128253799,5.52617849790515,2.86013536918564e-17,2.86013536918564e-17,6.16621206144453e-17,6.16621206144453e-17,1e-20
1,0.02,0.43371276369231,5.40457891124236,2.36432223382051e-16,2.36432223382051e-16,3.18667151690126e-16,3.18667151690132e-16,1e-20
1,0.03,0.441153674999877,5.29272597803475,2.08203128183457e-17,2.08203128183457e-17,3.7697645968166e-17,3.76976459682034e-17,1e-20
1,0.04,0.448089505020663,5.18988626903811,2.42893795777265e-17,2.42893795777265e-17,4.40864335561266e-17,4.40864335560892e-17,1e-20
1,0.05,0.454522110407753,5.09538060375826,2.86183647913433e-17,2.86183647913433e-17,6.11451670681166e-17,6.11451670681089e-17,1e-20
1,0.06,0.460456787151861,5.00859914712118,1.16318877892159e-16,1.16318877892159e-16,1.56214329410141e-16,1.56214329410141e-16,1e-20
1,0.07,0.465900905352903,4.92900946184704,1.38874169547898e-17,1.38874169547898e-17,2.84858937625141e-17,2.84858937625472e-17,1e-20
1,0.08,0.470862925172321,4.85616000857422,2.08188058942424e-17,2.08188058942424e-17,3.83147667061752e-17,3.83147667061752e-17,1e-20
1,0.09,0.475351731065876,4.78968125757073,1.20386332501952e-16,1.20386332501952e-16,1.60761549288252e-16,1.60761549288243e-16,1e-20
1,0.1,0.479376211825143,4.72928613541294,1.1570675650259e-16,1.1570675650259e-16,1.18183277489759e-16,1.18183277489751e-16,1e-20
1,0.11,0.482945019360334,4.67477106871986,1.1674259404445e-16,1.1674259404445e-16,1.2313138706611e-16,1.23131387066092e-16,1e-20
1,0.12,0.486066451210769,4.62601839772792,1.33435423903746e-16,1.33435423903746e-16,2.70791747816279e-16,2.70791747816309e-16,1e-20
1,0.13,0.488748415166291,4.5830002986074,1.11022302946322e-16,1.11022302946322e-16,1.11029089543863e-16,1.11029089543863e-16,1e-20
1,0.14,0.490998446401207,4.54578333953652,1.19580770176977e-16,1.19580770176977e-16,1.3450362342896e-16,1.34503623428943e-16,1e-20
1,0.15,0.492823757154547,4.51453107959662,1.11886109491658e-16,1.11886109491658e-16,1.11717005399227e-16,1.11717005399227e-16,1e-20
1,0.16,0.494231306170818,4.48949950855308,1.14436590622362e-16,1.14436590622362e-16,1.09811683209532e-16,1.09811683209532e-16,1e-20
1,0.17,0.49522788019338,4.47101721156841,1.14438761142674e-16,1.14438761142674e-16,1.16271033868079e-16,1.16271033868079e-16,1e-20
1,0.18,0.495820183244218,4.45944143917833,4.0981145429247e-16,4.0981145429247e-16,8.31868081416199e-16,8.31868081416174e-16,1e-20
1,0.19,0.496014931667759,4.4550874953338,1.61846082752998e-16,1.61846082752998e-16,2.71859625112955e-16,2.71859625112934e-16,1e-20
1,0.2,0.4958189543206,4.45814492898237,2.9505153465298e-16,2.9505153465298e-16,6.16661367647742e-16,6.16661367647761e-16,1e-20
1,0.21,0.49523929812304,4.46861211404721,2.00156317046524e-16,2.00156317046524e-16,4.15832172666354e-16,4.15832172666382e-16,1e-20
1,0.22,0.494283339644397,4.48628162596404,1.66540098218215e-16,1.66540098218215e-16,2.80225649603183e-16,2.80225649603143e-16,1e-20
1,0.23,0.49295890360326,4.51078319735824,2.4824456891128e-16,2.4824456891128e-16,5.09489264582727e-16,5.09489264582742e-16,1e-20
1,0.24,0.491274389212343,4.54165924751968,3.92528989799436e-16,3.92528989799436e-16,8.2501021505487e-16,8.2501021505487e-16,1e-20
1,0.25,0.489238905239195,4.57843801536067,3.92528795884354e-16,3.92528795884354e-16,8.26774710888025e-16,8.26774710888025e-16,1e-20
1,0.26,0.486862414519869,4.62068296159707,3.510738215528e-16,3.510738215528e-16,7.04455651141905e-16,7.04455651141863e-16,1e-20
1,0.27,0.484155888468523,4.66801555034859,1.11033432755249e-16,1.11033432755249e-16,2.10440862077001e-16,2.10440862077001e-16,1e-20
1,0.28,0.481131471876355,4.72011855320007,1.57012129449192e-16,1.57012129449192e-16,2.12928454474609e-16,2.12928454474609e-16,1e-20
1,0.29,0.477802657985111,4.77672844511102,2.98928227115011e-16,2.98928227115011e-16,6.04301113886343e-16,6.04301113886343e-16,1e-20
1,0.3,0.4741844734448,4.83762306913016,1.66533022392388e-16,1.66533022392388e-16,2.50836675599762e-16,2.50836675599792e-16,1e-20
1,0.31,0.47029367230871,4.90260798373861,1.1103276458843e-16,1.1103276458843e-16,2.07441425151937e-16,2.07441425151937e-16,1e-20
1,0.32,0.466148937664464,4.97150297515687,1.56998279183838e-16,1.56998279183838e-16,2.78181321739458e-16,2.78181321739404e-16,1e-20
1,0.33,0.461771088828201,5.0441291460626,2.48252788739826e-16,2.48252788739826e-16,5.4282877789878e-16,5.42828777898738e-16,1e-20
1,0.34,0.45718329121859,5.1202964974758,1.11012825917139e-16,1.11012825917139e-16,2.05890905936028e-16,2.05890905935991e-16,1e-20
1,0.35,0.452411265057114,5.19979174715461,2.6184078606161e-16,2.6184078606161e-16,3.13319461559229e-16,3.13319461559229e-16,1e-20
1,0.36,0.4474834878914,5.2823661172897,2.71956752408656e-16,2.71956752408656e-16,4.29722059345503e-16,4.29722059345503e-16,1e-20
1,0.37,0.442431384595314,5.36772289472002,2.359303762544e-16,2.359303762544e-16,4.35958094551368e-16,4.35958094551368e-16,1e-20
1,0.38,0.43728949695925,5.45550468245795,1.11887215662937e-16,1.11887215662937e-16,1.19334375320041e-16,1.19334375320049e-16,1e-20
1,0.39,0.432095623259289,5.54528041013077,4.51094821956742e-17,4.51094821956742e-17,8.33341527539169e-17,8.33341527539169e-17,1e-20
1,0.4,0.426890916322602,5.63653235186343,2.22470365237019e-16,2.22470365237019e-16,4.60363608066853e-16,4.60363608066853e-16,1e-20
1,0.41,0.421719926662641,5.72864361485513,1.38726966001822e-17,1.38726966001822e-17,2.56754039192136e-17,2.56754039192502e-17,1e-20
1,0.42,0.416630575362617,5.82088680971961,1.24124827308335e-16,1.24124827308335e-16,1.73159704359074e-16,1.73159704359074e-16,1e-20
1,0.43,0.411674039720777,5.91241488701231,7.79849674749602e-21,7.79849674749602e-21,1.43043913626169e-20,1.43043913626169e-20,1e-20
1,0.44,0.406904533484745,6.00225540468292,1.11022302700721e-16,1.11022302700721e-16,1.11015662367732e-16,1.11015662367732e-16,1e-20
1,0.45,0.402378963110565,6.08930974508582,1.11022302668567e-16,1.11022302668567e-16,1.11015249313926e-16,1.11015249313926e-16,1e-20
1,0.46,0.398156442248325,6.17235897712653,2.48247774293923e-16,2.48247774293923e-16,4.10868809879344e-16,4.10868809879344e-16,1e-20
1,0.47,0.394297648936559,6.25007809246687,1.11022302621888e-16,1.11022302621888e-16,1.11030110832378e-16,1.11030110832378e-16,1e-20
1,0.48,0.39086401401684,6.32106015873358,2.48258154841397e-16,2.48258154841397e-16,4.07871911057046e-16,4.07871911057046e-16,1e-20
1,0.49,0.387916734946697,6.38385145864764,1.11018935477561e-16,1.11018935477561e-16,2.10282163563326e-16,2.1028216356329e-16,1e-20
1,0.5,0.385515615592389,6.43699788798167,2.48247929916865e-16,2.48247929916865e-16,5.67811616921126e-16,5.67811616921126e-16,1e-20
1,0.51,0.383717737078275,6.47910181031217,1.11016687835993e-16,1.11016687835993e-16,2.12207236044252e-16,2.12207236044252e-16,1e-20
1,0.52,0.382575960604132,6.50888739706936,1.11015638566805e-16,1.11015638566805e-16,2.13246408072208e-16,2.13246408072172e-16,1e-20
1,0.53,0.382137232613951,6.52527166709754,1.24119878736467e-16,1.24119878736467e-16,1.92966071689114e-16,1.92966071689114e-16,1e-20
1,0.54,0.382440554088028,6.52743905188451,2.54380354586271e-16,2.54380354586271e-16,5.32365640492165e-16,5.3236564049218e-16,1e-20
1,0.55,0.38351411215815,6.51492244204193,1.24134991876097e-16,1.24134991876097e-16,1.93795211552952e-16,1.93795211552952e-16,1e-20
1,0.56,0.385369716096186,6.487715244492,2.2886875213136e-16,2.2886875213136e-16,4.08962542958388e-16,4.08962542958425e-16,1e-20
1,0.57,0.387986344135875,6.44654018520746,1.24117443308698e-16,1.24117443308698e-16,2.53100441919217e-16,2.53100441919217e-16,1e-20
1,0.58,0.391232314853737,6.39407081302237,1.24122701522857e-16,1.24122701522857e-16,2.57305248129103e-16,2.57305248129044e-16,1e-20
1,0.59,0.394273408675078,6.34423651975599,1.6652990420052e-16,1.6652990420052e-16,3.30920143273252e-16,3.30920143273229e-16,1e-20
1,0.6,0.394663648226712,6.3359341416609,2.54394453760557e-16,2.54394453760557e-16,4.03253972619774e-16,4.03253972619849e-16,1e-20
1,0.61,0.393942428590523,6.34399615638174,1.92294330453087e-16,1.92294330453087e-16,3.02672493765398e-16,3.02672493765373e-16,1e-20
1,0.62,0.393540632290343,6.34544113891152,2.35502098643985e-16,2.35502098643985e-16,4.00032288800326e-16,4.00032288800363e-16,1e-20
1,0.63,0.393653499368127,6.33711934028608,2.00161546439554e-16,2.00161546439554e-16,3.31848459220886e-16,3.31848459220909e-16,1e-20
1,0.64,0.394289332922935,6.31896041256974,1.35974093314546e-16,1.35974093314546e-16,2.68034031872444e-16,2.68034031872444e-16,1e-20
1,0.65,0.395417047712886,6.29160319337341,1.75544750954666e-16,1.75544750954666e-16,2.37843101883547e-16,2.37843101883531e-16,1e-20
1,0.66,0.396992707624903,6.2559477117852,5.72228361849297e-17,5.72228361849297e-17,9.8182572910089e-17,9.81825729101081e-17,1e-20
1,0.67,0.398967231372222,6.21300707513454,2.37536983587965e-16,2.37536983587965e-16,3.94518826765978e-16,3.94518826766033e-16,1e-20
1,0.68,0.401289619091748,6.1638332459889,2.0326945076869e-16,2.0326945076869e-16,3.39234728474061e-16,3.39234728474026e-16,1e-20
1,0.69,0.403908714563035,6.10947013479552,2.77555781540535e-17,2.77555781540535e-17,2.77561442900031e-17,2.77561442900031e-17,1e-20
1,0.7,0.406774334978254,6.05092139639543,1.8618249201911e-16,1.8618249201911e-16,2.41066495178741e-16,2.41066495178741e-16,1e-20
1,0.71,0.409838050615568,5.98912846019854,2.08157267012262e-16,2.08157267012262e-16,3.60095563640966e-16,3.60095563640997e-16,1e-20
1,0.72,0.413053731187541,5.92495653093014,1.24136888823501e-16,1.24136888823501e-16,2.09120251445869e-16,2.09120251445869e-16,1e-20
1,0.73,0.416377918863004,5.8591869434386,1.96325563237396e-17,1.96325563237396e-17,3.34006516659616e-17,3.34006516659334e-17,1e-20
1,0.74,0.419770066094178,5.79251449193746,1.14438829576145e-16,1.14438829576145e-16,2.53426771310528e-16,2.53426771310528e-16,1e-20
1,0.75,0.423192666605896,5.72554850820864,1.15280336605952e-16,1.15280336605952e-16,2.46374007894149e-16,2.46374007894145e-16,1e-20
1,0.76,0.426611302504639,5.65881661989728,1.48170239823984e-16,1.48170239823984e-16,3.22920862037896e-16,3.22920862037876e-16,1e-20
1,0.77,0.429994626713421,5.59277028965149,1.57358248807433e-16,1.57358248807433e-16,3.53477348237711e-16,3.53477348237733e-16,1e-20
1,0.78,0.433314296876561,5.52779140855923,1.30937852578816e-16,1.30937852578816e-16,2.42687070705087e-16,2.42687070705056e-16,1e-20
1,0.79,0.436544874194052,5.4641993809564,1.21230118067599e-16,1.21230118067599e-16,2.33143228349282e-16,2.33143228349314e-16,1e-20
1,0.8,0.439663698255263,5.40225828346829,1.72396959251466e-16,1.72396959251466e-16,3.06126573979127e-16,3.06126573979093e-16,1e-20
1,0.81,0.442650746832078,5.34218380464314,5.72153103426924e-17,5.72153103426924e-17,1.03433368454906e-16,1.03433368454906e-16,1e-20
1,0.82,0.445488487760096,5.28414977182543,2.22479079949299e-16,2.22479079949299e-16,4.78341841390414e-16,4.78341841390383e-16,1e-20
1,0.83,0.448161728474442,5.22829415051942,2.77525028865328e-17,2.77525028865328e-17,5.22771351856889e-17,5.22771351856529e-17,1e-20
1,0.84,0.450657467455848,5.1747244613716,5.72219202714608e-17,5.72219202714608e-17,1.05233278185529e-16,1.05233278185493e-16,1e-20
1,0.85,0.452964750757869,5.12352260479624,2.28877022770957e-16,2.28877022770957e-16,4.66297521019929e-16,4.66297521019888e-16,1e-20
1,0.86,0.455074535898503,5.07474911741331,2.77555757017203e-17,2.77555757017203e-17,2.77575040637888e-17,2.77575040637888e-17,1e-20
1,0.87,0.4569795646795,5.02844691278195,1.99750456495021e-21,1.99750456495021e-21,4.27185716762342e-21,4.27185712956095e-21,1e-20
1,0.88,0.458674245916066,4.98464458795921,1.14439337475676e-16,1.14439337475676e-16,2.1628768338651e-16,2.1628768338651e-16,1e-20
1,0.89,0.460154548592625,4.94335941795026,1.14439930367659e-16,1.14439930367659e-16,2.12226626016138e-16,2.12226626016102e-16,1e-20
1,0.9,0.4614179055843,4.90460023364579,2.30949792053704e-21,2.30949792053704e-21,4.49184086410834e-21,4.49184091285167e-21,1e-20
1,0.91,0.462463127779324,4.86837053537036,1.14437277779789e-16,1.14437277779789e-16,2.21215310668876e-16,2.2121531066891e-16,1e-20
1,0.92,0.463290328188595,4.83467256481349,1.11019800097745e-16,1.11019800097745e-16,2.16191138137544e-16,2.16191138137509e-16,1e-20
1,0.93,0.46390085542163,4.80351402884154,1.11019271193912e-16,1.11019271193912e-16,2.172463405099e-16,2.172463405099e-16,1e-20
1,0.94,0.464297235732641,4.77492203595648,1.11021083554588e-16,1.11021083554588e-16,2.27401415009873e-16,2.2740141500984e-16,1e-20
1,0.95,0.46448312268785,4.74897870765369,4.13271435801285e-21,4.13271435801285e-21,8.0788969401949e-21,8.07889689828793e-21,1e-20
1,0.96,0.464463253369174,4.72593515526138,2.28874007217629e-16,2.28874007217629e-16,4.28956282018837e-16,4.28956282018802e-16,1e-20
1,0.97,0.464243409905404,4.70670013365257,1.24122334201035e-16,1.24122334201035e-16,2.44260415401393e-16,2.44260415401362e-16,1e-20
1,0.98,0.463830385007228,4.69568954163713,1.11022420763728e-16,1.11022420763728e-16,2.23232360113843e-16,2.23232360113843e-16,1e-20
1,0.99,0.463231950075541,4.70625028879763,2.22038955830142e-16,2.22038955830142e-16,4.47943809746004e-16,4.47943809746004e-16,1e-20
1,1,0.462456824353884,4.73354898791027,1.92300047018774e-16,1.92300047018774e-16,3.45786749017825e-16,3.45786749017825e-16,1e-20
1,1.01,0.461514643507423,4.76604343707976,3.18882265332759e-16,3.18882265332759e-16,6.41115851185301e-16,6.41115851185301e-16,1e-20
1,1.02,0.460415925936413,4.80096268707962,3.14012936435631e-16,3.14012936435631e-16,6.43381444624843e-16,6.4338144462489e-16,1e-20
1,1.03,0.459172035076927,4.83755427789633,7.00221203527537e-21,7.00221203527537e-21,1.44912138104473e-20,1.44912138025781e-20,1e-20
1,1.04,0.457795135913281,4.8754733910532,1.57004293154901e-16,1.57004293154901e-16,2.95197571486141e-16,2.95197571486116e-16,1e-20
1,1.05,0.456298143934308,4.91448614325553,7.59149791959356e-21,7.59149791959356e-21,1.58459796230486e-20,1.58459796335957e-20,1e-20
1,1.06,0.45469466482088,4.95439303497672,1.1102230274088e-16,1.1102230274088e-16,1.1101613703501e-16,1.1101613703501e-16,1e-20
1,1.07,0.452998923267967,4.99500354541138,1.24118603467736e-16,1.24118603467736e-16,2.60439647105293e-16,2.60439647105308e-16,1e-20
1,1.08,0.451225679535777,5.03612620960232,1.11029820391444e-16,1.11029820391444e-16,2.32869511000022e-16,2.32869511000022e-16,1e-20
1,1.09,0.449390132606507,5.07756444012078,2.00140768143952e-16,2.00140768143952e-16,4.06336594139432e-16,4.06336594139432e-16,1e-20
1,1.1,0.447507809211124,5.11911490434356,4.00288756135186e-16,4.00288756135186e-16,8.13751048008369e-16,8.13751048008341e-16,1e-20
1,1.11,0.445594438497032,5.16056726927495,1.11017589133562e-16,1.11017589133562e-16,2.11218436176282e-16,2.11218436176282e-16,1e-20
1,1.12,0.443665812740904,5.20170482701875,2.49792898003595e-16,2.49792898003595e-16,4.38050989176828e-16,4.38050989176828e-16,1e-20
1,1.13,0.44173763527132,5.2423057823615,1.38772536213253e-16,1.38772536213253e-16,2.62766487373268e-16,2.62766487373268e-16,1e-20
1,1.14,0.439825357641302,5.28214508866896,8.32611072911328e-17,8.32611072911328e-17,1.57372133658236e-16,1.57372133658236e-16,1e-20
1,1.15,0.437944009052481,5.32099675383227,1.38836596910541e-17,1.38836596910541e-17,2.62072648734069e-17,2.6207264873407e-17,1e-20
1,1.16,0.436108022030073,5.35863654134042,2.11826240408579e-16,2.11826240408579e-16,4.34198527456001e-16,4.34198527456001e-16,1e-20
1,1.17,0.434331059305225,5.39484497924949,2.08879243184032e-16,2.08879243184032e-16,4.2997464642011e-16,4.2997464642011e-16,1e-20
1,1.18,0.432625847676275,5.42941057079623,2.43612295309726e-16,2.43612295309726e-16,4.47416256930772e-16,4.47416256930756e-16,1e-20
1,1.19,0.431004025167061,5.46213308077481,1.52186306784168e-16,1.52186306784168e-16,2.37675904020524e-16,2.37675904020524e-16,1e-20
1,1.2,0.429476007939528,5.4928267565953,1.87356775880789e-16,1.87356775880789e-16,3.53545454166379e-16,3.53545454166343e-16,1e-20
1,1.21,0.428050883015741,5.52132333656819,7.85046111024584e-17,7.85046111024584e-17,1.46695182881539e-16,1.46695182881591e-16,1e-20
1,1.22,0.42673633182075,5.54747470392966,8.88518282237246e-17,8.88518282237246e-17,1.89005728820952e-16,1.89005728820863e-16,1e-20
1,1.23,0.425538587840795,5.57115506548763,5.55176763517436e-17,5.55176763517436e-17,1.17932308273524e-16,1.17932308273524e-16,1e-20
1,1.24,0.424462429372848,5.59226256841938,1.14437555170792e-16,1.14437555170792e-16,1.10787957408534e-16,1.10787957408534e-16,1e-20
1,1.25,0.423511205621688,5.61072031490192,1.30917976668796e-16,1.30917976668796e-16,1.25134466103828e-16,1.25134466103828e-16,1e-20
1,1.26,0.422686891609019,5.62647678637653,1.49472019153162e-16,1.49472019153162e-16,2.71438544280497e-16,2.71438544280545e-16,1e-20
1,1.27,0.421990164918721,5.63950573969582,1.11887095860562e-16,1.11887095860562e-16,1.06000722637606e-16,1.06000722637606e-16,1e-20
1,1.28,0.421420495655757,5.64980567778341,2.77491834648958e-17,2.77491834648958e-17,5.82035376752861e-17,5.82035376752861e-17,1e-20
1,1.29,0.420976240501658,5.65739902052509,1.27190556063862e-16,1.27190556063862e-16,1.26387980957826e-16,1.26387980957781e-16,1e-20
1,1.3,0.420654732575746,5.66233110329852,6.20608951674149e-17,6.20608951674149e-17,1.12613757227364e-16,1.12613757227364e-16,1e-20
1,1.31,0.420452360866316,5.66466911120402,1.17757109542455e-16,1.17757109542455e-16,1.2223063851787e-16,1.2223063851787e-16,1e-20
1,1.32,0.420364635922814,5.66450102171095,1.57620203727698e-16,1.57620203727698e-16,2.37701401842155e-16,2.37701401842155e-16,1e-20
1,1.33,0.420386241748962,5.6619345855957,1.14440534326168e-16,1.14440534326168e-16,1.01692490575322e-16,1.01692490575285e-16,1e-20
1,1.34,0.420511076799311,5.65709633546545,8.77678296478548e-17,8.77678296478548e-17,1.63982073381498e-16,1.63982073381498e-16,1e-20
1,1.35,0.420732289140519,5.65013058124997,2.30554039412406e-16,2.30554039412406e-16,2.19501432012692e-16,2.19501432012709e-16,1e-20
1,1.36,0.421042311886283,5.6411983378374,2.30553984350621e-16,2.30553984350621e-16,2.22001091225266e-16,2.22001091225266e-16,1e-20
1,1.37,0.421432904903382,5.63047613229122,6.20589079083022e-17,6.20589079083022e-17,1.15637336926371e-16,1.15637336926371e-16,1e-20
1,1.38,0.421895207702021,5.6181546536977,6.20620995864679e-17,6.20620995864679e-17,1.15855099512701e-16,1.15855099512701e-16,1e-20
1,1.39,0.42241980670497,5.604437232017,1.35975105166807e-16,1.35975105166807e-16,1.77939990825313e-16,1.77939990825292e-16,1e-20
1,1.4,0.422996818124699,5.58953815691278,6.20644862656333e-17,6.20644862656333e-17,1.17112221601182e-16,1.17112221601198e-16,1e-20
1,1.41,0.42361598581223,5.57368086771129,7.85025046837281e-17,7.85025046837281e-17,1.44354262774122e-16,1.44354262774174e-16,1e-20
1,1.42,0.424266791923624,5.55709605739101,5.55198369084992e-17,5.55198369084992e-17,1.09403430633702e-16,1.09403430633667e-16,1e-20
1,1.43,0.424938577209916,5.54001973486307,2.23767766141805e-16,2.23767766141805e-16,4.13355728534467e-16,4.13355728534435e-16,1e-20
1,1.44,0.425620667197095,5.52269128068771,5.55021242024405e-17,5.55021242024405e-17,1.08349089205071e-16,1.08349089205036e-16,1e-20
1,1.45,0.42630250042961,5.50535151318331,1.14441393532819e-16,1.14441393532819e-16,1.0645417377929e-16,1.06454173779272e-16,1e-20
1,1.46,0.426973755204553,5.48824075710526,1.38777427447689e-16,1.38777427447689e-16,2.64984770480311e-16,2.64984770480332e-16,1e-20
1,1.47,0.427624471709444,5.47159687904828,1.11012942207854e-16,1.11012942207854e-16,2.13991406374208e-16,2.13991406374208e-16,1e-20
1,1.48,0.428245167086293,5.45565322665842,2.23764434448584e-16,2.23764434448584e-16,4.15332185508524e-16,4.15332185508556e-16,1e-20
1,1.49,0.428826941588314,5.44063638784785,1.57010782270913e-16,1.57010782270913e-16,3.00381938369041e-16,3.00381938369041e-16,1e-20
1,1.5,0.429361574606764,5.42676367778346,2.00140480614033e-16,2.00140480614033e-16,3.14815315056092e-16,3.14815315056092e-16,1e-20
1,1.51,0.429841609880371,5.41424027247237,8.32760639048368e-17,8.32760639048368e-17,1.58450294650585e-16,1.58450294650549e-16,1e-20
1,1.52,0.430260429634776,5.40325594470935,1.2413083638196e-16,1.2413083638196e-16,1.41474697727882e-16,1.41474697727855e-16,1e-20
1,1.53,0.430612317725935,5.39398142431238,2.22035523548859e-16,2.22035523548859e-16,4.20625387061642e-16,4.20625387061642e-16,1e-20
1,1.54,0.43089251208173,5.38656449672079,2.22035648228155e-16,2.22035648228155e-16,4.73479231947551e-16,4.73479231947551e-16,1e-20
1,1.55,0.431097246859587,5.38112605912394,1.88751328252504e-16,1.88751328252504e-16,3.15221981305449e-16,3.15221981305482e-16,1e-20
1,1.56,0.431223784777769,5.3777564477251,2.57757908356419e-16,2.57757908356419e-16,4.39966165012538e-16,4.39966165012583e-16,1e-20
1,1.57,0.431270440049464,5.37651240351567,2.81227820115199e-16,2.81227820115199e-16,5.75651350291481e-16,5.75651350291507e-16,1e-20
1,1.58,0.431236592267311,5.37741503039265,7.63354825506809e-17,7.63354825506809e-17,1.44107085917972e-16,1.44107085917972e-16,1e-20
1,1.59,0.431122691466959,5.38044900776575,1.47518152098193e-16,1.47518152098193e-16,2.19714172698445e-16,2.19714172698415e-16,1e-20
1,1.6,0.430930254456509,5.38556316370414,2.37151524977364e-16,2.37151524977364e-16,5.04695698626312e-16,5.0469569862629e-16,1e-20
1,1.61,0.430661852348695,5.39267233115927,1.38781619585027e-16,1.38781619585027e-16,1.82301618285339e-16,1.82301618285278e-16,1e-20
1,1.62,0.430321089088643,5.40166024638633,2.98925158375448e-16,2.98925158375448e-16,5.15510114654e-16,5.15510114654044e-16,1e-20
1,1.63,0.429912570646398,5.41238314514221,2.00144080154289e-16,2.00144080154289e-16,3.17387916125618e-16,3.17387916125618e-16,1e-20
1,1.64,0.429441864454937,5.42467368640413,1.11017868400389e-16,1.11017868400389e-16,2.11720171385316e-16,2.11720171385352e-16,1e-20
1,1.65,0.428915448636364,5.43834487792543,3.33057905225342e-16,3.33057905225342e-16,4.44788763120624e-16,4.44788763120608e-16,1e-20
1,1.66,0.428340650586923,5.45319376796887,4.96495056528982e-16,4.96495056528982e-16,9.8525743119211e-16,9.8525743119211e-16,1e-20
1,1.67,0.427725574600721,5.46900477278006,2.7193946474371e-16,2.7193946474371e-16,4.78043392387104e-16,4.78043392387152e-16,1e-20
1,1.68,0.427079018416205,5.48555260473065,2.48252032741444e-16,2.48252032741444e-16,4.10218299564845e-16,4.10218299564809e-16,1e-20
1,1.69,0.42641037887865,5.50260483679924,5.08757882560055e-16,5.08757882560055e-16,1.01382932412743e-15,1.01382932412742e-15,1e-20
1,1.7,0.42572954732985,5.51992418055569,1.11022303017259e-16,1.11022303017259e-16,1.11009883895717e-16,1.11009883895717e-16,1e-20
1,1.71,0.425046795856401,5.53727056960398,2.22033806995752e-16,2.22033806995752e-16,4.59452944471155e-16,4.59452944471188e-16,1e-20
1,1.72,0.424372656129304,5.55440313464391,1.110223029646e-16,1.110223029646e-16,1.11034762681556e-16,1.11034762681556e-16,1e-20
1,1.73,0.423717793209974,5.57108213695616,2.22047075667032e-16,2.22047075667032e-16,4.39324713779386e-16,4.3932471377942e-16,1e-20
1,1.74,0.423092877318298,5.58707090065463,2.48256340304524e-16,2.48256340304524e-16,4.98957054067379e-16,4.98957054067409e-16,1e-20
1,1.75,0.422508457070841,5.60213775587211,3.3305827917809e-16,3.3305827917809e-16,6.24947549359726e-16,6.2494754935975e-16,1e-20
1,1.76,0.4219748379956,5.61605797950528,1.1102230287244e-16,1.1102230287244e-16,1.11009868661265e-16,1.11009868661265e-16,1e-20
1,1.77,0.421501970099196,5.62861570071586,6.75327760079343e-16,6.75327760079343e-16,1.29500577346081e-15,1.29500577346088e-15,1e-20
1,1.78,0.421099347799453,5.63960572769928,4.5775013348944e-16,4.5775013348944e-16,8.44395652261239e-16,8.44395652261239e-16,1e-20
1,1.79,0.420775924576828,5.6488352518846,3.84599911342468e-16,3.84599911342468e-16,8.44178191180472e-16,8.44178191180472e-16,1e-20
1,1.8,0.420540043250747,5.65612539590411,2.48246761110142e-16,2.48246761110142e-16,4.08389798810984e-16,4.08389798810947e-16,1e-20
1,1.81,0.420399380963214,5.66131259072112,2.22036642189209e-16,2.22036642189209e-16,4.56491289638575e-16,4.56491289638575e-16,1e-20
1,1.82,0.420360905981538,5.66424979154731,3.33074623805306e-16,3.33074623805306e-16,6.28187659755577e-16,6.28187659755529e-16,1e-20
1,1.83,0.42043084164821,5.66480756613614,9.07002678289449e-21,9.07002678289449e-21,1.95022987670954e-20,1.95022987289471e-20,1e-20
1,1.84,0.420614631595491,5.6628751062977,3.33060044657629e-16,3.33060044657629e-16,6.27995741332862e-16,6.27995741332886e-16,1e-20
1,1.85,0.420916900058296,5.65836121816222,2.48244972863136e-16,2.48244972863136e-16,5.45616639436551e-16,5.45616639436564e-16,1e-20
1,1.86,0.421341401978435,5.65119533519515,9.54131423959858e-21,9.54131423959858e-21,1.97083801371425e-20,1.97083801343245e-20,1e-20
1,1.87,0.421890959589228,5.64132857032643,1.5701051839038e-16,1.5701051839038e-16,2.08019284994667e-16,2.08019284994703e-16,1e-20
1,1.88,0.422567385034299,5.6287347841786,2.48243615940784e-16,2.48243615940784e-16,4.80240467304225e-16,4.80240467304194e-16,1e-20
1,1.89,0.423371391817839,5.61341160325116,1.01859266433601e-20,1.01859266433601e-20,2.01573858480077e-20,2.01573858037275e-20,1e-20
1,1.9,0.424302500901812,5.59538128474534,2.28886310123288e-16,2.28886310123288e-16,4.98492764618947e-16,4.9849276461897e-16,1e-20
1,1.91,0.425358949489667,5.57469130237245,2.48245246693289e-16,2.48245246693289e-16,4.16383960606736e-16,4.16383960606736e-16,1e-20
1,1.92,0.426537611571383,5.55141452567721,1.11016179856632e-16,1.11016179856632e-16,2.1017953898624e-16,2.1017953898624e-16,1e-20
1,1.93,0.427833939015359,5.52564888525827,2.48242750445261e-16,2.48242750445261e-16,4.89618566830074e-16,4.89618566830058e-16,1e-20
1,1.94,0.429241930509277,5.49751645432117,1.14437366219408e-16,1.14437366219408e-16,1.1509447082018e-16,1.1509447082018e-16,1e-20
1,1.95,0.43075413330933,5.46716192639823,1.66525466724618e-16,1.66525466724618e-16,3.14006809939398e-16,3.14006809939398e-16,1e-20
1,1.96,0.432361679991544,5.43475052147556,2.94911449184157e-16,2.94911449184157e-16,5.55833726421298e-16,5.55833726421333e-16,1e-20
1,1.97,0.43405435964256,5.40046540030398,2.67508301785924e-16,2.67508301785924e-16,5.77404560275895e-16,5.77404560275913e-16,1e-20
1,1.98,0.435820720527971,5.36450470341343,1.11233273094942e-16,1.11233273094942e-16,2.38451076569112e-16,2.38451076569049e-16,1e-20
1,1.99,0.437648199455554,5.32707835406242,1.47524793176889e-16,1.47524793176889e-16,3.13168211616381e-16,3.13168211616429e-16,1e-20
1,2,0.439523271899783,5.28840477252811,4.16429296341685e-17,4.16429296341685e-17,7.86896934084346e-17,7.86896934083988e-17,1e-20
1,2.01,0.441431616454976,5.2487076445284,2.18992157163914e-16,2.18992157163914e-16,3.67236513535557e-16,3.67236513535585e-16,1e-20
1,2.02,0.443358287245896,5.20821287249598,1.57013142931108e-16,1.57013142931108e-16,3.27922192537086e-16,3.27922192537109e-16,1e-20
1,2.03,0.445287888415698,5.16714581918103,2.5438745637521e-16,2.5438745637521e-16,2.98156810452955e-16,2.98156810452955e-16,1e-20
1,2.04,0.44720474559233,5.12572893357008,1.24899732284398e-16,1.24899732284398e-16,1.18762091760122e-16,1.18762091760162e-16,1e-20
1,2.05,0.449093070176718,5.08417983524278,6.93923736407226e-17,6.93923736407226e-17,1.45364794744457e-16,1.45364794744438e-16,1e-20
1,2.06,0.45093711329288,5.04270993331697,6.93797828881619e-17,6.93797828881619e-17,1.33220531851343e-16,1.33220531851378e-16,1e-20
1,2.07,0.452721307211486,5.00152368484124,1.12101576558762e-16,1.12101576558762e-16,1.03498190621797e-16,1.03498190621801e-16,1e-20
1,2.08,0.454430392949963,4.96081868712063,1.17669594122583e-16,1.17669594122583e-16,1.28185289945337e-16,1.28185289945354e-16,1e-20
1,2.09,0.456049533532137,4.92078702972529,1.70681071814647e-16,1.70681071814647e-16,3.42540263631407e-16,3.42540263631407e-16,1e-20
1,2.1,0.457564413044281,4.88161893091602,2.7929130506301e-16,2.7929130506301e-16,5.52769533532848e-16,5.52769533532832e-16,1e-20
1,2.11,0.45896132215072,4.84351136296198,1.38702731919271e-17,1.38702731919271e-17,2.72043710571944e-17,2.72043710571598e-17,1e-20
1,2.12,0.460227231138147,4.80668973225379,6.7990093659454e-17,6.7990093659454e-17,1.14721852326712e-16,1.14721852326728e-16,1e-20
1,2.13,0.461349851855668,4.77147118559168,7.85091245536412e-17,7.85091245536412e-17,1.60823319879598e-16,1.60823319879621e-16,1e-20
1,2.14,0.462317690122254,4.73849872496134,1.86194600687022e-16,1.86194600687022e-16,3.67042781932748e-16,3.67042781932723e-16,1e-20
1,2.15,0.463120090300205,4.70994699755695,5.55169444756936e-17,5.55169444756936e-17,1.11003138942774e-16,1.11003138942774e-16,1e-20
1,2.16,0.463747273797129,4.6955908990353,9.61511839282608e-17,9.61511839282608e-17,1.70357906270456e-16,1.70357906270456e-16,1e-20
1,2.17,0.464190373273503,4.70416419266378,7.85046655777777e-17,7.85046655777777e-17,1.07833088710325e-16,1.07833088710325e-16,1e-20
1,2.18,0.464441464309533,4.72257317553143,5.55155978640184e-17,5.55155978640184e-17,1.1260522589873e-16,1.1260522589873e-16,1e-20
1,2.19,0.464493596233636,4.74510349766006,1.11022479945673e-16,1.11022479945673e-16,2.19627064953786e-16,2.1962706495382e-16,1e-20
1,2.2,0.464340823743039,4.77060934119182,1.11022596792769e-16,1.11022596792769e-16,2.18514325638504e-16,2.18514325638504e-16,1e-20
1,2.21,0.463978240860483,4.79878730200859,5.5511599880376e-17,5.5511599880376e-17,1.0871211739198e-16,1.08712117391945e-16,1e-20
1,2.22,0.463402018673897,4.82953970835312,5.55105122068457e-17,5.55105122068457e-17,1.08179995896517e-16,1.08179995896482e-16,1e-20
1,2.23,0.462609448200228,4.86283402893991,1.24124196477962e-16,1.24124196477962e-16,2.46365879135882e-16,2.46365879135882e-16,1e-20
1,2.24,0.461598989601139,4.89866070115584,1.27194273629078e-16,1.27194273629078e-16,2.60583391547655e-16,2.60583391547641e-16,1e-20
1,2.25,0.460370328855925,4.9370171713873,1.11023976057738e-16,1.11023976057738e-16,2.31709812060092e-16,2.31709812060092e-16,1e-20
1,2.26,0.45892444286313,4.97790045306329,6.20649071611154e-17,6.20649071611154e-17,1.07671753891057e-16,1.07671753891022e-16,1e-20
1,2.27,0.457263673792837,5.02130278605335,5.55090639349598e-17,5.55090639349598e-17,1.05862333720551e-16,1.05862333720587e-16,1e-20
1,2.28,0.455391813340143,5.06720843362474,6.20655586829148e-17,6.20655586829148e-17,1.09741433886452e-16,1.09741433886418e-16,1e-20
1,2.29,0.453314197329118,5.11559079654479,1.17758166725541e-16,1.17758166725541e-16,2.48320733153698e-16,2.48320733153698e-16,1e-20
1,2.3,0.451037810874998,5.1664094529589,1.24901907555241e-16,1.24901907555241e-16,2.49899847710657e-16,2.49899847710687e-16,1e-20
1,2.31,0.448571404017796,5.21960691106417,1.3877544176911e-16,1.3877544176911e-16,2.61650195153569e-16,2.61650195153569e-16,1e-20
1,2.32,0.445925617377085,5.27510494382155,1.38780308750393e-16,1.38780308750393e-16,3.03614717739058e-16,3.03614717739101e-16,1e-20
1,2.33,0.443113116926636,5.3328004188674,1.47526021368828e-16,1.47526021368828e-16,2.71064407556987e-16,2.71064407557014e-16,1e-20
1,2.34,0.440148736426695,5.39256056677255,1.3092552664871e-16,1.3092552664871e-16,2.46689461194771e-16,2.46689461194733e-16,1e-20
1,2.35,0.437049625355786,5.45421765872211,9.36693761481089e-17,9.36693761481089e-17,1.7552548331482e-16,1.7552548331482e-16,1e-20
1,2.36,0.433835399324965,5.51756309755069,1.39110591327142e-17,1.39110591327142e-17,2.61958039357412e-17,2.61958039356694e-17,1e-20
1,2.37,0.430528288906049,5.58234096895481,1.3189134607444e-16,1.3189134607444e-16,2.46271756407917e-16,2.46271756407917e-16,1e-20
1,2.38,0.427153281532287,5.64824115693194,5.55039134058513e-17,5.55039134058513e-17,1.04057573506186e-16,1.04057573506186e-16,1e-20
1,2.39,0.42373824960931,5.71489220289153,3.10386083722536e-17,3.10386083722536e-17,5.00692560166868e-17,5.00692560166492e-17,1e-20
1,2.4,0.420314056186438,5.78185418456928,1.57003815949269e-16,1.57003815949269e-16,3.52325577899772e-16,3.52325577899751e-16,1e-20
1,2.41,0.416914627473357,5.84861201066098,1.11031041401255e-16,1.11031041401255e-16,2.09078876518218e-16,2.09078876518254e-16,1e-20
1,2.42,0.41357697914202,5.91456966952415,8.32575205689309e-17,8.32575205689309e-17,1.57139325182094e-16,1.57139325182058e-16,1e-20
1,2.43,0.410341180718894,5.97904613155027,1.17760525513257e-16,1.17760525513257e-16,2.39215426426069e-16,2.3921542642603e-16,1e-20
1,2.44,0.407250239382699,6.04127377681985,1.68820655386537e-16,1.68820655386537e-16,3.06287678465652e-16,3.06287678465615e-16,1e-20
1,2.45,0.404349880880428,6.1004003906112,1.06373658898604e-20,1.06373658898604e-20,1.89610390436471e-20,1.89610390809127e-20,1e-20
1,2.46,0.401688200252638,6.15549592820066,1.24133742238479e-16,1.24133742238479e-16,2.2130686896022e-16,2.21306868960254e-16,1e-20
1,2.47,0.399315146303904,6.2055654022472,2.37133416438055e-16,2.37133416438055e-16,3.958021934568e-16,3.958021934568e-16,1e-20
1,2.48,0.397281784738938,6.24956945759091,1.77710834588484e-16,1.77710834588484e-16,3.11210373268818e-16,3.11210373268806e-16,1e-20
1,2.49,0.395639236506066,6.28645473660125,1.66523396218256e-16,1.66523396218256e-16,2.54263661761541e-16,2.54263661761601e-16,1e-20
1,2.5,0.39443704935207,6.31519794314881,5.55070837189782e-17,5.55070837189782e-17,1.13575288317799e-16,1.13575288317799e-16,1e-20
1,2.51,0.393720311256399,6.33487408721375,1.66544077593825e-16,1.66544077593825e-16,2.54073591587757e-16,2.54073591587757e-16,1e-20
1,2.52,0.393523088387655,6.34478611349175,2.45142376887085e-16,2.45142376887085e-16,3.9419790184364e-16,3.94197901843706e-16,1e-20
1,2.53,0.393847247846039,6.34482778055228,7.85161929876194e-17,7.85161929876194e-17,1.2530932354413e-16,1.2530932354413e-16,1e-20
1,2.54,0.394554260837231,6.33722840722305,5.72222914631951e-17,5.72222914631951e-17,7.40905797719057e-17,7.40905797719057e-17,1e-20
1,2.55,0.394548241063022,6.33959511651302,1.99293581098056e-16,1.99293581098056e-16,3.1092740682555e-16,3.1092740682555e-16,1e-20
1,2.56,0.391777832627073,6.38518743942963,1.11646220443135e-16,1.11646220443135e-16,1.10016244080368e-16,1.10016244080368e-16,1e-20
1,2.57,0.388467987841415,6.43881423883533,1.55253394472851e-17,1.55253394472851e-17,2.580765480137e-17,2.580765480137e-17,1e-20
1,2.58,0.385736823932933,6.48205875294062,8.0928590735429e-17,8.0928590735429e-17,1.06290464022861e-16,1.06290464022887e-16,1e-20
1,2.59,0.383757297466369,6.51156505939249,8.32586381298961e-17,8.32586381298961e-17,1.35186751369039e-16,1.35186751369011e-16,1e-20
1,2.6,0.382559424939073,6.52643508418621,1.17760271344994e-16,1.17760271344994e-16,1.31808057164454e-16,1.3180805716444e-16,1e-20
1,2.61,0.382134984484886,6.52658536020695,1.7771655653451e-16,1.7771655653451e-16,3.32902836268196e-16,3.32902836268191e-16,1e-20
1,2.62,0.382457901990506,6.51241873647066,2.77511243505196e-17,2.77511243505196e-17,5.33551374301156e-17,5.33551374301509e-17,1e-20
1,2.63,0.383490671308617,6.48470102409071,2.35511034278157e-16,2.35511034278157e-16,2.69065739468495e-16,2.69065739468467e-16,1e-20
1,2.64,0.385187462904535,6.44447769126107,6.20718160395833e-17,6.20718160395833e-17,1.08376249231437e-16,1.0837624923142e-16,1e-20
1,2.65,0.38749623800539,6.39299871591257,1.77728499792178e-16,1.77728499792178e-16,2.82009619350837e-16,2.82009619350857e-16,1e-20
1,2.66,0.390360482855536,6.33164689189875,8.32694941191997e-17,8.32694941191997e-17,1.57164128904408e-16,1.57164128904408e-16,1e-20
1,2.67,0.393720733945733,6.26187138525922,7.30765369523081e-21,7.30765369523081e-21,1.364907223898e-20,1.36490722733956e-20,1e-20
1,2.68,0.397515933651571,6.18512936741064,2.7753711790998e-17,2.7753711790998e-17,5.19976654453929e-17,5.19976654453567e-17,1e-20
1,2.69,0.40168461773516,6.10283786748751,1.24126067450669e-16,1.24126067450669e-16,1.20362161835458e-16,1.2036216183549e-16,1e-20
1,2.7,0.40616592944634,6.01633683333817,4.16343854081636e-17,4.16343854081636e-17,7.75207736211421e-17,7.75207736211421e-17,1e-20
1,2.71,0.410900458691043,5.92686328346529,1.24323522833903e-16,1.24323522833903e-16,1.08653227991089e-16,1.08653227991085e-16,1e-20
1,2.72,0.41583091107766,5.83553558614849,3.81642059748187e-17,3.81642059748187e-17,7.07440452291753e-17,7.07440452291753e-17,1e-20
1,2.73,0.420902617526362,5.74334637754567,1.21775548902326e-16,1.21775548902326e-16,1.31072201804555e-16,1.31072201804577e-16,1e-20
1,2.74,0.426063899437353,5.65116240281308,1.1796609062136e-16,1.1796609062136e-16,1.73858440947489e-16,1.73858440947511e-16,1e-20
1,2.75,0.431266306962727,5.55972956783322,5.11431229650435e-17,5.11431229650435e-17,8.79964629733124e-17,8.79964629733396e-17,1e-20
1,2.76,0.436464748911459,5.46968164803405,1.16160662417432e-16,1.16160662417432e-16,1.53357072512302e-16,1.53357072512288e-16,1e-20
1,2.77,0.441617532584836,5.3815513462584,1.13932479489326e-16,1.13932479489326e-16,1.29126315165267e-16,1.29126315165254e-16,1e-20
1,2.78,0.446686330757248,5.29578267041138,1.17442148360911e-16,1.17442148360911e-16,1.17599709689393e-16,1.17599709689374e-16,1e-20
1,2.79,0.451636091409974,5.21274387766207,1.13647331796244e-16,1.13647331796244e-16,1.13180775294142e-16,1.13180775294142e-16,1e-20
1,2.8,0.456434903953456,5.13274048460102,1.04094405070478e-17,1.04094405070478e-17,1.93036957052059e-17,1.93036957052059e-17,1e-20
1,2.81,0.461053833727912,5.05602806292759,1.73483262680907e-17,1.73483262680907e-17,3.2233493438373e-17,3.22334934384095e-17,1e-20
1,2.82,0.465466734683254,4.98282472643638,1.01035199967542e-16,1.01035199967542e-16,2.00302247943527e-16,2.00302247943527e-16,1e-20
1,2.83,0.469650048387887,4.91332336893157,1.14438936146709e-16,1.14438936146709e-16,1.25200466701493e-16,1.25200466701478e-16,1e-20
1,2.84,0.473582595944835,4.84770383395561,2.7756428539319e-17,2.7756428539319e-17,5.1997675827417e-17,5.19976758274532e-17,1e-20
1,2.85,0.477245368019142,4.78614527641189,1.86193383879774e-16,1.86193383879774e-16,3.37684115624237e-16,3.37684115624237e-16,1e-20
1,2.86,0.480621317000775,4.72883898246238,1.24126472414525e-16,1.24126472414525e-16,1.51555222215206e-16,1.51555222215231e-16,1e-20
1,2.87,0.483695154329557,4.67600177484597,1.24122306562613e-16,1.24122306562613e-16,1.27468898510666e-16,1.27468898510666e-16,1e-20
1,2.88,0.48645315517431,4.62788970185195,1.77716051397993e-16,1.77716051397993e-16,3.72462992929496e-16,3.72462992929476e-16,1e-20
1,2.89,0.488882971966035,4.58481074936281,1.66536754622383e-16,1.66536754622383e-16,2.84483408456296e-16,2.8448340845627e-16,1e-20
1,2.9,0.490973457713279,4.54713353427374,2.48253208193006e-16,2.48253208193006e-16,2.91015919830986e-16,2.91015919831012e-16,1e-20
1,2.91,0.492714499556986,4.51528627090876,7.84976679819952e-17,7.84976679819952e-17,1.64728274886367e-16,1.6472827488639e-16,1e-20
1,2.92,0.494096862634549,4.48973768614831,1.11022302989291e-16,1.11022302989291e-16,1.11028099393739e-16,1.11028099393739e-16,1e-20
1,2.93,0.495112044004699,4.4709520498664,3.72374716678694e-16,3.72374716678694e-16,7.51498279307543e-16,7.51498279307568e-16,1e-20
1,2.94,0.495752136126261,4.45931891691489,2.35520350763978e-16,2.35520350763978e-16,4.92447756414752e-16,4.92447756414729e-16,1e-20
1,2.95,0.496009699180813,4.4550757879677,2.71956129873245e-16,2.71956129873245e-16,5.31456613537187e-16,5.31456613537187e-16,1e-20
1,2.96,0.495877641384853,4.45825768156284,1.11011172352686e-16,1.11011172352686e-16,2.1569665986878e-16,2.15696659868745e-16,1e-20
1,2.97,0.495349106365002,4.46870211840286,1.11025335169176e-16,1.11025335169176e-16,2.20048253037024e-16,2.20048253037024e-16,1e-20
1,2.98,0.494417366698289,4.48610824202757,2.48251867916395e-16,2.48251867916395e-16,2.68072672197807e-16,2.68072672197807e-16,1e-20
1,2.99,0.493075722898431,4.5101201473977,2.48263365018873e-16,2.48263365018873e-16,4.27750087845723e-16,4.27750087845723e-16,1e-20
1,3,0.49131740753827,4.54040102410958,1.92292394628802e-16,1.92292394628802e-16,3.30035450624921e-16,3.30035450624921e-16,1e-20
1,3.01,0.48913549496132,4.57668146496111,1.57020388021539e-16,1.57020388021539e-16,2.81889112827067e-16,2.81889112827067e-16,1e-20
1,3.02,0.486522818332922,4.61878259925694,2.28873021489054e-16,2.28873021489054e-16,4.09765508226854e-16,4.09765508226854e-16,1e-20
1,3.03,0.483471897869979,4.66662247792443,2.54376738085134e-16,2.54376738085134e-16,4.18797771672397e-16,4.18797771672397e-16,1e-20
1,3.04,0.479974887311594,4.72021418790342,2.54387175399162e-16,2.54387175399162e-16,4.53912045771554e-16,4.53912045771628e-16,1e-20
1,3.05,0.476023550478631,4.77966137735874,1.66543600401519e-16,1.66543600401519e-16,3.08102843824809e-16,3.08102843824809e-16,1e-20
1,3.06,0.471609286586771,4.84515413953628,2.22034774597638e-16,2.22034774597638e-16,4.08950457443779e-16,4.08950457443779e-16,1e-20
1,3.07,0.466723232208106,4.9169663480246,3.14017126225454e-16,3.14017126225454e-16,6.68284590515868e-16,6.68284590515868e-16,1e-20
1,3.08,0.461356479449585,4.99545443282799,2.54375131943025e-16,2.54375131943025e-16,4.14613517763436e-16,4.14613517763409e-16,1e-20
1,3.09,0.455500463221364,5.08105691108919,2.48245759566446e-16,2.48245759566446e-16,4.35586245882374e-16,4.35586245882409e-16,1e-20
1,3.1,0.449147583014667,5.17429348477386,1.77716139342095e-16,1.77716139342095e-16,2.93022822810158e-16,2.9302282281019e-16,1e-20
1,3.11,0.442292131553139,5.27576205505435,1.24130020848355e-16,1.24130020848355e-16,1.33775582869826e-16,1.33775582869826e-16,1e-20
1,3.12,0.434931596162219,5.38613155564151,2.48261863786424e-16,2.48261863786424e-16,4.18070318302026e-16,4.1807031830199e-16,1e-20
1,3.13,0.427068368566594,5.50612815150791,1.30925954761493e-16,1.30925954761493e-16,1.87058321466305e-16,1.87058321466305e-16,1e-20
1,3.14,0.418711836025109,5.63651224378983,2.58731096210788e-16,2.58731096210788e-16,4.62802512166733e-16,4.62802512166765e-16,1e-20
1,3.15,0.409880730164752,5.77804405329829,2.22153130885965e-16,2.22153130885965e-16,2.18679091421868e-16,2.18679091421868e-16,1e-20
1,3.16,0.4006054950658,5.93143643316132,2.49790704686697e-16,2.49790704686697e-16,4.04009563053726e-16,4.04009563053763e-16,1e-20
1,3.17,0.390930339352265,6.09729488378312,2.23772868448386e-16,2.23772868448386e-16,2.1048014613858e-16,2.1048014613858e-16,1e-20
1,3.18,0.380914606600065,6.27604613490486,1.24126288815182e-16,1.24126288815182e-16,1.19990197907978e-16,1.19990197907947e-16,1e-20
1,3.19,0.370633170145792,6.46785759756135,1.11022302920192e-16,1.11022302920192e-16,1.11033274112537e-16,1.11033274112537e-16,1e-20
1,3.2,0.360175727259044,6.67255013162754,1.11022302908338e-16,1.11022302908338e-16,1.11034059860079e-16,1.11034059860079e-16,1e-20
1,3.21,0.349645078717288,6.88950609817727,1.57011503930735e-16,1.57011503930735e-16,2.66924007925881e-16,2.66924007925881e-16,1e-20
1,3.22,0.339154653272979,7.11757432074221,2.22039855731067e-16,2.22039855731067e-16,4.0364654568106e-16,4.0364654568106e-16,1e-20
1,3.23,0.328825611986032,7.35497436439439,1.0341880303602e-20,1.0341880303602e-20,2.32554789485442e-20,2.32554789722546e-20,1e-20
1,3.24,0.318783834729407,7.59920519445945,1.57003533336807e-16,1.57003533336807e-16,1.81699638656435e-16,1.81699638656435e-16,1e-20
1,3.25,0.309156986838317,7.84696789343534,1.11032121210693e-16,1.11032121210693e-16,2.03839941325779e-16,2.03839941325816e-16,1e-20
1,3.26,0.300071742646251,8.09411801397896,1.11022303178118e-16,1.11022303178118e-16,1.11037983075593e-16,1.11037983075593e-16,1e-20
1,3.27,0.291651149081167,8.33566888083454,1.37936496510779e-20,1.37936496510779e-20,2.81245425608023e-20,2.81245425608023e-20,1e-20
1,3.28,0.284012068082431,8.56587057439003,2.48239992128354e-16,2.48239992128354e-16,3.69861523582717e-16,3.69861523582717e-16,1e-20
1,3.29,0.277262641997637,8.77838778429775,1.66061047000929e-20,1.66061047000929e-20,3.12517388076937e-20,3.12517388069728e-20,1e-20
1,3.3,0.271499769380101,8.96659067168362,4.4409068593387e-16,4.4409068593387e-16,8.67489349828529e-16,8.67489349828494e-16,1e-20
1,3.31,0.266806642291151,9.12395506642435,2.22044605791543e-16,2.22044605791543e-16,2.22060065366599e-16,2.22060065366599e-16,1e-20
1,3.32,0.263250461381817,9.24454330657559,2.22024232344073e-16,2.22024232344073e-16,4.20318852630242e-16,4.20318852630242e-16,1e-20
1,3.33,0.260880493575423,9.32351022835148,5.08783539564713e-16,5.08783539564713e-16,8.2799978644513e-16,8.27999786445094e-16,1e-20
1,3.34,0.259726654358184,9.35755896867072,4.00301524951451e-16,4.00301524951451e-16,3.74039636898461e-16,3.74039636898502e-16,1e-20
1,3.35,0.259798774487845,9.34526747550975,3.14003023686038e-16,3.14003023686038e-16,3.59711489097918e-16,3.5971148909796e-16,1e-20
1,3.36,0.261086651035915,9.28722397527883,1.57017679407782e-16,1.57017679407782e-16,1.78414553142151e-16,1.78414553142235e-16,1e-20
1,3.37,0.263560897135332,9.18594544797593,1.57003353515817e-16,1.57003353515817e-16,3.52110349676432e-16,3.52110349676432e-16,1e-20
1,3.38,0.267174513053322,9.04559696122753,2.28874923004314e-16,2.28874923004314e-16,1.91719614411519e-16,1.91719614411538e-16,1e-20
1,3.39,0.271865024090501,8.87156754900742,3.23664883227368e-16,3.23664883227368e-16,4.05213115750006e-16,4.05213115750006e-16,1e-20
1,3.4,0.277556983987942,8.66997903122189,2.54373205718017e-16,2.54373205718017e-16,3.22969015734037e-16,3.22969015734037e-16,1e-20
1,3.41,0.284164632206347,8.44720399543079,1.98678024825765e-16,1.98678024825765e-16,3.09286589915205e-16,3.09286589915186e-16,1e-20
1,3.42,0.291594515960147,8.20945214229279,3.76541480485024e-16,3.76541480485024e-16,5.52533705712973e-16,5.52533705712973e-16,1e-20
1,3.43,0.299747932719905,7.96245889071849,2.45424591496932e-16,2.45424591496932e-16,3.83047579872135e-16,3.83047579872215e-16,1e-20
1,3.44,0.308523103152546,7.71128522426422,3.53822548843825e-16,3.53822548843825e-16,3.75425989325068e-16,3.75425989325068e-16,1e-20
1,3.45,0.317817036818686,7.46021897541809,1.38921969900328e-17,1.38921969900328e-17,2.48046395224466e-17,2.48046395224845e-17,1e-20
1,3.46,0.327527095765572,7.21275708380343,1.11888014606032e-16,1.11888014606032e-16,1.03466487386505e-16,1.03466487386496e-16,1e-20
1,3.47,0.337552290847277,6.97164496465005,1.30929731250123e-16,1.30929731250123e-16,1.95124286760824e-16,1.95124286760848e-16,1e-20
1,3.48,0.347794361732784,6.73895074182762,1.77712763006521e-16,1.77712763006521e-16,3.04124434167157e-16,3.04124434167157e-16,1e-20
1,3.49,0.358158695583679,6.51615634653284,3.34230014234865e-16,3.34230014234865e-16,5.57888144614915e-16,5.57888144614915e-16,1e-20
1,3.5,0.368555133579987,6.30425250029422,2.23786415343892e-16,2.23786415343892e-16,3.50598540950724e-16,3.50598540950745e-16,1e-20
1,3.51,0.378898701352088,6.10382924486696,1.31829111905459e-16,1.31829111905459e-16,2.30423925762004e-16,2.30423925762043e-16,1e-20
1,3.52,0.389110281523676,5.91515741810502,8.32757581299974e-17,8.32757581299974e-17,1.45262718033312e-16,1.45262718033351e-16,1e-20
1,3.53,0.399117226779204,5.73825917959286,1.19189058790646e-16,1.19189058790646e-16,1.50454391957056e-16,1.50454391957076e-16,1e-20
1,3.54,0.408853893283474,5.57296745928731,1.49830408346789e-16,1.49830408346789e-16,3.13658721952136e-16,3.13658721952136e-16,1e-20
1,3.55,0.418262060281788,5.41897522189345,1.52186325659783e-16,1.52186325659783e-16,1.89293667273654e-16,1.89293667273654e-16,1e-20
1,3.56,0.427291195390939,5.27587590829673,1.38781364388125e-16,1.38781364388125e-16,1.63140688388533e-16,1.63140688388533e-16,1e-20
1,3.57,0.435898528402793,5.14319651316086,1.30925474699678e-16,1.30925474699678e-16,1.48146450503856e-16,1.48146450503856e-16,1e-20
1,3.58,0.444048909299559,5.02042463606585,2.77599346617282e-17,2.77599346617282e-17,4.83753167715767e-17,4.83753167715767e-17,1e-20
1,3.59,0.45171444616065,4.90703062388357,1.14440063371533e-16,1.14440063371533e-16,1.27148190739826e-16,1.27148190739826e-16,1e-20
1,3.6,0.458873941313138,4.80248569657896,1.66530813941973e-16,1.66530813941973e-16,3.12489022145432e-16,3.1248902214542e-16,1e-20
1,3.61,0.465512164332406,4.70627678011448,5.96536921147373e-21,5.96536921147373e-21,1.09692982832157e-20,1.09692982832157e-20,1e-20
1,3.62,0.471619014101519,4.61791869512189,5.55130247786973e-17,5.55130247786973e-17,9.76301638285462e-17,9.76301638285076e-17,1e-20
1,3.63,0.477188626931804,4.53696438776103,2.77542313221317e-17,2.77542313221317e-17,4.89751666084876e-17,4.89751666084492e-17,1e-20
1,3.64,0.482218484013776,4.46301405914838,1.11022302605516e-16,1.11022302605516e-16,1.11025737966884e-16,1.11025737966884e-16,1e-20
1,3.65,0.486708561402092,4.39572439858426,5.69315989315168e-21,5.69315989315169e-21,1.09629925483637e-20,1.09629926210494e-20,1e-20
1,3.66,0.490660552427575,4.33481976780021,7.85005009489894e-17,7.85005009489894e-17,1.52923737724699e-16,1.52923737724699e-16,1e-20
1,3.67,0.494077178832983,4.28010836014856,5.55107606051643e-17,5.55107606051643e-17,9.95646067527068e-17,9.9564606752669e-17,1e-20
1,3.68,0.49696159522033,4.23150850418959,7.85041061316018e-17,7.85041061316018e-17,1.176271228659e-16,1.17627122865932e-16,1e-20
1,3.69,0.499316882761518,4.18909391656753,1.57004015284409e-16,1.57004015284409e-16,3.02276568043049e-16,3.02276568043074e-16,1e-20
1,3.7,0.501145622908278,4.1531711334619,1.35979899296962e-16,1.35979899296962e-16,2.53312984337307e-16,2.53312984337292e-16,1e-20
1,3.71,0.502449539868256,4.12439865391781,6.9797402412463e-21,6.9797402412463e-21,1.32467588290678e-20,1.32467588290678e-20,1e-20
1,3.72,0.503229201526323,4.10390473062535,5.55181999029698e-17,5.55181999029698e-17,1.03316727540102e-16,1.03316727540138e-16,1e-20
1,3.73,0.503483771975952,4.09317519557668,1.24127552894977e-16,1.24127552894977e-16,1.37800326430309e-16,1.37800326430282e-16,1e-20
1,3.74,0.503210814770417,4.0933334591947,1.35978722056099e-16,1.35978722056099e-16,2.47229508043477e-16,2.47229508043523e-16,1e-20
1,3.75,0.502406154498773,4.10419897121505,9.61424158292303e-17,9.61424158292303e-17,1.61847056688236e-16,1.6184705668826e-16,1e-20
1,3.76,0.501063815503181,4.12443893026777,8.32747706737938e-17,8.32747706737938e-17,1.50834625133888e-16,1.50834625133851e-16,1e-20
1,3.77,0.499176070407449,4.15258924837068,5.55194384477257e-17,5.55194384477257e-17,9.98801738912748e-17,9.98801738912748e-17,1e-20
1,3.78,0.496733646742543,4.18764546220997,8.32603127810751e-17,8.32603127810751e-17,1.25346427420143e-16,1.25346427420158e-16,1e-20
1,3.79,0.49372615481875,4.22908838203346,5.00455547453344e-17,5.00455547453344e-17,9.37052320456841e-17,9.3705232045654e-17,1e-20
1,3.8,0.490142809010817,4.27674444274362,6.35988879301164e-17,6.35988879301164e-17,9.08744534222718e-17,9.08744534222718e-17,1e-20
1,3.81,0.485973509604231,4.33066398478057,1.67838396042993e-16,1.67838396042993e-16,3.11389225801788e-16,3.1138922580182e-16,1e-20
1,3.82,0.481210323042187,4.39104048920593,1.50263677455426e-16,1.50263677455426e-16,2.32390073580713e-16,2.3239007358076e-16,1e-20
1,3.83,0.475849336453065,4.45815670423953,6.20726041295922e-17,6.20726041295922e-17,1.14153328635709e-16,1.14153328635726e-16,1e-20
1,3.84,0.469892768627646,4.53234432547285,1.17393419286105e-16,1.17393419286105e-16,2.0352367261461e-16,2.0352367261461e-16,1e-20
1,3.85,0.463351112446148,4.61394966677985,1.13019898995437e-16,1.13019898995437e-16,2.02709199790527e-16,2.02709199790491e-16,1e-20
1,3.86,0.456245000762446,4.70330220899377,8.77612543063371e-17,8.77612543063371e-17,1.57481425268706e-16,1.57481425268718e-16,1e-20
1,3.87,0.448606473908456,4.80068557859088,3.73581079750596e-17,3.73581079750596e-17,6.19033275387056e-17,6.19033275387056e-17,1e-20
1,3.88,0.440479409113794,4.90631165021557,8.12083336236988e-17,8.12083336236988e-17,1.46383825149545e-16,1.46383825149509e-16,1e-20
1,3.89,0.431919035316675,5.0202984000247,1.08619812949955e-16,1.08619812949955e-16,1.77130929196401e-16,1.7713092919635e-16,1e-20
1,3.9,0.422990644226523,5.14265132969331,1.03989925352991e-17,1.03989925352991e-17,1.74906955131254e-17,1.74906955131657e-17,1e-20
1,3.91,0.413767750613629,5.27324732786784,1.11248037442619e-16,1.11248037442619e-16,1.87714641115906e-16,1.87714641115906e-16,1e-20
1,3.92,0.404330007976682,5.41181924874844,8.88711670749561e-17,8.88711670749561e-17,1.72588396904957e-16,1.72588396905006e-16,1e-20
1,3.93,0.394761150830005,5.55793950581812,1.43605518446029e-16,1.43605518446029e-16,2.40861465051222e-16,2.40861465051222e-16,1e-20
1,3.94,0.38514714640558,5.71100155276494,7.98807015219757e-17,7.98807015219757e-17,1.34355068232236e-16,1.34355068232236e-16,1e-20
1,3.95,0.375574639018017,5.87019904628327,2.19355599154933e-17,2.19355599154933e-17,3.71636441048355e-17,3.71636441048355e-17,1e-20
1,3.96,0.366129689711272,6.03450354434945,7.07562906653081e-17,7.07562906653081e-17,1.13239931724246e-16,1.13239931724246e-16,1e-20
1,3.97,0.356896763744697,6.20264264842971,8.44215022742488e-17,8.44215022742488e-17,1.36305840463496e-16,1.36305840463496e-16,1e-20
1,3.98,0.347957896942762,6.37308147439041,5.72141773403761e-17,5.72141773403761e-17,9.82065178781303e-17,9.82065178780537e-17,1e-20
1,3.99,0.339391970828877,6.54401117759601,3.92556927515503e-17,3.92556927515503e-17,6.13027881226878e-17,6.13027881227492e-17,1e-20
1,4,0.331274037288293,6.71334887474097,2.77595062881676e-17,2.77595062881676e-17,4.68397234306382e-17,4.68397234306382e-17,1e-20
1,4.01,0.323674649901157,6.87875355390007,2.77586072433877e-17,2.77586072433877e-17,4.69883996915776e-17,4.69883996915776e-17,1e-20
1,4.02,0.316659177172954,7.0376622504602,2.48251433615318e-16,2.48251433615318e-16,5.06220257978022e-16,5.06220257978052e-16,1e-20
1,4.03,0.310287090595317,7.1873496853223,5.55100054774118e-17,5.55100054774118e-17,9.46826389326944e-17,9.46826389326547e-17,1e-20
1,4.04,0.304611236696104,7.32501256986506,2.77555757198078e-17,2.77555757198078e-17,2.77533927885668e-17,2.77533927885668e-17,1e-20
1,4.05,0.299677116212636,7.44787688958132,5.55111513259617e-17,5.55111513259617e-17,5.55089369358829e-17,5.55089369358829e-17,1e-20
1,4.06,0.295522204458846,7.55332293357186,1.11018296446247e-16,1.11018296446247e-16,2.07011774375909e-16,2.07011774375909e-16,1e-20
1,4.07,0.292175353984592,7.63901916653974,7.85063512266074e-17,7.85063512266074e-17,9.04168365699583e-17,9.04168365699583e-17,1e-20
1,4.08,0.289656322926745,7.70305299822931,7.85023766460135e-17,7.85023766460135e-17,1.29661887688256e-16,1.29661887688227e-16,1e-20
1,4.09,0.287975469519765,7.74404491590805,1.92302466833927e-16,1.92302466833927e-16,2.65915573830253e-16,2.65915573830253e-16,1e-20
1,4.1,0.287133645134536,7.76123295585832,1.8411076641328e-16,1.8411076641328e-16,2.85636363370357e-16,2.8563636337037e-16,1e-20
1,4.11,0.28712230575357,7.75451731900989,9.61402373789832e-17,9.61402373789832e-17,1.3139976004442e-16,1.31399760044391e-16,1e-20
1,4.12,0.287923846498961,7.72445972422349,7.84940817231484e-17,7.84940817231484e-17,1.18101199162994e-16,1.18101199162963e-16,1e-20
1,4.13,0.289512147744272,7.67223794047093,1.24124488178653e-16,1.24124488178653e-16,1.77999020918407e-16,1.77999020918407e-16,1e-20
1,4.14,0.291853306632316,7.59956164439874,1.38765449239745e-16,1.38765449239745e-16,2.10088576016446e-16,2.1008857601642e-16,1e-20
1,4.15,0.294906516361798,7.50856016384889,1.27198578652919e-16,1.27198578652919e-16,1.59465290729493e-16,1.59465290729481e-16,1e-20
1,4.16,0.298625048624295,7.40165502624223,1.84621631752275e-16,1.84621631752275e-16,2.48618506172194e-16,2.48618506172137e-16,1e-20
1,4.17,0.302957292469398,7.28143033181708,1.18109000745542e-16,1.18109000745542e-16,1.29983770923907e-16,1.29983770923878e-16,1e-20
1,4.18,0.307847805250112,7.15051215309367,3.41432491945443e-16,3.41432491945443e-16,5.19942331694678e-16,5.19942331694695e-16,1e-20
1,4.19,0.313238337150777,7.01146511359736,4.16185534734654e-17,4.16185534734654e-17,7.11396140167828e-17,7.11396140167828e-17,1e-20
1,4.2,0.319068798811311,6.86671081224222,1.41516985168449e-16,1.41516985168449e-16,1.92422471132809e-16,1.9242247113276e-16,1e-20
1,4.21,0.325278150397764,6.71846951166201,1.49453826732044e-16,1.49453826732044e-16,2.32101623294724e-16,2.3210162329474e-16,1e-20
1,4.22,0.331805198993638,6.56872393897161,1.24112969523078e-16,1.24112969523078e-16,1.91195054769468e-16,1.91195054769488e-16,1e-20
1,4.23,0.33858929858724,6.41920233704904,1.38762821575664e-16,1.38762821575664e-16,2.31496210386104e-16,2.31496210386104e-16,1e-20
1,4.24,0.345570952746995,6.27137702580221,1.14442770810701e-16,1.14442770810701e-16,1.31471542343452e-16,1.31471542343466e-16,1e-20
1,4.25,0.35269232415841,6.12647453034287,2.84415466330191e-16,2.84415466330191e-16,4.20637881655332e-16,4.20637881655355e-16,1e-20
1,4.26,0.359897657621612,5.9854936007656,1.38771736146778e-16,1.38771736146778e-16,2.29170882404267e-16,2.29170882404299e-16,1e-20
1,4.27,0.367133624096068,5.84922798732356,2.28886468047798e-16,2.28886468047798e-16,3.24762684176943e-16,3.24762684177001e-16,1e-20
1,4.28,0.374349593209142,5.71829148442005,1.14438002791417e-16,1.14438002791417e-16,2.08971208980007e-16,2.08971208980007e-16,1e-20
1,4.29,0.381497840598435,5.59314340480113,1.18572365995816e-16,1.18572365995816e-16,2.12730697373681e-16,2.1273069737361e-16,1e-20
1,4.3,0.388533694774603,5.47411322486009,1.38789646238926e-16,1.38789646238926e-16,2.25538944997055e-16,2.25538944997055e-16,1e-20
1,4.31,0.395415626046639,5.36142362199255,1.88767236491248e-16,1.88767236491248e-16,2.56986160723764e-16,2.56986160723764e-16,1e-20
1,4.32,0.402105277540059,5.25521149896964,3.00680343076767e-16,3.00680343076767e-16,5.10420491611522e-16,5.10420491611495e-16,1e-20
1,4.33,0.408567435465993,5.15554686651996,1.11239518043771e-16,1.11239518043771e-16,1.12662351817002e-16,1.12662351816998e-16,1e-20
1,4.34,0.414769932477432,5.06244964922888,2.71951103639504e-16,2.71951103639504e-16,4.97217680292743e-16,4.97217680292728e-16,1e-20
1,4.35,0.420683473998152,4.9759046094004,5.55035426464456e-17,5.55035426464456e-17,9.00649815563825e-17,9.00649815563407e-17,1e-20
1,4.36,0.426281372585786,4.89587466626105,2.23764697279982e-16,2.23764697279982e-16,4.21555199793828e-16,4.21555199793793e-16,1e-20
1,4.37,0.431539169481934,4.82231293956697,1.2412926434776e-16,1.2412926434776e-16,1.43690475375796e-16,1.43690475375796e-16,1e-20
1,4.38,0.436434115607528,4.75517387988619,2.54376994123233e-16,2.54376994123233e-16,4.00419632752073e-16,4.00419632752035e-16,1e-20
1,4.39,0.440944477497094,4.69442386834363,2.71938783958596e-16,2.71938783958596e-16,4.30941460900523e-16,4.30941460900576e-16,1e-20
1,4.4,0.445048630827968,4.64005166434134,2.54375193111001e-16,2.54375193111001e-16,3.99671695642188e-16,3.99671695642198e-16,1e-20
1,4.41,0.448723915368437,4.59207899186022,2.48261090503524e-16,2.48261090503524e-16,4.58442978312819e-16,4.58442978312787e-16,1e-20
1,4.42,0.451945273563164,4.5505712153108,2.22053974103775e-16,2.22053974103775e-16,4.12253267244916e-16,4.12253267244916e-16,1e-20
1,4.43,0.454683826917201,4.51564708508016,2.71955624832112e-16,2.71955624832112e-16,4.33247641660458e-16,4.33247641660511e-16,1e-20
1,4.44,0.456905832673429,4.4874842750882,1.11023571546826e-16,1.11023571546826e-16,1.86069541845377e-16,1.86069541845418e-16,1e-20
1,4.45,0.45857296396219,4.46631328602283,2.48255432605875e-16,2.48255432605875e-16,3.73205567262959e-16,3.73205567263e-16,1e-20
1,4.46,0.459645427771975,4.45238725563898,2.719560938286e-16,2.719560938286e-16,5.09290231775683e-16,5.09290231775698e-16,1e-20
1,4.47,0.460089389484074,4.4459150770985,2.22036740271091e-16,2.22036740271091e-16,4.01385062280584e-16,4.01385062280622e-16,1e-20
1,4.48,0.459888287433906,4.4469607974816,2.48248852743071e-16,2.48248852743071e-16,3.73748095443224e-16,3.73748095443184e-16,1e-20
1,4.49,0.459053783746632,4.45534532131199,2.48259461319038e-16,2.48259461319038e-16,3.79403934223496e-16,3.79403934223496e-16,1e-20
1,4.5,0.457629762639559,4.47060757644836,1.11022302842026e-16,1.11022302842026e-16,1.110282207466e-16,1.110282207466e-16,1e-20
1,4.51,0.455686306387629,4.49205286521156,2.2203692774169e-16,2.2203692774169e-16,3.88159426902229e-16,3.88159426902229e-16,1e-20
1,4.52,0.45330751390332,4.51885584782005,2.22049201026909e-16,2.22049201026909e-16,3.88603051792087e-16,3.88603051792087e-16,1e-20
1,4.53,0.450579884503576,4.55015975027719,3.14009349666747e-16,3.14009349666747e-16,5.82151543584055e-16,5.82151543584055e-16,1e-20
1,4.54,0.44758511529313,4.58513767157232,1.57007230663591e-16,1.57007230663591e-16,1.97151597138565e-16,1.97151597138527e-16,1e-20
1,4.55,0.444397284868363,4.62301565321893,1.0629177211137e-20,1.0629177211137e-20,1.93851861450821e-20,1.93851861517221e-20,1e-20
1,4.56,0.441082723467861,4.66307214448412,3.14011350901107e-16,3.14011350901107e-16,5.17642596170534e-16,5.17642596170534e-16,1e-20
1,4.57,0.43770100624186,4.70462764725778,1.57009155236166e-16,1.57009155236166e-16,2.36933974698874e-16,2.36933974698906e-16,1e-20
1,4.58,0.434306159728601,4.74703279668348,2.48242788784121e-16,2.48242788784121e-16,3.81298161682261e-16,3.81298161682182e-16,1e-20
1,4.59,0.430947690536313,4.7896586452862,2.48241479641941e-16,2.48241479641941e-16,4.28371805925314e-16,4.28371805925314e-16,1e-20
1,4.6,0.427671327280513,4.83189042038788,1.11025676970676e-16,1.11025676970676e-16,1.84342458734858e-16,1.84342458734858e-16,1e-20
1,4.61,0.424519487726877,4.8731248945873,1.11026776518801e-16,1.11026776518801e-16,1.83297665315771e-16,1.8329766531573e-16,1e-20
1,4.62,0.421531522214893,4.9127710736084,1.11027867837573e-16,1.11027867837573e-16,1.82323633704798e-16,1.82323633704798e-16,1e-20
1,4.63,0.418743789186878,4.9502537599556,3.33054019309602e-16,3.33054019309602e-16,5.61058039948921e-16,5.61058039948947e-16,1e-20
1,4.64,0.416189611736474,4.98501950091248,1.57003817223531e-16,1.57003817223531e-16,2.22196788036922e-16,2.22196788036922e-16,1e-20
1,4.65,0.413899154889057,5.01654439801897,2.28880445043709e-16,2.28880445043709e-16,2.31461496947685e-16,2.31461496947668e-16,1e-20
1,4.66,0.41189925506926,5.04434321989132,2.00156310189875e-16,2.00156310189875e-16,2.82507856605501e-16,2.82507856605461e-16,1e-20
1,4.67,0.41021322662462,5.06797922262908,2.84414187176459e-16,2.84414187176459e-16,4.53080410747175e-16,4.53080410747175e-16,1e-20
1,4.68,0.408860665192419,5.08707405280254,2.54376548142981e-16,2.54376548142981e-16,2.55142930183375e-16,2.55142930183449e-16,1e-20
1,4.69,0.407857263718488,5.10131709997566,2.42360318387235e-16,2.42360318387235e-16,2.66723706852125e-16,2.66723706852125e-16,1e-20
1,4.7,0.407214653671685,5.11047369003478,1.11022303696112e-16,1.11022303696112e-16,1.11029878890783e-16,1.11029878890783e-16,1e-20
1,4.71,0.406940281141437,5.11439157431522,1.08406998758595e-16,1.08406998758595e-16,1.73539096153603e-16,1.73539096153645e-16,1e-20
1,4.72,0.407037324850075,5.11300527416256,2.02793012717129e-16,2.02793012717129e-16,2.8308651740514e-16,2.83086517405144e-16,1e-20
1,4.73,0.407504660533005,5.1063379815786,2.45234737138313e-16,2.45234737138313e-16,2.81361821115685e-16,2.8136182111571e-16,1e-20
1,4.74,0.408336873578821,5.09450088382891,1.38769341126281e-16,1.38769341126281e-16,1.69999034106545e-16,1.69999034106512e-16,1e-20
1,4.75,0.409524319260694,5.07768995904353,1.24133130763585e-16,1.24133130763585e-16,1.46478509278137e-16,1.46478509278111e-16,1e-20
1,4.76,0.411053227330019,5.05618046472661,1.38769243605872e-16,1.38769243605872e-16,1.67777416994584e-16,1.67777416994584e-16,1e-20
1,4.77,0.412905845177382,5.03031949619415,5.72094736148961e-17,5.72094736148961e-17,1.0769110333921e-16,1.07691103339219e-16,1e-20
1,4.78,0.415060611158015,5.00051711491581,4.52052653627095e-16,4.52052653627095e-16,7.28331791854412e-16,7.28331791854372e-16,1e-20
1,4.79,0.417492346938778,4.96723663019425,1.16312899792822e-16,1.16312899792822e-16,1.18500583824038e-16,1.18500583824057e-16,1e-20
1,4.8,0.420172454685891,4.93098466019545,9.93397668363284e-17,9.93397668363284e-17,1.60874773360676e-16,1.60874773360603e-16,1e-20
1,4.81,0.423069101319291,4.89230160458067,1.2586513465715e-16,1.2586513465715e-16,1.47235674024987e-16,1.47235674024977e-16,1e-20
1,4.82,0.426147367557156,4.85175314030946,1.13437440895653e-16,1.13437440895653e-16,1.15983389882841e-16,1.15983389882829e-16,1e-20
1,4.83,0.42936933365084,4.8099233169792,1.1295473089094e-16,1.1295473089094e-16,1.21894846267545e-16,1.21894846267556e-16,1e-20
1,4.84,0.432694066238884,4.76740979069376,1.77717075459194e-16,1.77717075459194e-16,2.60361817477079e-16,2.60361817477057e-16,1e-20
1,4.85,0.436077461803699,4.724821703045,4.16220363201646e-17,4.16220363201646e-17,7.01955535456913e-17,7.01955535456913e-17,1e-20
1,4.86,0.439471893536084,4.68278067599467,1.27952272437783e-16,1.27952272437783e-16,2.10063104704569e-16,2.10063104704565e-16,1e-20
1,4.87,0.442825605799939,4.64192530857095,1.17752751837792e-16,1.17752751837792e-16,1.94037400123756e-16,1.94037400123785e-16,1e-20
1,4.88,0.446081818992332,4.60291929923658,1.14436825120645e-16,1.14436825120645e-16,1.30714772171849e-16,1.30714772171849e-16,1e-20
1,4.89,0.449177581460834,4.56646258752894,1.49469155116603e-16,1.49469155116603e-16,2.53712150872256e-16,2.53712150872218e-16,1e-20
1,4.9,0.452042598668705,4.53330316138697,1.2719595639774e-16,1.2719595639774e-16,1.84763070760247e-16,1.84763070760247e-16,1e-20
1,4.91,0.45459867076312,4.50424367466009,1.11022302867416e-16,1.11022302867416e-16,1.11016240698302e-16,1.11016240698302e-16,1e-20
1,4.92,0.456760996236494,4.48013165419125,1.57012948853614e-16,1.57012948853614e-16,1.97655415793376e-16,1.976554157933e-16,1e-20
1,4.93,0.458443114025477,4.46181784841467,9.07485722944371e-21,9.07485722944371e-21,1.67904796739061e-20,1.67904796739061e-20,1e-20
1,4.94,0.45956661714452,4.45007324275577,5.55043950231857e-17,5.55043950231857e-17,9.94229566314726e-17,9.94229566314726e-17,1e-20
1,4.95,0.460073816018173,4.44548128413097,1.27187851553925e-16,1.27187851553925e-16,1.85379709754676e-16,1.85379709754676e-16,1e-20
1,4.96,0.459937525106716,4.44835636958278,1.66539763069728e-16,1.66539763069728e-16,2.88017352013362e-16,2.88017352013362e-16,1e-20
1,4.97,0.459161906246763,4.45874072921223,6.20652887737263e-17,6.20652887737263e-17,1.08109620163022e-16,1.08109620163005e-16,1e-20
1,4.98,0.457774077847435,4.47648100337829,1.5700376675776e-16,1.5700376675776e-16,2.30733322285473e-16,2.30733322285505e-16,1e-20
1,4.99,0.455812199826704,4.50133438029909,1.27192578095232e-16,1.27192578095232e-16,1.75159835852078e-16,1.75159835852035e-16,1e-20
1,5,0.45331592872404,4.53305374056626,1.66529360037603e-16,1.66529360037603e-16,2.2727387207299e-16,2.27273872072957e-16,1e-20
1,5.01,0.450321366319363,4.57143426874709,1.24130868313753e-16,1.24130868313753e-16,1.3770261647226e-16,1.37702616472287e-16,1e-20
1,5.02,0.446859637198633,4.61632927152385,2.77654095840774e-17,2.77654095840774e-17,4.57466304335272e-17,4.57466304335683e-17,1e-20
1,5.03,0.442957455223401,4.66764894894019,1.2412207372654e-16,1.2412207372654e-16,1.46844906841281e-16,1.46844906841281e-16,1e-20
1,5.04,0.43863844641101,4.72535204229843,1.76095435639848e-16,1.76095435639848e-16,2.69020272773737e-16,2.69020272773737e-16,1e-20
1,5.05,0.433924572402154,4.78943537605291,9.71559120184853e-17,9.71559120184853e-17,1.58428712892121e-16,1.58428712892121e-16,1e-20
1,5.06,0.428837387081763,4.85992318401478,1.24322358466202e-16,1.24322358466202e-16,1.80290209081739e-16,1.80290209081739e-16,1e-20
1,5.07,0.423399055482111,4.93685661977033,1.47531051005721e-16,1.47531051005721e-16,1.8917753121464e-16,1.89177531214675e-16,1e-20
1,5.08,0.41763314485177,5.02028327455219,2.42374736540418e-16,2.42374736540418e-16,3.94200230041782e-16,3.94200230041765e-16,1e-20
1,5.09,0.411565222658979,5.11024634886488,2.33013234354451e-16,2.33013234354451e-16,3.39098660793765e-16,3.3909866079373e-16,1e-20
1,5.1,0.405223298293443,5.20677309202264,6.92529823751521e-18,6.92529823751521e-18,1.12252465763944e-17,1.12252465764362e-17,1e-20
1,5.11,0.398638139598101,5.30986213583011,2.21904570778916e-16,2.21904570778916e-16,3.17035583846563e-16,3.17035583846604e-16,1e-20
1,5.12,0.391843488281174,5.41946937576024,1.45650736074836e-16,1.45650736074836e-16,2.35037060956895e-16,2.35037060956855e-16,1e-20
1,5.13,0.384876191828432,5.53549209455263,2.9136294093988e-16,2.9136294093988e-16,4.5772660186173e-16,4.57726601861686e-16,1e-20
1,5.14,0.377776264210412,5.6577510892411,1.60212090517174e-16,1.60212090517174e-16,2.57699150764886e-16,2.57699150764932e-16,1e-20
1,5.15,0.370586883343395,5.78597066768772,2.18973381019832e-16,2.18973381019832e-16,3.2321215294039e-16,3.23212152940352e-16,1e-20
1,5.16,0.363354329668188,5.91975654159714,1.48320370025618e-16,1.48320370025618e-16,2.35668443891482e-16,2.3566844389144e-16,1e-20
1,5.17,0.356127867140467,6.05857187771359,6.20477053792137e-17,6.20477053792137e-17,1.06362582259903e-16,1.06362582259956e-16,1e-20
1,5.18,0.348959565247481,6.20171209458698,1.24893740100357e-16,1.24893740100357e-16,1.7738604053436e-16,1.77386040534355e-16,1e-20
1,5.19,0.341904058339381,6.34827942138022,1.00056163286549e-16,1.00056163286549e-16,1.5463104051219e-16,1.54631040512227e-16,1e-20
1,5.2,0.335018236642577,6.49715876928659,1.38791713256182e-16,1.38791713256182e-16,2.32207772413498e-16,2.32207772413539e-16,1e-20
1,5.21,0.328360861945261,6.64699708726432,3.55426904529568e-16,3.55426904529568e-16,5.46727792291791e-16,5.46727792291791e-16,1e-20
1,5.22,0.321992100323079,6.79618903365534,1.2413243598925e-16,1.2413243598925e-16,1.19183835415803e-16,1.19183835415772e-16,1e-20
1,5.23,0.315972964671357,6.94287240428114,2.98952696328188e-16,2.98952696328188e-16,4.3026070493163e-16,4.30260704931664e-16,1e-20
1,5.24,0.310364661515927,7.08493717795397,1.56992338640604e-16,1.56992338640604e-16,2.40279689647448e-16,2.4027968964751e-16,1e-20
1,5.25,0.305227839844444,7.22005208879833,1.11032790878409e-16,1.11032790878409e-16,1.91737074521054e-16,1.91737074521054e-16,1e-20
1,5.26,0.300621744690441,7.34571210331095,2.28866290177136e-16,2.28866290177136e-16,4.33249867965756e-16,4.33249867965756e-16,1e-20
1,5.27,0.296603284883116,7.45930888041147,1.66531013039128e-16,1.66531013039128e-16,2.92832177908631e-16,2.92832177908631e-16,1e-20
1,5.28,0.293226032442782,7.55822412551102,1.66530558050687e-16,1.66530558050687e-16,2.93381274190041e-16,2.93381274190015e-16,1e-20
1,5.29,0.290539179912727,7.63994278715582,1.11011128915682e-16,1.11011128915682e-16,1.99983654541869e-16,1.99983654541906e-16,1e-20
1,5.3,0.288586490482293,7.70217960064907,2.28873393902294e-16,2.28873393902294e-16,3.77066429277143e-16,3.77066429277143e-16,1e-20
1,5.31,0.287405282810509,7.74300912948932,1.92288449122315e-16,1.92288449122315e-16,2.62156941825126e-16,2.62156941825126e-16,1e-20
1,5.32,0.287025496646022,7.76098695109694,1.57013338007244e-16,1.57013338007244e-16,3.20296517481523e-16,3.20296517481523e-16,1e-20
1,5.33,0.287468885468014,7.75524874773717,1.24133413232947e-16,1.24133413232947e-16,1.80149213080216e-16,1.80149213080216e-16,1e-20
1,5.34,0.288748377724073,7.72557533254949,2.48251276064704e-16,2.48251276064704e-16,5.00786819330894e-16,5.00786819330924e-16,1e-20
1,5.35,0.290867638817224,7.67241513507543,1.24122225005503e-16,1.24122225005503e-16,2.21487795373505e-16,2.21487795373505e-16,1e-20
1,5.36,0.293820852637423,7.59686088517046,1.1101861593354e-16,1.1101861593354e-16,1.92488084500352e-16,1.92488084500352e-16,1e-20
1,5.37,0.297592725742837,7.5005831692665,2.28879877514293e-16,2.28879877514293e-16,4.43236674591428e-16,4.43236674591462e-16,1e-20
1,5.38,0.302158701353099,7.38572896584602,2.49802500492778e-16,2.49802500492778e-16,4.91322344295634e-16,4.9132234429565e-16,1e-20
1,5.39,0.307485356273932,7.25479711371505,5.55108517503873e-17,5.55108517503873e-17,9.48795878344137e-17,9.48795878344533e-17,1e-20
1,5.4,0.313530943541854,7.11050429155563,2.28876056526648e-16,2.28876056526648e-16,4.56114067271174e-16,4.56114067271174e-16,1e-20
1,5.41,0.320246038125329,6.95565444142654,5.55111513717828e-17,5.55111513717828e-17,5.55120574443996e-17,5.55120574443996e-17,1e-20
1,5.42,0.327574242853257,6.7930221228868,1.66534093196441e-16,1.66534093196441e-16,2.93348917982738e-16,2.93348917982712e-16,1e-20
1,5.43,0.335452916600514,6.62525681098107,5.55159515884861e-17,5.55159515884861e-17,9.35332354765181e-17,9.35332354765181e-17,1e-20
1,5.44,0.343813895939677,6.45481146437537,1.62433183152171e-16,1.62433183152171e-16,2.97469581544079e-16,2.97469581544104e-16,1e-20
1,5.45,0.352584194096027,6.28389543775505,1.387778948289e-17,1.387778948289e-17,1.38790007974607e-17,1.38790007974606e-17,1e-20
1,5.46,0.361686676285947,6.11444937613821,1.59447302772335e-16,1.59447302772335e-16,3.01548386273289e-16,3.01548386273339e-16,1e-20
1,5.47,0.371040727622859,5.94813822308094,3.10248410757427e-17,3.10248410757427e-17,4.48959612215054e-17,4.48959612215473e-17,1e-20
1,5.48,0.380562947859577,5.78635781799163,6.93808635954467e-17,6.93808635954467e-17,1.16059079449291e-16,1.16059079449332e-16,1e-20
1,5.49,0.390167924792104,5.6302505640546,4.1661091884031e-17,4.1661091884031e-17,6.92759252759178e-17,6.92759252759585e-17,1e-20
1,5.5,0.39976915226846,5.48072611107873,1.09760739705202e-16,1.09760739705202e-16,1.84300341405671e-16,1.84300341405671e-16,1e-20
1,5.51,0.409280164297739,5.33848374564629,3.12337901341738e-17,3.12337901341738e-17,5.23735656182772e-17,5.23735656182368e-17,1e-20
1,5.52,0.418615946112004,5.20403410055031,1.42425272324028e-16,1.42425272324028e-16,2.40282857804533e-16,2.40282857804493e-16,1e-20
1,5.53,0.427694647398948,5.07771881976856,1.08601991673567e-16,1.08601991673567e-16,1.87810374346381e-16,1.87810374346344e-16,1e-20
1,5.54,0.436439556465293,4.95972788478158,1.96200161577138e-17,1.96200161577138e-17,2.56055230096214e-17,2.56055230095847e-17,1e-20
1,5.55,0.444781200988582,4.85011531855308,2.15791982071276e-16,2.15791982071276e-16,3.70582888238508e-16,3.705828882385e-16,1e-20
1,5.56,0.45265934242002,4.74881475317747,9.74452801321138e-17,9.74452801321138e-17,1.62820402809855e-16,1.62820402809817e-16,1e-20
1,5.57,0.460024565195265,4.65565665090307,5.72272912467647e-17,5.72272912467647e-17,1.04530353985707e-16,1.04530353985734e-16,1e-20
1,5.58,0.466839170284039,4.5703886601733,4.85799313664543e-17,4.85799313664543e-17,8.34759675669514e-17,8.34759675669514e-17,1e-20
1,5.59,0.473077185013643,4.49269976023185,6.20698839388649e-17,6.20698839388649e-17,9.89738032012294e-17,9.89738032012294e-17,1e-20
1,5.6,0.478723474725857,4.4222478961139,1.30178566723704e-16,1.30178566723704e-16,1.8950725086202e-16,1.8950725086202e-16,1e-20
1,5.61,0.48377212538327,4.35869031566191,2.2378096611764e-16,2.2378096611764e-16,4.14985885111341e-16,4.14985885111377e-16,1e-20
1,5.62,0.488224391911529,4.30171633795738,1.00082402202234e-16,1.00082402202234e-16,1.87140571565126e-16,1.87140571565126e-16,1e-20
1,5.63,0.492086537923172,4.25108418492662,1.86197853068449e-16,1.86197853068449e-16,3.31865800658826e-16,3.31865800658826e-16,1e-20
1,5.64,0.495367837335427,4.20666707988719,1.24124492827273e-16,1.24124492827273e-16,1.4356677565752e-16,1.43566775657494e-16,1e-20
1,5.65,0.498078907156922,4.1685191630816,1.84106299480384e-16,1.84106299480384e-16,2.10216237835371e-16,2.10216237835371e-16,1e-20
1,5.66,0.500230437019937,4.13697661025172,7.85095230007499e-17,7.85095230007499e-17,1.06193895124766e-16,1.06193895124802e-16,1e-20
1,5.67,0.501832302885172,4.112797594499,7.84996109995572e-17,7.84996109995572e-17,1.27761318092855e-16,1.27761318092825e-16,1e-20
1,5.68,0.502893008115394,4.09725568066967,1.66526833629685e-16,1.66526833629685e-16,3.05720118746142e-16,3.05720118746142e-16,1e-20
1,5.69,0.503419379788049,4.09186714565661,1.24120188339433e-16,1.24120188339433e-16,2.03143556433557e-16,2.03143556433594e-16,1e-20
1,5.7,0.503416451627787,4.09746954459515,1.57002963645148e-16,1.57002963645148e-16,2.99466223532171e-16,2.99466223532146e-16,1e-20
1,5.71,0.502887477834719,4.11348631521269,7.39346277880012e-21,7.39346277880012e-21,1.36775527262191e-20,1.36775526946968e-20,1e-20
1,5.72,0.501834037792112,4.13847415129888,1.11021922639176e-16,1.11021922639176e-16,2.08659211066615e-16,2.08659211066579e-16,1e-20
1,5.73,0.500256206520677,4.17108967197401,2.54381085623885e-16,2.54381085623885e-16,4.73470780186955e-16,4.73470780186939e-16,1e-20
1,5.74,0.498152778262722,4.21045913208853,1.24133042681668e-16,1.24133042681668e-16,2.12189568249942e-16,2.12189568249942e-16,1e-20
1,5.75,0.495521540356666,4.25612490971153,1.57005315504498e-16,1.57005315504498e-16,3.03970688557873e-16,3.03970688557848e-16,1e-20
1,5.76,0.492359601704941,4.3079142447606,2.22051309435258e-16,2.22051309435258e-16,3.97337512367539e-16,3.97337512367539e-16,1e-20
1,5.77,0.488663784799465,4.36584183672291,1.66539902661476e-16,1.66539902661476e-16,2.96710044908997e-16,2.96710044909074e-16,1e-20
1,5.78,0.484431092439016,4.43005105670418,1.11019293627043e-16,1.11019293627043e-16,2.15914892979325e-16,2.1591489297929e-16,1e-20
1,5.79,0.479659259727023,4.50077997313235,2.77549452598693e-16,2.77549452598693e-16,4.94048084796902e-16,4.94048084796856e-16,1e-20
1,5.8,0.474347398314256,4.5783411745679,2.77549289327947e-16,2.77549289327947e-16,4.92497297133607e-16,4.92497297133577e-16,1e-20
1,5.81,0.468496732845849,4.66310868842246,2.28872762955609e-16,2.28872762955609e-16,4.34626192732571e-16,4.34626192732588e-16,1e-20
1,5.82,0.462111419241412,4.7555081018233,2.48246981649407e-16,2.48246981649407e-16,4.52379429060397e-16,4.52379429060397e-16,1e-20
1,5.83,0.455199421532215,4.856007563539,2.71941996146443e-16,2.71941996146443e-16,4.29257386238863e-16,4.29257386238846e-16,1e-20
1,5.84,0.447773410201457,4.96510820259668,2.28884746120278e-16,2.28884746120278e-16,4.35464862365707e-16,4.35464862365638e-16,1e-20
1,5.85,0.439851632959557,5.08333296770406,1.24127894624491e-16,1.24127894624491e-16,1.59416281668634e-16,1.59416281668611e-16,1e-20
1,5.86,0.431458701772762,5.2112131381848,2.77536387030317e-17,2.77536387030317e-17,4.82958441877088e-17,4.82958441876698e-17,1e-20
1,5.87,0.422626240509804,5.34927185472085,2.22037902059103e-16,2.22037902059103e-16,4.44758810555326e-16,4.44758810555326e-16,1e-20
1,5.88,0.413393347081191,5.49800399515797,1.24126562405119e-16,1.24126562405119e-16,1.6386648850258e-16,1.63866488502557e-16,1e-20
1,5.89,0.4038068414419,5.65785159360125,4.45254293505176e-16,4.45254293505176e-16,8.79972474746296e-16,8.79972474746298e-16,1e-20
1,5.9,0.393921292964718,5.8291737966575,2.27302432649171e-16,2.27302432649171e-16,4.74446687667286e-16,4.74446687667286e-16,1e-20
1,5.91,0.383798842587665,6.01221011854334,3.15237468583341e-16,3.15237468583341e-16,4.0315537949047e-16,4.03155379490475e-16,1e-20
1,5.92,0.373508851858452,6.2070355748889,1.14440057638583e-16,1.14440057638583e-16,1.34944826279033e-16,1.34944826279033e-16,1e-20
1,5.93,0.363127419035945,6.41350625092978,2.54376947676695e-16,2.54376947676695e-16,4.35713950695181e-16,4.35713950695172e-16,1e-20
1,5.94,0.35273680055492,6.63119413044077,1.24124010241547e-16,1.24124010241547e-16,1.18170580535405e-16,1.18170580535405e-16,1e-20
1,5.95,0.342424765493162,6.85931074394631,5.55038454770589e-17,5.55038454770589e-17,9.80672193345585e-17,9.80672193345201e-17,1e-20
1,5.96,0.332283893864253,7.09662058073527,1.5701534837723e-16,1.5701534837723e-16,2.61919842674864e-16,2.61919842674864e-16,1e-20
1,5.97,0.322410809930148,7.34134744718356,3.33056913195301e-16,3.33056913195301e-16,5.93543860286068e-16,5.9354386028603e-16,1e-20
1,5.98,0.312905322579775,7.59108019551049,3.14007249286907e-16,3.14007249286907e-16,6.87625624987906e-16,6.87625624987884e-16,1e-20
1,5.99,0.303869429107538,7.84268849397636,1.11035091506895e-16,1.11035091506895e-16,1.99868534747616e-16,1.99868534747579e-16,1e-20
1,6,0.29540612910954,8.09226424951801,1.11008120637041e-16,1.11008120637041e-16,2.00906906297069e-16,2.00906906297031e-16,1e-20
1,6.01,0.287617994235613,8.33510909672861,1.57020234509268e-16,1.57020234509268e-16,2.72566982761324e-16,2.72566982761296e-16,1e-20
1,6.02,0.280605449626478,8.5657915156829,2.22027771168866e-16,2.22027771168866e-16,4.06525579544176e-16,4.06525579544139e-16,1e-20
1,6.03,0.274464745986448,8.77829645038273,1.80570882580124e-20,1.80570882580124e-20,3.25651427349035e-20,3.25651427349035e-20,1e-20
1,6.04,0.269285638015719,8.96628333527502,2.48242800770753e-16,2.48242800770753e-16,4.02328205984219e-16,4.02328205984219e-16,1e-20
1,6.05,0.265148833415618,9.12345349380887,2.48235516962498e-16,2.48235516962498e-16,3.70004842876277e-16,3.70004842876277e-16,1e-20
1,6.06,0.262123331238407,9.24400540732352,3.33087638257934e-16,3.33087638257934e-16,6.25245703033622e-16,6.25245703033695e-16,1e-20
1,6.07,0.260263819273431,9.32313028649005,2.71934042491033e-16,2.71934042491033e-16,3.77115608106134e-16,3.77115608106154e-16,1e-20
1,6.08,0.259608334905768,9.3574782275973,1.92313154777047e-16,1.92313154777047e-16,2.57759395249002e-16,2.5775939524906e-16,1e-20
1,6.09,0.260176400232598,9.3455161266305,2.22044606149888e-16,2.22044606149888e-16,2.22057703985055e-16,2.22057703985055e-16,1e-20
1,6.1,0.261967812713395,9.28770920243337,3.33084457064059e-16,3.33084457064059e-16,5.08433221656139e-16,5.0843322165611e-16,1e-20
1,6.11,0.264962208557356,9.18648863451882,2.35682365066314e-20,2.35682365066314e-20,3.77026478080625e-20,3.77026477889725e-20,1e-20
1,6.12,0.269119428869422,9.0460104868104,2.71935046746777e-16,2.71935046746777e-16,3.16360045344436e-16,3.1636004534446e-16,1e-20
1,6.13,0.274380627392906,8.87175237265616,1.24135569470247e-16,1.24135569470247e-16,1.04676115564835e-16,1.04676115564835e-16,1e-20
1,6.14,0.280669984467071,8.67002134835059,2.22044606053287e-16,2.22044606053287e-16,2.22035162312308e-16,2.22035162312308e-16,1e-20
1,6.15,0.287896850737989,8.44745263790293,2.00128397433783e-16,2.00128397433783e-16,3.03433595163481e-16,3.03433595163481e-16,1e-20
1,6.16,0.295958142986459,8.21056563085847,1.49481264256402e-16,1.49481264256402e-16,1.79715864129934e-16,1.79715864129934e-16,1e-20
1,6.17,0.304740849508444,7.96541890990283,9.93326431534081e-17,9.93326431534081e-17,1.55699732807729e-16,1.55699732807711e-16,1e-20
1,6.18,0.31412456183388,7.71737927565535,2.82191005078719e-16,2.82191005078719e-16,4.46056229964388e-16,4.46056229964388e-16,1e-20
1,6.19,0.323984016324846,7.4709980600338,1.87653820011716e-16,1.87653820011716e-16,3.02143170130941e-16,3.02143170130941e-16,1e-20
1,6.2,0.33419168454389,7.22997480282574,2.22044605581899e-16,2.22044605581899e-16,2.22051832077467e-16,2.22051832077467e-16,1e-20
1,6.21,0.344620476729147,6.99718350781835,2.86202863226425e-17,2.86202863226425e-17,6.18497881350849e-17,6.18497881350849e-17,1e-20
1,6.22,0.355146602994377,6.77473808727854,2.77643258266888e-17,2.77643258266888e-17,5.02764918006508e-17,5.02764918006882e-17,1e-20
1,6.23,0.365652565556719,6.56407853939763,1.16319479620412e-16,1.16319479620412e-16,1.47047437279138e-16,1.47047437279138e-16,1e-20
1,6.24,0.376030143052344,6.36606544997247,1.18574501439304e-16,1.18574501439304e-16,1.55218697219157e-16,1.55218697219175e-16,1e-20
1,6.25,0.386183108868565,6.18107577214221,1.27192629428972e-16,1.27192629428972e-16,2.07931358218712e-16,2.07931358218694e-16,1e-20
1,6.26,0.396029352050826,6.00909646434601,1.2986755513756e-16,1.2986755513756e-16,1.82394724320132e-16,1.82394724320132e-16,1e-20
1,6.27,0.405502091074663,5.84981418547722,2.22051425967872e-16,2.22051425967872e-16,2.21114875416137e-16,2.21114875416136e-16,1e-20
1,6.28,0.414550002209332,5.70269932070294,3.72913910805946e-17,3.72913910805946e-17,6.72188488179773e-17,6.72188488179772e-17,1e-20
1,6.29,0.423136287105183,5.56708207744209,1.13837095112428e-16,1.13837095112428e-16,1.08387207329077e-16,1.08387207329061e-16,1e-20
1,6.3,0.43123690261193,5.44221817731799,1.15079707611042e-16,1.15079707611042e-16,1.54411194586383e-16,1.54411194586388e-16,1e-20
1,6.31,0.438838297876336,5.32734224473108,1.28744422914841e-16,1.28744422914841e-16,2.02184679167982e-16,2.02184679167993e-16,1e-20
1,6.32,0.445935019647017,5.22170823082615,1.16318061830732e-16,1.16318061830732e-16,1.16708258715614e-16,1.16708258715634e-16,1e-20
1,6.33,0.452527475637068,5.12461762882719,1.11885929042966e-16,1.11885929042966e-16,1.17883014876281e-16,1.17883014876281e-16,1e-20
1,6.34,0.458620033922141,5.03543735699554,1.14441492289542e-16,1.14441492289542e-16,1.44854259101102e-16,1.44854259101115e-16,1e-20
1,6.35,0.464219527857732,4.95360977462649,1.12100222381099e-16,1.12100222381099e-16,1.28006505392289e-16,1.28006505392285e-16,1e-20
1,6.36,0.469334156382544,4.87865737813091,1.115093308658e-16,1.115093308658e-16,1.10940889031857e-16,1.10940889031851e-16,1e-20
1,6.37,0.473972724670671,4.81018446459228,4.71886159665685e-17,4.71886159665685e-17,9.27849949106198e-17,9.27849949106426e-17,1e-20
1,6.38,0.478144153610717,4.74787763123176,2.86091806773805e-17,2.86091806773805e-17,5.57391715041106e-17,5.57391715040768e-17,1e-20
1,6.39,0.48185718826383,4.69150652041292,1.14482574846315e-16,1.14482574846315e-16,1.15801033947458e-16,1.15801033947458e-16,1e-20
1,6.4,0.485120246107798,4.64092574663734,6.99314571573377e-17,6.99314571573377e-17,1.40806150391494e-16,1.40806150391525e-16,1e-20
1,6.41,0.487941359245655,4.59607837395753,2.52592600754519e-17,2.52592600754519e-17,4.99016224407639e-17,4.99016224407874e-17,1e-20
1,6.42,0.490328177388177,4.55700045194407,1.12742598671147e-16,1.12742598671147e-16,1.11565388843778e-16,1.11565388843778e-16,1e-20
1,6.43,0.492288008851053,4.52382466098163,1.11886494884484e-16,1.11886494884484e-16,1.11901137710064e-16,1.11901137710055e-16,1e-20
1,6.44,0.493827884742908,4.49677878459752,1.67116546792739e-16,1.67116546792739e-16,3.48653237865858e-16,3.48653237865858e-16,1e-20
1,6.45,0.494954637218941,4.47617175225981,3.92587200815996e-17,3.92587200815996e-17,8.20577583729709e-17,8.20577583729479e-17,1e-20
1,6.46,0.495674986587235,4.4623581577835,1.17763355928978e-16,1.17763355928978e-16,2.46064793298665e-16,2.46064793298619e-16,1e-20
1,6.47,0.495995634637036,4.45567562697569,3.53277212173129e-16,3.53277212173129e-16,7.38178491133282e-16,7.38178491133259e-16,1e-20
1,6.48,0.49592336319662,4.45636250170695,1.35977673551404e-16,1.35977673551404e-16,1.98259036494314e-16,1.98259036494295e-16,1e-20
1,6.49,0.495465137919799,4.46448252716257,2.60364677380171e-16,2.60364677380171e-16,5.08308953891687e-16,5.08308953891664e-16,1e-20
1,6.5,0.494628217859766,4.4798916605304,1.24117778003169e-16,1.24117778003169e-16,2.55232337153956e-16,2.55232337153956e-16,1e-20
1,6.51,0.493420271665607,4.5022641272151,1.24117836684206e-16,1.24117836684206e-16,2.54842843145022e-16,2.54842843145007e-16,1e-20
1,6.52,0.491849501329331,4.53116149058791,2.00152159290185e-16,2.00152159290185e-16,4.21297290357706e-16,4.21297290357706e-16,1e-20
1,6.53,0.489924774382617,4.56610980595986,2.48244749780857e-16,2.48244749780857e-16,5.08655945849157e-16,5.08655945849157e-16,1e-20
1,6.54,0.487655765330107,4.60665766651728,2.48244899847514e-16,2.48244899847514e-16,5.0839953685068e-16,5.08399536850694e-16,1e-20
1,6.55,0.48505310693014,4.65240695681894,1.66527279476167e-16,1.66527279476167e-16,2.20281055415205e-16,2.20281055415205e-16,1e-20
1,6.56,0.482128551701864,4.70302137714348,1.92292181154409e-16,1.92292181154409e-16,3.25845903453741e-16,3.25845903453741e-16,1e-20
1,6.57,0.478895143748951,4.75822150087348,1.17389721002307e-20,1.17389721002307e-20,2.09669500513172e-20,2.09669500651715e-20,1e-20
1,6.58,0.475367400637234,4.81777345662436,2.71954895973724e-16,2.71954895973724e-16,4.99465668746825e-16,4.9946566874678e-16,1e-20
1,6.59,0.471561504634542,4.881475461622,2.77545216000453e-16,2.77545216000453e-16,5.19045262216808e-16,5.19045262216808e-16,1e-20
1,6.6,0.467495502099815,4.94914420011126,1.92299186341506e-16,1.92299186341506e-16,3.1826613450281e-16,3.1826613450281e-16,1e-20
1,6.61,0.463189509176522,5.02060172231695,2.22054572532068e-16,2.22054572532068e-16,4.12986342870422e-16,4.12986342870422e-16,1e-20
1,6.62,0.458665921181595,5.09566289317957,2.48244825328437e-16,2.48244825328437e-16,4.39279976859714e-16,4.39279976859714e-16,1e-20
1,6.63,0.453949622163983,5.17412316605301,2.49806637422301e-16,2.49806637422301e-16,4.16039374586457e-16,4.16039374586462e-16,1e-20
1,6.64,0.449068190016291,5.25574640599987,1.94280322169436e-16,1.94280322169436e-16,3.59407536343809e-16,3.59407536343773e-16,1e-20
1,6.65,0.444052091242479,5.34025253750614,2.37152807465821e-16,2.37152807465821e-16,4.54479897844324e-16,4.54479897844344e-16,1e-20
1,6.66,0.438934858006784,5.42730489472543,2.3714000785345e-16,2.3714000785345e-16,5.25375090298301e-16,5.2537509029829e-16,1e-20
1,6.67,0.433753238420204,5.51649729103258,4.8565359871073e-17,4.8565359871073e-17,8.9718190460736e-17,8.97181904607727e-17,1e-20
1,6.68,0.428547309190258,5.60734099519053,2.11840486512289e-16,2.11840486512289e-16,3.77746466713329e-16,3.77746466713264e-16,1e-20
1,6.69,0.423360537828302,5.69925200526226,1.66538816082833e-16,1.66538816082833e-16,3.08055366627657e-16,3.08055366627657e-16,1e-20
1,6.7,0.418239779681534,5.79153924908567,2.61838051653232e-16,2.61838051653232e-16,4.08698162291171e-16,4.08698162291171e-16,1e-20
1,6.71,0.413235193294831,5.88339460675696,1.14440034623083e-16,1.14440034623083e-16,1.06188789358844e-16,1.06188789358844e-16,1e-20
1,6.72,0.40840005623763,5.97388593151536,2.22037624366082e-16,2.22037624366082e-16,4.65600765416625e-16,4.65600765416625e-16,1e-20
1,6.73,0.403790462848424,6.06195451237806,2.48258770862207e-16,2.48258770862207e-16,5.64512206685335e-16,5.64512206685349e-16,1e-20
1,6.74,0.399464885706321,6.14641862986786,2.22038175104349e-16,2.22038175104349e-16,4.641461933711e-16,4.641461933711e-16,1e-20
1,6.75,0.395483584402638,6.22598494327427,2.4824834900591e-16,2.4824834900591e-16,4.41820029027329e-16,4.41820029027397e-16,1e-20
1,6.76,0.391907848647065,6.29926934000219,2.48248507484856e-16,2.48248507484856e-16,4.08337996492194e-16,4.08337996492194e-16,1e-20
1,6.77,0.388799067935666,6.36482850132988,1.11019303315524e-16,1.11019303315524e-16,2.09997052351549e-16,2.09997052351549e-16,1e-20
1,6.78,0.386217626352397,6.42120274547447,1.11018154606574e-16,1.11018154606574e-16,2.1091289444335e-16,2.1091289444335e-16,1e-20
1,6.79,0.384221626641652,6.46696971114683,2.22041300632802e-16,2.22041300632802e-16,4.57974517004608e-16,4.57974517004575e-16,1e-20
1,6.8,0.382865447454848,6.50080727296045,3.14012323068089e-16,3.14012323068089e-16,7.26101479836101e-16,7.26101479836143e-16,1e-20
1,6.81,0.382198118729988,6.5215630782274,3.18881209970912e-16,3.18881209970912e-16,6.92522307631215e-16,6.92522307631193e-16,1e-20
1,6.82,0.382261426304972,6.52832806486127,2.22044935835917e-16,2.22044935835917e-16,4.5286702324056e-16,4.52867023240527e-16,1e-20
1,6.83,0.383087410837761,6.52051440435086,9.06844983654645e-21,9.06844983654645e-21,1.7090353282606e-20,1.70903532795387e-20,1e-20
1,6.84,0.38469405120671,6.49795201590733,1.11022302902581e-16,1.11022302902581e-16,1.11030070057479e-16,1.11030070057479e-16,1e-20
1,6.85,0.387074166305511,6.46107792920007,5.5511152255308e-17,5.5511152255308e-17,5.55038638449532e-17,5.55038638449532e-17,1e-20
1,6.86,0.390150549451809,6.41164248066106,2.28868062163479e-16,2.28868062163479e-16,4.12033785047622e-16,4.12033785047658e-16,1e-20
1,6.87,0.393472697796961,6.35747687519572,1.24122060853941e-16,1.24122060853941e-16,1.96237794772102e-16,1.96237794772102e-16,1e-20
1,6.88,0.394811504012525,6.33437108203138,1.11033172124276e-16,1.11033172124276e-16,2.22140331294427e-16,2.22140331294427e-16,1e-20
1,6.89,0.394160368961027,6.34177699192533,1.24133054668787e-16,1.24133054668787e-16,1.9530965134005e-16,1.9530965134005e-16,1e-20
1,6.9,0.393615440241513,6.34599844763632,1.24130241855882e-16,1.24130241855882e-16,1.92293403479824e-16,1.92293403479824e-16,1e-20
1,6.91,0.393559942003834,6.34085604523766,1.35962162836697e-16,1.35962162836697e-16,2.00690728616528e-16,2.00690728616546e-16,1e-20
1,6.92,0.39403155886112,6.32578070529821,5.55111528406252e-17,5.55111528406252e-17,5.55136559022604e-17,5.55136559022604e-17,1e-20
1,6.93,0.395006976790557,6.30126406428983,7.84981394995629e-17,7.84981394995629e-17,9.33602278312562e-17,9.33602278312159e-17,1e-20
1,6.94,0.396445120102879,6.2681454104007,1.49456212205503e-16,1.49456212205503e-16,2.31256361470555e-16,2.31256361470612e-16,1e-20
1,6.95,0.398298080850033,6.22741188435,1.63776122598979e-16,1.63776122598979e-16,2.75219565409387e-16,2.75219565409406e-16,1e-20
1,6.96,0.400515234795583,6.18010907761652,1.74497959814327e-16,1.74497959814327e-16,2.85402320842439e-16,2.85402320842402e-16,1e-20
1,6.97,0.403045330960585,6.12728753655958,7.97107285767398e-17,7.97107285767398e-17,1.24919680007838e-16,1.24919680007801e-16,1e-20
1,6.98,0.405837778338763,6.06996655574874,2.43565287145673e-16,2.43565287145673e-16,4.17329128374957e-16,4.17329128374921e-16,1e-20
1,6.99,0.40884351988205,6.00910924928771,3.77527488566022e-16,3.77527488566022e-16,6.53786004068269e-16,6.53786004068232e-16,1e-20
1,7,0.412015645002399,5.94560620545706,6.20719002695096e-17,6.20719002695096e-17,1.17760806433692e-16,1.1776080643366e-16,1e-20
1,7.01,0.415309812980596,5.88026597544279,4.16241812343959e-17,4.16241812343959e-17,7.84651601854066e-17,7.84651601854066e-17,1e-20
1,7.02,0.418684530441675,5.81381095816571,1.68821947724856e-16,1.68821947724856e-16,3.05703521901932e-16,3.05703521901969e-16,1e-20
1,7.03,0.422101313673635,5.7468774081109,1.96319952752857e-17,1.96319952752857e-17,2.57603396721048e-17,2.57603396720683e-17,1e-20
1,7.04,0.425524760210192,5.68001844580424,1.24315751152439e-16,1.24315751152439e-16,2.36288898813667e-16,2.36288898813699e-16,1e-20
1,7.05,0.428922549977167,5.61370911671351,2.50244863600814e-17,2.50244863600814e-17,3.81795177716071e-17,3.81795177716071e-17,1e-20
1,7.06,0.4322653930729,5.54835271746668,1.77863161582629e-16,1.77863161582629e-16,3.08628717300011e-16,3.08628717299974e-16,1e-20
1,7.07,0.43552693846381,5.48428777594891,1.15566840950627e-16,1.15566840950627e-16,2.30693910710969e-16,2.30693910710936e-16,1e-20
1,7.08,0.438683655395543,5.42179522399046,2.11090243808851e-17,2.11090243808851e-17,3.97256622303255e-17,3.97256622303255e-17,1e-20
1,7.09,0.441714697121449,5.36110543220109,2.23878769806057e-16,2.23878769806057e-16,4.87401133537292e-16,4.87401133537292e-16,1e-20
1,7.1,0.444601754630545,5.30240488411673,2.23774218426107e-16,2.23774218426107e-16,4.82691916920333e-16,4.82691916920297e-16,1e-20
1,7.11,0.447328906410773,5.24584235206534,1.11019017089838e-16,1.11019017089838e-16,2.08986078609342e-16,2.08986078609342e-16,1e-20
1,7.12,0.449882468894937,5.19153450262305,2.22476271297042e-16,2.22476271297042e-16,4.6276332543308e-16,4.62763325433112e-16,1e-20
1,7.13,0.452250851082905,5.13957090876256,1.18573702869273e-16,1.18573702869273e-16,2.14811575115442e-16,2.14811575115442e-16,1e-20
1,7.14,0.454424415886473,5.09001848287383,6.20621896881759e-17,6.20621896881759e-17,1.09216136160284e-16,1.09216136160319e-16,1e-20
1,7.15,0.456395349973083,5.04292537440634,2.23774522611788e-16,2.23774522611788e-16,4.53939580900118e-16,4.53939580900118e-16,1e-20
1,7.16,0.458157543262536,4.99832440380505,2.30553248468464e-16,2.30553248468464e-16,4.53288869230299e-16,4.53288869230291e-16,1e-20
1,7.17,0.459706478730245,4.95623613967209,6.2063882446769e-17,6.2063882446769e-17,1.07494702192173e-16,1.07494702192138e-16,1e-20
1,7.18,0.461039132767816,4.9166717856064,2.22042724308561e-16,2.22042724308561e-16,4.62595269498599e-16,4.62595269498599e-16,1e-20
1,7.19,0.462153886026442,4.87963616464431,1.14437452794592e-16,1.14437452794592e-16,2.20676592110824e-16,2.20676592110824e-16,1e-20
1,7.2,0.463050444403453,4.84513136792231,1.1101997348025e-16,1.1101997348025e-16,2.15862553854018e-16,2.15862553854018e-16,1e-20
1,7.21,0.463729769613375,4.81316234016843,2.22041739533451e-16,2.22041739533451e-16,4.33818569435986e-16,4.33818569435986e-16,1e-20
1,7.22,0.464194018600237,4.78374767523347,3.61516469124642e-21,3.61516469124642e-21,6.98921931072238e-21,6.98921932321422e-21,1e-20
1,7.23,0.464446490888837,4.75694543577476,1.24123250921223e-16,1.24123250921223e-16,2.12213460127054e-16,2.12213460127054e-16,1e-20
1,7.24,0.464491582831875,4.73292970205242,1.11026627640486e-16,1.11026627640486e-16,2.20223229227281e-16,2.20223229227315e-16,1e-20
1,7.25,0.464334747582515,4.71228662558269,1.11021778856144e-16,1.11021778856144e-16,2.24640779843595e-16,2.24640779843562e-16,1e-20
1,7.26,0.463982459504381,4.69761901153949,1.66529866163965e-16,1.66529866163965e-16,2.86463654217979e-16,2.86463654217979e-16,1e-20
1,7.27,0.463442181621642,4.70016896030012,2.54381544350198e-16,2.54381544350198e-16,5.01978100174879e-16,5.01978100174879e-16,1e-20
1,7.28,0.462722334610443,4.72401518355385,3.37655350549187e-16,3.37655350549187e-16,6.56368997547996e-16,6.56368997547996e-16,1e-20
1,7.29,0.461832265740975,4.75536889541316,2.54378294460159e-16,2.54378294460159e-16,5.24856926937564e-16,5.2485692693755e-16,1e-20
1,7.3,0.460782216100033,4.78963576923589,2.28877196915221e-16,2.28877196915221e-16,4.27349538825866e-16,4.27349538825901e-16,1e-20
1,7.31,0.459583284361917,4.82574164151946,2.22037880724683e-16,2.22037880724683e-16,4.55958764395829e-16,4.55958764395796e-16,1e-20
1,7.32,0.458247385337684,4.86326619990998,1.57002959708776e-16,1.57002959708776e-16,3.22054585343033e-16,3.2205458534301e-16,1e-20
1,7.33,0.456787201527891,4.90195314205091,3.33063716564385e-16,3.33063716564385e-16,5.73215498318135e-16,5.73215498318135e-16,1e-20
1,7.34,0.45521612594269,4.94159604857337,2.71940929808761e-16,2.71940929808761e-16,4.9223894806232e-16,4.92238948062336e-16,1e-20
1,7.35,0.453548194548214,4.98200305273624,1.11025428891151e-16,1.11025428891151e-16,2.14410820339797e-16,2.14410820339797e-16,1e-20
1,7.36,0.451798006863753,5.02298362315688,1.11018790379807e-16,1.11018790379807e-16,2.13554468245689e-16,2.13554468245724e-16,1e-20
1,7.37,0.449980633485641,5.06434306793545,1.11022302787844e-16,1.11022302787844e-16,1.11015161703605e-16,1.11015161703605e-16,1e-20
1,7.38,0.448111509666394,5.10588028229925,1.24135399739732e-16,1.24135399739732e-16,2.63021477695443e-16,2.63021477695458e-16,1e-20
1,7.39,0.446206314545112,5.14738713130045,1.11022302817963e-16,1.11022302817963e-16,1.11030149465488e-16,1.11030149465488e-16,1e-20
1,7.4,0.44428083621771,5.18864882662166,1.77729446598378e-16,1.77729446598378e-16,2.68024482958412e-16,2.68024482958412e-16,1e-20
1,7.41,0.442350823556034,5.22944501869359,1.66528205716265e-16,1.66528205716265e-16,3.15529449045491e-16,3.15529449045562e-16,1e-20
1,7.42,0.440431826526009,5.26955146726122,1.66530315197361e-16,1.66530315197361e-16,2.14043490640669e-16,2.14043490640705e-16,1e-20
1,7.43,0.438539027693438,5.30874220547431,1.66526592010285e-16,1.66526592010285e-16,2.32096499700277e-16,2.32096499700277e-16,1e-20
1,7.44,0.436687068599133,5.34679212377993,1.60793053612969e-16,1.60793053612969e-16,2.01062669374694e-16,2.01062669374671e-16,1e-20
1,7.45,0.434889875665007,5.38347989137906,2.69124738129362e-16,2.69124738129362e-16,4.4005987208769e-16,4.4005987208769e-16,1e-20
1,7.46,0.433160491165827,5.41859111538111,1.37997384172968e-16,1.37997384172968e-16,1.81130619596261e-16,1.81130619596261e-16,1e-20
1,7.47,0.431510915448109,5.45192161777369,2.92111399424318e-16,2.92111399424318e-16,4.8885505084525e-16,4.88855050845266e-16,1e-20
1,7.48,0.429951966861874,5.48328069320652,1.60793490484843e-16,1.60793490484843e-16,2.00213891853521e-16,2.00213891853521e-16,1e-20
1,7.49,0.428493165654297,5.51249420096901,9.02123007457342e-17,9.02123007457342e-17,1.7037294421066e-16,1.70372944210696e-16,1e-20
1,7.5,0.427142647242478,5.53940734627303,6.93876522761354e-17,6.93876522761354e-17,1.32202808098313e-16,1.32202808098342e-16,1e-20
1,7.51,0.425907108777879,5.56388702162799,2.11832958065872e-16,2.11832958065872e-16,3.8508311832622e-16,3.85083118326201e-16,1e-20
1,7.52,0.424791790772708,5.58582360936368,1.36683829315804e-16,1.36683829315804e-16,2.4782727940947e-16,2.4782727940947e-16,1e-20
1,7.53,0.423800492936721,5.60513218931879,2.32632141596959e-16,2.32632141596959e-16,2.86068936511064e-16,2.86068936511064e-16,1e-20
1,7.54,0.422935620561467,5.62175314668081,6.9382405581014e-17,6.9382405581014e-17,1.32586233913089e-16,1.32586233913089e-16,1e-20
1,7.55,0.422198255187711,5.63565222685327,5.550472036097e-17,5.550472036097e-17,1.06432370631376e-16,1.06432370631376e-16,1e-20
1,7.56,0.421588241347222,5.64682012869504,1.11887085702311e-16,1.11887085702311e-16,1.05624512331938e-16,1.05624512331938e-16,1e-20
1,7.57,0.421104280279286,5.65527175670391,1.24129367384208e-16,1.24129367384208e-16,2.24811601300875e-16,2.24811601300842e-16,1e-20
1,7.58,0.420744021924566,5.66104526141192,1.00072716383796e-16,1.00072716383796e-16,1.80698600035298e-16,1.80698600035319e-16,1e-20
1,7.59,0.420504148189446,5.66420098427937,1.24902357404251e-16,1.24902357404251e-16,1.15418393907986e-16,1.15418393907986e-16,1e-20
1,7.6,0.42038044317582,5.66482039232985,8.88608667856826e-17,8.88608667856826e-17,1.60643119750811e-16,1.60643119750811e-16,1e-20
1,7.61,0.420367849283947,5.66300504626382,1.2412923935641e-16,1.2412923935641e-16,1.2018188767466e-16,1.2018188767466e-16,1e-20
1,7.62,0.420460511213071,5.65887560346243,2.16776397904938e-16,2.16776397904938e-16,3.43187552417995e-16,3.43187552417979e-16,1e-20
1,7.63,0.420651812344478,5.65257082324401,1.27192844088052e-16,1.27192844088052e-16,1.4531864955209e-16,1.4531864955209e-16,1e-20
1,7.64,0.420934409410945,5.64424652223739,1.14440477820618e-16,1.14440477820618e-16,1.44652867795058e-16,1.44652867795058e-16,1e-20
1,7.65,0.421300271603986,5.63407442492493,1.14441007088255e-16,1.14441007088255e-16,1.46619398938182e-16,1.46619398938182e-16,1e-20
1,7.66,0.421740729464427,5.62224086629352,9.43491230265409e-21,9.43491230265409e-21,2.05552932241035e-20,2.05552932241035e-20,1e-20
1,7.67,0.42224653734341,5.60894532509423,6.20717103942847e-17,6.20717103942847e-17,1.3414390148844e-16,1.34143901488482e-16,1e-20
1,7.68,0.422807951293121,5.5943987910851,6.20622113245e-17,6.20622113245e-17,1.16894891469174e-16,1.16894891469191e-16,1e-20
1,7.69,0.423414822316942,5.57882199174508,1.24122940261793e-16,1.24122940261793e-16,1.19475563875382e-16,1.1947556387535e-16,1e-20
1,7.7,0.424056703260406,5.56244351869243,1.66537346751013e-16,1.66537346751013e-16,2.42858584256944e-16,2.42858584256975e-16,1e-20
1,7.71,0.424722966424961,5.54549789880129,1.57015475918356e-16,1.57015475918356e-16,2.04087442353871e-16,2.04087442353871e-16,1e-20
1,7.72,0.425402928290639,5.52822364914201,2.0954717191443e-16,2.0954717191443e-16,3.38216233574398e-16,3.38216233574398e-16,1e-20
1,7.73,0.42608597750788,5.51086133934719,2.02056539085621e-16,2.02056539085621e-16,3.79445823376962e-16,3.79445823376942e-16,1e-20
1,7.74,0.426761702474138,5.49365166200212,2.77463309383414e-17,2.77463309383414e-17,5.37684633273547e-17,5.37684633273547e-17,1e-20
1,7.75,0.42742001523514,5.47683348425447,1.24130884027229e-16,1.24130884027229e-16,1.74972484813497e-16,1.74972484813476e-16,1e-20
1,7.76,0.428051269031734,5.46064182595247,5.55017536264423e-17,5.55017536264423e-17,1.06710969214018e-16,1.06710969214054e-16,1e-20
1,7.77,0.428646367454494,5.44530568612678,1.14436884946801e-16,1.14436884946801e-16,1.112330707091e-16,1.11233070709083e-16,1e-20
1,7.78,0.429196863795512,5.43104562649551,1.7772508232677e-16,1.7772508232677e-16,3.37621077937422e-16,3.376210779374e-16,1e-20
1,7.79,0.429695049749524,5.41807102475748,1.94298390959666e-16,1.94298390959666e-16,3.70002010375499e-16,3.70002010375499e-16,1e-20
1,7.8,0.430134033084844,5.40657693856245,2.98928091881967e-16,2.98928091881967e-16,5.21681528924832e-16,5.21681528924868e-16,1e-20
1,7.81,0.430507804265862,5.39674057786396,1.92286091397098e-16,1.92286091397098e-16,2.85842618811266e-16,2.8584261881124e-16,1e-20
1,7.82,0.430811292262245,5.38871746812879,1.24130712672971e-16,1.24130712672971e-16,1.60192716706542e-16,1.60192716706542e-16,1e-20
1,7.83,0.431040409933034,5.38263748993489,1.2489136159141e-16,1.2489136159141e-16,2.36028790697536e-16,2.36028790697536e-16,1e-20
1,7.84,0.43119208943878,5.37860108141914,2.2377994809714e-16,2.2377994809714e-16,3.87623072862433e-16,3.87623072862433e-16,1e-20
1,7.85,0.43126430812642,5.37667596005933,2.4524118907425e-16,2.4524118907425e-16,5.14319815955984e-16,5.14319815956013e-16,1e-20
1,7.86,0.431256105265287,5.37689473034458,3.14489658227656e-16,3.14489658227656e-16,3.89950204828318e-16,3.89950204828318e-16,1e-20
1,7.87,0.431167589903926,5.37925367686117,2.42358487750502e-16,2.42358487750502e-16,5.11867259612582e-16,5.11867259612553e-16,1e-20
1,7.88,0.430999939981314,5.38371290367605,3.5543483911104e-16,3.5543483911104e-16,5.0058875049647e-16,5.0058875049644e-16,1e-20
1,7.89,0.430755392677121,5.39019780111085,3.05317736154009e-16,3.05317736154009e-16,5.77931820648368e-16,5.77931820648368e-16,1e-20
1,7.9,0.43043722583823,5.39860164613548,1.11016444773374e-16,1.11016444773374e-16,2.10519425928415e-16,2.10519425928415e-16,1e-20
1,7.91,0.430049730186971,5.40878901683145,3.1887843528678e-16,3.1887843528678e-16,4.03259075477637e-16,4.03259075477618e-16,1e-20
1,7.92,0.429598171915249,5.42059965044989,2.71955505451242e-16,2.71955505451242e-16,4.75853696133769e-16,4.75853696133769e-16,1e-20
1,7.93,0.429088745212937,5.4338523988345,2.71936889351644e-16,2.71936889351644e-16,5.55223868609807e-16,5.55223868609807e-16,1e-20
1,7.94,0.428528514284177,5.44834901380795,3.33073575103899e-16,3.33073575103899e-16,4.41298494823659e-16,4.41298494823659e-16,1e-20
1,7.95,0.427925344486966,5.46387759862607,2.71937465147222e-16,2.71937465147222e-16,4.55593266498309e-16,4.55593266498326e-16,1e-20
1,7.96,0.427287822404029,5.48021566224272,1.16735075281563e-20,1.16735075281563e-20,2.39891038366667e-20,2.39891038366667e-20,1e-20
1,7.97,0.42662516492796,5.49713279265197,1.11022303051424e-16,1.11022303051424e-16,1.11034695557045e-16,1.11034695557045e-16,1e-20
1,7.98,0.425947117827022,5.51439301637802,2.48243415937394e-16,2.48243415937394e-16,4.12709662030939e-16,4.12709662030975e-16,1e-20
1,7.99,0.425263844747162,5.53175693392102,2.48253942746113e-16,2.48253942746113e-16,4.07948788966154e-16,4.07948788966191e-16,1e-20
1,8,0.424585808184617,5.54898372096913,2.22034051953678e-16,2.22034051953678e-16,4.58115443388771e-16,4.58115443388804e-16,1e-20
1,8.01,0.423923644598471,5.56583306940629,3.14020056994984e-16,3.14020056994984e-16,4.04525321490192e-16,4.04525321490229e-16,1e-20
1,8.02,0.423288036468326,5.58206711730889,3.33071325465741e-16,3.33071325465741e-16,5.78583762710649e-16,5.78583762710675e-16,1e-20
1,8.03,0.422689584659789,5.59745238897575,4.96506172114606e-16,4.96506172114606e-16,9.21238776425024e-16,9.21238776425073e-16,1e-20
1,8.04,0.422138684839412,5.61176173923852,3.14027702068902e-16,3.14027702068902e-16,6.87209166810549e-16,6.87209166810549e-16,1e-20
1,8.05,0.421645411767151,5.62477627459694,3.33065272905788e-16,3.33065272905788e-16,5.82538652756565e-16,5.82538652756616e-16,1e-20
1,8.06,0.421219414978752,5.63628721002339,3.14014245447853e-16,3.14014245447853e-16,3.92979254460568e-16,3.92979254460606e-16,1e-20
1,8.07,0.420869828572325,5.64609761654532,2.22051263697915e-16,2.22051263697915e-16,4.51692168534626e-16,4.51692168534626e-16,1e-20
1,8.08,0.420605196514699,5.6540240216203,3.33058520391543e-16,3.33058520391543e-16,6.27782398924798e-16,6.27782398924798e-16,1e-20
1,8.09,0.42043341316007,5.65989784084467,2.48257359672503e-16,2.48257359672503e-16,4.95357445591888e-16,4.95357445591888e-16,1e-20
1,8.1,0.420361676717791,5.66356664264524,4.44092672670824e-16,4.44092672670824e-16,8.73080587471469e-16,8.73080587471434e-16,1e-20
1,8.11,0.420396451522029,5.66489527232615,1.1102230283055e-16,1.1102230283055e-16,1.11033970575655e-16,1.11033970575655e-16,1e-20
1,8.12,0.420543433520923,5.66376688193247,3.33059892982759e-16,3.33059892982759e-16,7.60573769154846e-16,7.60573769154826e-16,1e-20
1,8.13,0.420807512791725,5.66008392161558,2.48244889321561e-16,2.48244889321561e-16,5.45459064650893e-16,5.45459064650907e-16,1e-20
1,8.14,0.421192727372354,5.65376914201314,2.71940057142393e-16,2.71940057142393e-16,4.4268665083494e-16,4.42686650834923e-16,1e-20
1,8.15,0.421702204350408,5.64476663437756,9.68158044110689e-21,9.68158044110689e-21,1.97974077557613e-20,1.97974077608597e-20,1e-20
1,8.16,0.422338086782875,5.63304289882506,2.71941163179952e-16,2.71941163179952e-16,4.8667769240913e-16,4.8667769240913e-16,1e-20
1,8.17,0.423101448205599,5.61858788812459,2.22035070392275e-16,2.22035070392275e-16,4.69156759872141e-16,4.69156759872141e-16,1e-20
1,8.18,0.423992199647974,5.60141593432079,2.48249595759676e-16,2.48249595759676e-16,4.63392360710205e-16,4.63392360710172e-16,1e-20
1,8.19,0.425008996598912,5.58156643761021,2.48257984441571e-16,2.48257984441571e-16,4.60120636198427e-16,4.60120636198427e-16,1e-20
1,8.2,0.426149154812032,5.55910418818417,2.98926771558757e-16,2.98926771558757e-16,4.93422973274005e-16,4.93422973274051e-16,1e-20
1,8.21,0.427408583968468,5.53411920487389,2.98939428697941e-16,2.98939428697941e-16,5.50424127161849e-16,5.50424127161821e-16,1e-20
1,8.22,0.42878174708424,5.50672600730396,8.32594784671543e-17,8.32594784671543e-17,1.57200696125988e-16,1.57200696125988e-16,1e-20
1,8.23,0.430261651435386,5.47706228492216,1.38856108816685e-17,1.38856108816685e-17,2.61872123114506e-17,2.61872123114147e-17,1e-20
1,8.24,0.431839874094023,5.44528697863362,2.08249996108339e-17,2.08249996108339e-17,3.92519628558814e-17,3.92519628559174e-17,1e-20
1,8.25,0.433506622366237,5.41157784061351,2.4854447577902e-16,2.4854447577902e-16,4.22747637203098e-16,4.22747637203096e-16,1e-20
1,8.26,0.435250826879161,5.3761285785395,2.35911371606262e-16,2.35911371606262e-16,4.35955571678691e-16,4.35955571678659e-16,1e-20
1,8.27,0.437060263043794,5.33914571784574,1.38684530077359e-17,1.38684530077359e-17,2.61650800796711e-17,2.6165080079707e-17,1e-20
1,8.28,0.438921695253077,5.30084532831025,2.77650982946105e-17,2.77650982946105e-17,5.24410756763686e-17,5.24410756763686e-17,1e-20
1,8.29,0.440821037475282,5.26144976044596,1.11880300925385e-16,1.11880300925385e-16,2.35196972803421e-16,2.35196972803425e-16,1e-20
1,8.3,0.442743523798628,5.22118452567767,1.84634447849661e-16,1.84634447849661e-16,2.85201430948836e-16,2.85201430948859e-16,1e-20
1,8.31,0.444673882852568,5.18027543618505,2.77459223080495e-17,2.77459223080495e-17,5.27219236281065e-17,5.27219236280708e-17,1e-20
1,8.32,0.446596510734696,5.1389461003052,6.93985068259111e-17,6.93985068259111e-17,1.32232582197232e-16,1.32232582197196e-16,1e-20
1,8.33,0.448495637976046,5.09741585299531,6.9380984340936e-17,6.9380984340936e-17,1.37288543028153e-16,1.37288543028133e-16,1e-20
1,8.34,0.450355487066863,5.05589819529387,6.93925258945604e-17,6.93925258945604e-17,1.45058206000949e-16,1.45058206000904e-16,1e-20
1,8.35,0.452160418051523,5.01459983397049,7.75876694972882e-17,7.75876694972882e-17,1.51296902584226e-16,1.51296902584226e-16,1e-20
1,8.36,0.453895060622683,4.97372047733835,1.25719831925445e-16,1.25719831925445e-16,1.54662038787612e-16,1.54662038787623e-16,1e-20
1,8.37,0.45554443196256,4.93345371501971,4.96985373610198e-17,4.96985373610198e-17,1.00085390211768e-16,1.00085390211751e-16,1e-20
1,8.38,0.457094040273878,4.8939897492015,2.05951572818412e-16,2.05951572818412e-16,4.16918040763266e-16,4.16918040763312e-16,1e-20
1,8.39,0.458529974509548,4.8555219401841,1.39465173241584e-16,1.39465173241584e-16,2.73399272755459e-16,2.73399272755438e-16,1e-20
1,8.4,0.459838981253305,4.81826277125282,2.07698195155275e-16,2.07698195155275e-16,4.0844169030302e-16,4.0844169030302e-16,1e-20
1,8.41,0.461008530034278,4.78248790444061,2.03956601405113e-16,2.03956601405113e-16,4.00606442667867e-16,4.0060644266782e-16,1e-20
1,8.42,0.462026868591175,4.74868570905704,7.85047802975773e-17,7.85047802975773e-17,1.43153971144915e-16,1.43153971144941e-16,1e-20
1,8.43,0.46288306975175,4.71824565007243,1.24132016975795e-16,1.24132016975795e-16,2.44328965322878e-16,2.44328965322878e-16,1e-20
1,8.44,0.463567071675706,4.69748779519633,1.11022302598118e-16,1.11022302598118e-16,1.11025895084582e-16,1.11025895084582e-16,1e-20
1,8.45,0.464069713238059,4.69978061057103,5.55110953614916e-17,5.55110953614916e-17,1.1112678924956e-16,1.11126789249594e-16,1e-20
1,8.46,0.464382766317606,4.71615216710981,5.55111514209433e-17,5.55111514209433e-17,5.55145076344834e-17,5.55145076344834e-17,1e-20
1,8.47,0.464498966711724,4.73757781527419,5.55112996079233e-17,5.55112996079233e-17,1.09992430072618e-16,1.09992430072584e-16,1e-20
1,8.48,0.46441204533271,4.76218690688337,1.57006441840702e-16,1.57006441840702e-16,3.06291903289296e-16,3.06291903289345e-16,1e-20
1,8.49,0.464116761258512,4.78952962720042,5.55115467506362e-17,5.55115467506362e-17,1.08884330432369e-16,1.08884330432334e-16,1e-20
1,8.5,0.463608938116651,4.8194673699211,5.55117258500783e-17,5.55117258500783e-17,1.08348836696602e-16,1.08348836696568e-16,1e-20
1,8.51,0.462885505177018,4.85195369803347,1.24129292313215e-16,1.24129292313215e-16,2.46418807377529e-16,2.46418807377544e-16,1e-20
1,8.52,0.461944544418315,4.88697415523046,2.3551161989241e-16,2.3551161989241e-16,4.93584388359478e-16,4.93584388359486e-16,1e-20
1,8.53,0.460785344713511,4.92452500640278,2.21449614870718e-21,2.21449614870718e-21,4.30029495238821e-21,4.30029494513524e-21,1e-20
1,8.54,0.459408464149952,4.96460396543147,1.11023759208014e-16,1.11023759208014e-16,2.32216029061584e-16,2.32216029061616e-16,1e-20
1,8.55,0.457815801355724,5.00720517199768,6.20651181798414e-17,6.20651181798414e-17,1.11199659684141e-16,1.11199659684107e-16,1e-20
1,8.56,0.456010676540235,5.05231574819269,6.20612591716418e-17,6.20612591716418e-17,1.08292177331908e-16,1.08292177331873e-16,1e-20
1,8.57,0.453997922766225,5.09991286720101,2.48251602323847e-16,2.48251602323847e-16,4.87870528983986e-16,4.87870528983986e-16,1e-20
1,8.58,0.451783987742982,5.14996084568631,3.10344999148655e-17,3.10344999148655e-17,5.45913880789288e-17,5.45913880789288e-17,1e-20
1,8.59,0.449377046154449,5.20240800496082,5.55075542331613e-17,5.55075542331613e-17,1.04673993159834e-16,1.0467399315987e-16,1e-20
1,8.6,0.446787122196283,5.25718314992015,3.10280479973817e-17,3.10280479973817e-17,5.50871303593633e-17,5.50871303593633e-17,1e-20
1,8.61,0.444026221575021,5.3141915672276,8.32621921984598e-17,8.32621921984598e-17,1.56397325353964e-16,1.56397325353892e-16,1e-20
1,8.62,0.441108471699195,5.37331047699379,2.23771982921725e-16,2.23771982921725e-16,4.64530560059168e-16,4.64530560059164e-16,1e-20
1,8.63,0.438050268142272,5.43438389987272,1.13009240156773e-16,1.13009240156773e-16,2.4458643632792e-16,2.44586436327951e-16,1e-20
1,8.64,0.434870424653406,5.49721693217493,2.29921493283329e-17,2.29921493283329e-17,4.31138710243875e-17,4.31138710243875e-17,1e-20
1,8.65,0.431590323005129,5.56156946079775,6.94821696517317e-17,6.94821696517317e-17,1.29300012629303e-16,1.29300012629303e-16,1e-20
1,8.66,0.428234057767707,5.62714940199392,2.22152827806783e-16,2.22152827806783e-16,4.7496126663166e-16,4.74961266631628e-16,1e-20
1,8.67,0.424828569660554,5.69360561722691,2.77479883837512e-17,2.77479883837512e-17,5.20561443122204e-17,5.20561443121843e-17,1e-20
1,8.68,0.421403759430095,5.76052074899093,1.11886802970378e-16,1.11886802970378e-16,2.272228117191e-16,2.27222811719067e-16,1e-20
1,8.69,0.417992572227184,5.82740433181956,1.66542039269526e-16,1.66542039269526e-16,3.13407525132891e-16,3.13407525132855e-16,1e-20
1,8.7,0.414631040201482,5.89368666915805,1.11877312300393e-16,1.11877312300393e-16,2.05045334326699e-16,2.05045334326736e-16,1e-20
1,8.71,0.411358268490545,5.95871412269572,2.07695392026404e-16,2.07695392026404e-16,3.34537484447222e-16,3.34537484447233e-16,1e-20
1,8.72,0.408216346919059,6.02174663047958,1.68820780128169e-16,1.68820780128169e-16,3.27448918100419e-16,3.27448918100419e-16,1e-20
1,8.73,0.405250166366604,6.08195844282102,3.81565748457869e-16,3.81565748457869e-16,6.67767237194174e-16,6.67767237194174e-16,1e-20
1,8.74,0.402507114341631,6.13844322844855,1.2719873963802e-16,1.2719873963802e-16,2.34475976842883e-16,2.34475976842915e-16,1e-20
1,8.75,0.400036617153073,6.19022485462634,7.85123635262603e-17,7.85123635262603e-17,1.40101794870818e-16,1.40101794870818e-16,1e-20
1,8.76,0.397889481515999,6.2362753226848,8.3276288860999e-17,8.3276288860999e-17,1.27383001563907e-16,1.27383001563907e-16,1e-20
1,8.77,0.396116952988348,6.2755417212081,6.20684342797486e-17,6.20684342797486e-17,5.5933247426347e-17,5.5933247426347e-17,1e-20
1,8.78,0.394769310763825,6.30698527248064,2.23760687797618e-16,2.23760687797618e-16,3.67173189273346e-16,3.67173189273346e-16,1e-20
1,8.79,0.393893514221769,6.32963986684754,6.20543465130486e-17,6.20543465130486e-17,1.07031750299112e-16,1.07031750299112e-16,1e-20
1,8.8,0.393528317366745,6.34271428041926,2.78929308668288e-16,2.78929308668288e-16,4.25341449997474e-16,4.25341449997448e-16,1e-20
1,8.81,0.393690314620868,6.34584021136313,1.57020790057013e-16,1.57020790057013e-16,2.50833880146331e-16,2.50833880146331e-16,1e-20
1,8.82,0.394313212501699,6.34006302454327,2.41956212292876e-16,2.41956212292876e-16,3.77682363665236e-16,3.77682363665296e-16,1e-20
1,8.83,0.394810079683017,6.33483163616615,1.44400040429124e-16,1.44400040429124e-16,2.15026964356197e-16,2.15026964356165e-16,1e-20
1,8.84,0.392843587759129,6.36778815956154,2.97221500273416e-16,2.97221500273416e-16,4.66401289615975e-16,4.66401289615945e-16,1e-20
1,8.85,0.389477423861187,6.42254080289575,1.33285729649906e-16,1.33285729649906e-16,1.58163192264836e-16,1.58163192264856e-16,1e-20
1,8.86,0.386528584402675,6.46969579713177,3.10410301418804e-17,3.10410301418804e-17,5.14477575092653e-17,5.14477575093567e-17,1e-20
1,8.87,0.38430332580092,6.50373377757451,9.30881887946642e-17,9.30881887946642e-17,1.5297479332174e-16,1.52974793321697e-16,1e-20
1,8.88,0.382856197661162,6.5233034801436,9.61564250452647e-17,9.61564250452647e-17,1.40419823957433e-16,1.40419823957433e-16,1e-20
1,8.89,0.382187556760946,6.52811872701919,2.77506956391222e-17,2.77506956391222e-17,5.37153503887908e-17,5.37153503887908e-17,1e-20
1,8.9,0.382276020731752,6.51844485792165,1.68829189798706e-16,1.68829189798706e-16,2.04854742170037e-16,2.04854742170046e-16,1e-20
1,8.91,0.383087305095701,6.49494191428403,1.14440188490475e-16,1.14440188490475e-16,9.76705787651502e-17,9.76705787651502e-17,1e-20
1,8.92,0.38457797417391,6.45857462353093,7.84964746571573e-17,7.84964746571573e-17,1.25991393627234e-16,1.25991393627234e-16,1e-20
1,8.93,0.386697766186902,6.41053577762869,1.27196005232418e-16,1.27196005232418e-16,1.83694189344521e-16,1.8369418934449e-16,1e-20
1,8.94,0.389391418711243,6.35217338434298,1.42209234820896e-16,1.42209234820896e-16,1.74263402723076e-16,1.74263402723103e-16,1e-20
1,8.95,0.392600252789727,6.28492224097263,1.11893538890666e-16,1.11893538890666e-16,2.23902012014205e-16,2.23902012014171e-16,1e-20
1,8.96,0.396263581557301,6.21024271315068,1.24902905053044e-16,1.24902905053044e-16,2.13035056680689e-16,2.13035056680689e-16,1e-20
1,8.97,0.400319951872942,6.12956916748629,5.72126730111318e-17,5.72126730111318e-17,1.10644561151043e-16,1.10644561151035e-16,1e-20
1,8.98,0.40470821409552,6.0442694262733,1.53443891507298e-16,1.53443891507298e-16,3.06745555130481e-16,3.06745555130461e-16,1e-20
1,8.99,0.409368416761917,5.95561545721605,1.38785468204265e-17,1.38785468204265e-17,2.57942410171579e-17,2.57942410171943e-17,1e-20
1,9,0.414242528916725,5.86476456966028,2.22152986398742e-16,2.22152986398742e-16,2.26495259696869e-16,2.26495259696871e-16,1e-20
1,9.01,0.419274999049418,5.77274976162765,1.24126676138085e-16,1.24126676138085e-16,1.72364223661981e-16,1.72364223661959e-16,1e-20
1,9.02,0.424413164454733,5.68047754558308,1.17361748102902e-16,1.17361748102902e-16,1.43031266340758e-16,1.43031266340758e-16,1e-20
1,9.03,0.429607527932922,5.58873151893409,1.17089205533916e-17,1.17089205533916e-17,2.16327173216615e-17,2.16327173216982e-17,1e-20
1,9.04,0.434811920195589,5.49818006272159,1.20963065681387e-16,1.20963065681387e-16,1.71292920154687e-16,1.71292920154693e-16,1e-20
1,9.05,0.439983566457697,5.40938677646464,5.03061432034533e-17,5.03061432034533e-17,9.29338331476731e-17,9.29338331476364e-17,1e-20
1,9.06,0.44508307484673,5.32282253000298,5.03516903035026e-17,5.03516903035026e-17,9.66264250159419e-17,9.66264250159419e-17,1e-20
1,9.07,0.450074362788348,5.23887829301053,4.96775862460669e-17,4.96775862460669e-17,9.71256335207415e-17,9.71256335207004e-17,1e-20
1,9.08,0.454924535716153,5.1578781643933,3.41658158176128e-17,3.41658158176128e-17,7.00630093216839e-17,7.00630093216671e-17,1e-20
1,9.09,0.459603730514116,5.08009225473434,1.05006704032508e-16,1.05006704032508e-16,2.01212146865264e-16,2.01212146865229e-16,1e-20
1,9.1,0.464084934182349,5.00574927184815,1.27194359163248e-16,1.27194359163248e-16,1.90698405765701e-16,1.90698405765701e-16,1e-20
1,9.11,0.468343786415523,4.9350488234872,1.24127152827313e-16,1.24127152827313e-16,1.56717569004665e-16,1.56717569004689e-16,1e-20
1,9.12,0.472358373151829,4.86817358328932,8.32676187136948e-17,8.32676187136948e-17,1.55823409125383e-16,1.55823409125347e-16,1e-20
1,9.13,0.476109016712764,4.80530156065413,2.22477910386323e-16,2.22477910386323e-16,2.24026849095289e-16,2.24026849095293e-16,1e-20
1,9.14,0.479578066913195,4.7466187501261,9.56033076219152e-21,9.56033076219152e-21,1.97726752412776e-20,1.97726752719689e-20,1e-20
1,9.15,0.482749696467356,4.69233235455562,1.27187677219531e-16,1.27187677219531e-16,1.45442192400812e-16,1.45442192400799e-16,1e-20
1,9.16,0.485609703132247,4.64268446096277,9.99043316928294e-21,9.99043316928294e-21,2.03462626683838e-20,2.03462626351154e-20,1e-20
1,9.17,0.488145320294728,4.5979652896781,1.4946464795193e-16,1.4946464795193e-16,3.02734817835027e-16,3.0273481783507e-16,1e-20
1,9.18,0.490345037100685,4.55852364585437,1.3596990742989e-16,1.3596990742989e-16,1.85509979792003e-16,1.85509979792043e-16,1e-20
1,9.19,0.49219842872374,4.524769785852,2.00156714226707e-16,2.00156714226707e-16,4.21015759425682e-16,4.21015759425691e-16,1e-20
1,9.2,0.493695996958557,4.49716306829126,2.775477836561e-16,2.775477836561e-16,5.82457430859605e-16,5.8245743085956e-16,1e-20
1,9.21,0.494829020984855,4.47617577482016,3.14017543016213e-16,3.14017543016213e-16,4.51723141939436e-16,4.51723141939402e-16,1e-20
1,9.22,0.495589417871448,4.46222990155729,2.71939737737151e-16,2.71939737737151e-16,5.37659502041814e-16,5.376595020418e-16,1e-20
1,9.23,0.495969612168967,4.45561888679067,1.57007769751124e-16,1.57007769751124e-16,2.23249154054476e-16,2.2324915405451e-16,1e-20
1,9.24,0.495962413775913,4.45644466372512,1.1102478894314e-16,1.1102478894314e-16,2.18739937377788e-16,2.18739937377788e-16,1e-20
1,9.25,0.495560903165333,4.46460341431318,3.3307241040816e-16,3.3307241040816e-16,6.58530011282395e-16,6.58530011282418e-16,1e-20
1,9.26,0.494758323051646,4.47982971182819,1.9230079398581e-16,1.9230079398581e-16,3.56077964977847e-16,3.56077964977826e-16,1e-20
1,9.27,0.493547975701084,4.50177617195868,1.92292008594767e-16,1.92292008594767e-16,3.33698884200617e-16,3.33698884200594e-16,1e-20
1,9.28,0.491923125414095,4.53009331294192,3.33062321722881e-16,3.33062321722881e-16,6.50296382256102e-16,6.50296382256079e-16,1e-20
1,9.29,0.489876906341621,4.56448668489045,1.56998180792881e-16,1.56998180792881e-16,2.82166997065892e-16,2.82166997065945e-16,1e-20
1,9.3,0.487402236900506,4.60474727648534,1.5701331330807e-16,1.5701331330807e-16,3.29807431734839e-16,3.29807431734839e-16,1e-20
1,9.31,0.484491743856818,4.65076221926145,1.24131492669442e-16,1.24131492669442e-16,1.51616156446537e-16,1.51616156446537e-16,1e-20
1,9.32,0.481137701964935,4.7025147715913,2.7194734664353e-16,2.7194734664353e-16,5.03732922674464e-16,5.03732922674404e-16,1e-20
1,9.33,0.477331999287896,4.76008023436808,2.54391954292461e-16,2.54391954292461e-16,4.17771378970083e-16,4.17771378970146e-16,1e-20
1,9.34,0.473066144444737,4.82362153152135,2.22054541605426e-16,2.22054541605426e-16,4.09545009046388e-16,4.09545009046388e-16,1e-20
1,9.35,0.468331340464615,4.89338604300162,5.55207374384122e-17,5.55207374384122e-17,1.0196702751479e-16,1.0196702751479e-16,1e-20
1,9.36,0.463118660858226,4.96970396951551,1.20633227440508e-20,1.20633227440508e-20,2.0740663678565e-20,2.0740663678565e-20,1e-20
1,9.37,0.457419376468796,5.05298772940129,2.48264686486815e-16,2.48264686486815e-16,4.58345044895957e-16,4.58345044895941e-16,1e-20
1,9.38,0.451225494844591,5.14373135138154,2.28888707899582e-16,2.28888707899582e-16,4.45730841472127e-16,4.45730841472169e-16,1e-20
1,9.39,0.444530583310282,5.24250835960586,2.00141971424112e-16,2.00141971424112e-16,3.41454717924555e-16,3.41454717924588e-16,1e-20
1,9.4,0.437330945713588,5.34996619137203,1.11015350706776e-16,1.11015350706776e-16,2.00818651545035e-16,2.00818651545035e-16,1e-20
1,9.41,0.429627201351473,5.46681478899176,2.32623053200014e-16,2.32623053200014e-16,4.43064912918226e-16,4.43064912918236e-16,1e-20
1,9.42,0.421426262854545,5.59380680136057,6.94431549633164e-18,6.94431549633164e-18,1.25189511117013e-17,1.25189511116262e-17,1e-20
1,9.43,0.412743623280255,5.73170700488674,3.46899459865529e-17,3.46899459865529e-17,6.25229252689011e-17,6.25229252688259e-17,1e-20
1,9.44,0.403605750706448,5.88124925600265,6.93853903476201e-17,6.93853903476201e-17,1.25016228776987e-16,1.25016228776949e-16,1e-20
1,9.45,0.394052281050459,6.043080496626,2.49790758077658e-16,2.49790758077658e-16,4.02742490953948e-16,4.02742490953915e-16,1e-20
1,9.46,0.384137643151299,6.21769275837136,1.11022302944808e-16,1.11022302944808e-16,1.11032255301693e-16,1.11032255301693e-16,1e-20
1,9.47,0.373931787503205,6.40534524740188,1.1102222935749e-16,1.1102222935749e-16,2.00443291672167e-16,2.00443291672204e-16,1e-20
1,9.48,0.363519831742066,6.60597899837853,5.55098780250868e-17,5.55098780250868e-17,1.00370202809414e-16,1.00370202809414e-16,1e-20
1,9.49,0.353000641931651,6.81912624946892,1.11019587837115e-16,1.11019587837115e-16,2.01155010751078e-16,2.01155010751078e-16,1e-20
1,9.5,0.34248456249319,7.04381619694649,4.96496851249042e-16,4.96496851249042e-16,1.10662659142698e-15,1.10662659142699e-15,1e-20
1,9.51,0.332090618075246,7.27847911039153,1.1102230293315e-16,1.1102230293315e-16,1.11036094069193e-16,1.11036094069193e-16,1e-20
1,9.52,0.321943510276308,7.52085280144261,4.5774934500057e-16,4.5774934500057e-16,8.40168800028283e-16,8.40168800028248e-16,1e-20
1,9.53,0.312170644881483,7.76789946666633,1.11031563919395e-16,1.11031563919395e-16,2.03600129077352e-16,2.03600129077352e-16,1e-20
1,9.54,0.302899303674564,8.01574653722366,1.11011286837275e-16,1.11011286837275e-16,2.04324182168078e-16,2.04324182168078e-16,1e-20
1,9.55,0.294253969011154,8.25967115710762,3.33072714850458e-16,3.33072714850458e-16,4.79689356411004e-16,4.79689356411036e-16,1e-20
1,9.56,0.286353748351161,8.49415234000213,1.11022303435653e-16,1.11022303435653e-16,1.11038415022459e-16,1.11038415022459e-16,1e-20
1,9.57,0.279309836348037,8.71301519089499,2.22043718171374e-16,2.22043718171374e-16,4.36945008248543e-16,4.36945008248543e-16,1e-20
1,9.58,0.273222985031161,8.9096851466701,3.14017862696568e-16,3.14017862696568e-16,5.86161193342326e-16,5.861611933423e-16,1e-20
1,9.59,0.268181011832842,9.07755516447678,5.43902594798232e-16,5.43902594798232e-16,5.45527381220848e-16,5.4552738122082e-16,1e-20
1,9.6,0.26425644195612,9.21044566725639,2.48271363695595e-16,2.48271363695595e-16,4.8732384748596e-16,4.87323847485929e-16,1e-20
1,9.61,0.261504437243373,9.30310999771553,2.48272142755036e-16,2.48272142755036e-16,3.74929791704525e-16,3.74929791704606e-16,1e-20
1,9.62,0.259961192143018,9.35171501680951,2.48272675280176e-16,2.48272675280176e-16,4.92031678587547e-16,4.92031678587516e-16,1e-20
1,9.63,0.259642968042232,9.35421675871201,4.00317034023741e-16,4.00317034023741e-16,6.08245777620719e-16,6.08245777620744e-16,1e-20
1,9.64,0.260545888509634,9.31056155942435,1.9229028501208e-16,1.9229028501208e-16,4.32185504374671e-16,4.32185504374689e-16,1e-20
1,9.65,0.262646538761539,9.2226738136311,1.11000700565876e-16,1.11000700565876e-16,2.14773506368572e-16,2.14773506368607e-16,1e-20
1,9.66,0.265903320556341,9.09423423765795,1.24120531706851e-16,1.24120531706851e-16,1.8628043091087e-16,1.8628043091089e-16,1e-20
1,9.67,0.27025842987684,8.93029371979369,2.22044606341467e-16,2.22044606341467e-16,2.2205250998171e-16,2.2205250998171e-16,1e-20
1,9.68,0.275640267118714,8.7367948163712,1.77703119295273e-16,1.77703119295273e-16,2.59497655679797e-16,2.59497655679797e-16,1e-20
1,9.69,0.281966067520817,8.52007932328168,2.37138327459974e-16,2.37138327459974e-16,2.00112726327604e-16,2.00112726327604e-16,1e-20
1,9.7,0.289144552533249,8.28644789483291,3.10230258719621e-17,3.10230258719621e-17,6.80994405899969e-17,6.80994405900245e-17,1e-20
1,9.71,0.297078441919789,8.04181399828521,2.29697464520877e-16,2.29697464520877e-16,3.56647854100087e-16,3.56647854100106e-16,1e-20
1,9.72,0.305666719011051,7.79146865341799,6.83600748321283e-17,6.83600748321283e-17,1.06580883298126e-16,1.06580883298126e-16,1e-20
1,9.73,0.314806595507659,7.53995128055404,5.00569913061107e-17,5.00569913061107e-17,7.63127854691988e-17,7.63127854691988e-17,1e-20
1,9.74,0.324395168660419,7.29100871797933,2.00136656257979e-16,2.00136656257979e-16,3.56895801951346e-16,3.56895801951378e-16,1e-20
1,9.75,0.334330797701987,7.04761896417119,1.38769882746863e-16,1.38769882746863e-16,2.1699454738243e-16,2.16994547382456e-16,1e-20
1,9.76,0.34451424676152,6.81205649125205,3.37646927368103e-16,3.37646927368103e-16,5.63816742430142e-16,5.63816742430102e-16,1e-20
1,9.77,0.354849649146369,6.5859796199696,1.76077828303012e-16,1.76077828303012e-16,2.52810876511209e-16,2.52810876511209e-16,1e-20
1,9.78,0.365245344932909,6.37052537649844,2.11844587168823e-16,2.11844587168823e-16,2.97344094748493e-16,2.97344094748534e-16,1e-20
1,9.79,0.375614632743068,6.16640209760445,2.49788465288676e-16,2.49788465288676e-16,3.67947825584852e-16,3.67947825584832e-16,1e-20
1,9.8,0.385876459948186,5.97397410510188,1.71649833416439e-16,1.71649833416439e-16,2.18254795204123e-16,2.18254795204067e-16,1e-20
1,9.81,0.395956056044359,5.79333580071644,7.97888188454177e-17,7.97888188454177e-17,1.3904100666769e-16,1.39041006667651e-16,1e-20
1,9.82,0.405785494611442,5.62437458197371,7.54528341611107e-17,7.54528341611107e-17,1.31338943060032e-16,1.31338943060032e-16,1e-20
1,9.83,0.415304153443173,5.46682321618264,1.5716743489055e-16,1.5716743489055e-16,2.86064974129853e-16,2.8606497412988e-16,1e-20
1,9.84,0.424459033385737,5.3203029328632,1.38838420199429e-17,1.38838420199429e-17,2.41484261644911e-17,2.41484261644911e-17,1e-20
1,9.85,0.433204896562899,5.18435869302125,1.47526398988942e-16,1.47526398988942e-16,1.83517070836713e-16,1.83517070836677e-16,1e-20
1,9.86,0.44150419464942,5.05848802726092,1.14445861743954e-16,1.14445861743954e-16,2.17702507231027e-16,2.17702507231027e-16,1e-20
1,9.87,0.449326775977342,4.94216463483959,1.24129976564176e-16,1.24129976564176e-16,2.56048165008119e-16,2.56048165008119e-16,1e-20
1,9.88,0.456649382627162,4.83485770392128,1.11027805092919e-16,1.11027805092919e-16,2.20177948647187e-16,2.20177948647187e-16,1e-20
1,9.89,0.463454970212239,4.73604772151271,1.5701310033331e-16,1.5701310033331e-16,2.06530542396617e-16,2.06530542396617e-16,1e-20
1,9.9,0.469731899135059,4.64523943412546,2.7757625680451e-17,2.7757625680451e-17,4.87685971024296e-17,4.87685971024682e-17,1e-20
1,9.91,0.475473053776035,4.5619726203854,1.11016828338194e-16,1.11016828338194e-16,2.17694758866106e-16,2.17694758866106e-16,1e-20
1,9.92,0.480674944893476,4.48583146155696,1.66529423999678e-16,1.66529423999678e-16,2.80790524901857e-16,2.80790524901844e-16,1e-20
1,9.93,0.485336842149924,4.41645357963285,5.66696247639785e-21,5.66696247639785e-21,1.0896657001117e-20,1.0896657001117e-20,1e-20
1,9.94,0.489459971058352,4.353540342541,5.55112661603267e-17,5.55112661603267e-17,9.89846548893691e-17,9.89846548893691e-17,1e-20
1,9.95,0.493046794854827,4.29687100543234,2.07708532085979e-16,2.07708532085979e-16,3.86817256924879e-16,3.86817256924928e-16,1e-20
1,9.96,0.496100389318862,4.24632503448399,7.85007526654064e-17,7.85007526654064e-17,1.39326346016635e-16,1.39326346016689e-16,1e-20
1,9.97,0.498623908875721,4.20192008311002,1.24123049358113e-16,1.24123049358113e-16,2.34091638260232e-16,2.34091638260297e-16,1e-20
1,9.98,0.500620136010703,4.16387757700495,1.24126161995912e-16,1.24126161995912e-16,1.57496571937325e-16,1.57496571937325e-16,1e-20
1,9.99,0.50209110305861,4.13272892968285,1.35977342527777e-16,1.35977342527777e-16,1.92556701841495e-16,1.92556701841514e-16,1e-20
1,10,0.503037775466023,4.10944629903211,1.24132943260875e-16,1.24132943260875e-16,2.03632760945133e-16,2.03632760945133e-16,1e-20
2,0,0.417231645371236,5.65919510138306,2.27357145483373e-16,4.88616928281712e-17,1.93429846169224e-16,9.53563332362431e-17,2.85079761670827e-16
2,0.01,0.425664804600846,5.5271091502231,2.74459860540861e-16,1.17040406816268e-16,2.69518890844244e-16,1.32969262473741e-16,2.92461063254367e-16
2,0.02,0.433604672083967,5.40553502859978,1.2456294552596e-16,1.24562945856521e-16,1.52583586504657e-16,1.52581596487022e-16,2.3378644105602e-16
2,0.03,0.441041078256573,5.29371193615062,4.95301728408315e-17,4.10227505499772e-17,8.41727277027704e-17,7.7365596243177e-17,2.4210468772759e-16
2,0.04,0.44797086040641,5.19090804746412,4.6182056880796e-16,1.26739936361253e-16,4.41402122650573e-16,1.58784133357052e-16,3.16712669621183e-16
2,0.05,0.454395879074951,5.09644567511317,2.26655759074077e-16,3.6036850417806e-17,2.04762451600876e-16,6.0873181830933e-17,3.94468581750294e-16
2,0.06,0.460321308607785,5.00971658223081,4.97886157809924e-16,3.7035027726192e-17,5.28590904772251e-16,7.40022147099714e-17,3.34455059052217e-16
2,0.07,0.46575429618349,4.93019017793532,1.12101894395459e-16,1.12101894494968e-16,1.27588314837935e-16,1.27588341285154e-16,3.38878631628776e-16
2,0.08,0.470702981438488,4.85741715105673,1.69119031819144e-17,1.69119031819144e-17,3.20375231538117e-17,3.20375231538117e-17,2.01068224424487e-16
2,0.09,0.475175821983184,4.79103073387653,2.48858870346274e-16,1.12369616772998e-16,2.57452325442001e-16,1.28601870902506e-16,2.57208523050837e-16
2,0.1,0.47918115599604,4.73074733738614,2.24820709675094e-17,2.24820709675094e-17,4.4187660586661e-17,4.4187660586661e-17,3.61308035009772e-16
2,0.11,0.482726937097701,4.67636783609345,2.23063709004901e-16,2.23063709081212e-16,2.32978631352618e-16,2.32979162293049e-16,5.15345323596898e-16
2,0.12,0.485820589429616,4.62778028905809,2.55563719246124e-16,1.26526708716376e-16,3.23447322483285e-16,1.76519156782568e-16,2.88998618630034e-16
2,0.13,0.488468947348164,4.58496423995067,2.24152129420253e-16,3.06654617985874e-17,2.49750001762618e-16,6.45767495461353e-17,2.4808745740433e-16
2,0.14,0.49067826320361,4.54799569023048,4.99324502216793e-16,5.29709885926409e-17,4.61851047601703e-16,1.09136972236383e-16,3.83854563904535e-16
2,0.15,0.492454290192962,4.51705002673029,2.2288127948449e-16,1.92939930633874e-17,2.3179575033748e-16,4.0059118506822e-17,2.17777913988202e-16
2,0.16,0.493802479491639,4.49239734353915,2.29989269725511e-16,2.29989269725511e-16,2.41006618089697e-16,2.41006618089697e-16,3.10899432391469e-16
2,0.17,0.494728376180533,4.47438122088912,2.2541730902445e-16,2.2541730902445e-16,4.21605747452943e-16,4.21605747452943e-16,3.07411023363571e-16
2,0.18,0.495238353732138,4.4633705982333,5.09600473997848e-16,2.49954829554666e-16,5.01666948804701e-16,3.18507771159129e-16,2.90831501647785e-16
2,0.19,0.495340859472772,4.45967998682491,7.11810839221471e-17,6.98151395751167e-17,1.39240495258857e-16,1.4455139822853e-16,3.31234338284783e-16
2,0.2,0.495048247325568,4.46347001608489,2.25659502833692e-16,4.02294002296305e-17,2.65214582425292e-16,8.40075174485198e-17,3.04594217098614e-16
2,0.21,0.49437882931207,4.47466248512758,3.29263731088623e-16,2.16298064258096e-16,4.1095584335282e-16,4.52190221377969e-16,1.88669338115041e-16
2,0.22,0.493357773661132,4.49291391993351,1.57718352295348e-16,1.12022886084413e-16,1.63057548241933e-16,1.05832456616229e-16,2.22820597824961e-16
2,0.23,0.492014331472513,4.51767640370559,2.40805530485876e-16,9.31853247957592e-17,3.39689589221628e-16,1.73261740187161e-16,1.87042192959931e-16
2,0.24,0.490373543765446,4.54833894840117,5.09055440321811e-16,1.71016046264396e-17,4.95484901509193e-16,3.36353074943778e-17,3.05849421229317e-16
2,0.25,0.488445380234113,4.58439454653547,4.80863098834156e-16,4.26527271395481e-16,9.39726676740183e-16,8.69423947024233e-16,3.75838509620128e-16
2,0.26,0.486220244937187,4.62553880058665,5.12336645345192e-16,1.26371694939961e-16,4.97855926424528e-16,1.31318187491109e-16,4.08190352931454e-16
2,0.27,0.483677337264524,4.67163689553863,2.16940065034985e-16,2.16940065034985e-16,4.54606947519722e-16,4.54606947519722e-16,3.20604661121822e-16
2,0.28,0.480800139998572,4.72260465202915,3.34461453587774e-16,2.24131011960811e-16,3.24042810729627e-16,2.51656583158531e-16,3.90754759477044e-16
2,0.29,0.477586712366207,4.77831293547595,1.36419878543349e-16,1.36419878543349e-16,1.76497508163133e-16,1.76497508163133e-16,2.32515868819842e-16
2,0.3,0.474049879647684,4.83856805760623,1.39284157919438e-16,1.36490676442396e-16,1.74322757603504e-16,1.84346042720672e-16,3.52517425553203e-16
2,0.31,0.470211830883898,4.90313949315658,1.98265074272992e-16,1.98265079158979e-16,3.34082640343479e-16,3.34067812416276e-16,1.64219625287104e-16
2,0.32,0.466098903478448,4.97178960895666,2.81762275403758e-16,2.5896723382819e-16,4.84362312419769e-16,4.75608945057333e-16,3.04326097817993e-16
2,0.33,0.46173880420072,5.04428581434626,9.64128001114095e-17,9.23312300771939e-17,1.93050050510744e-16,1.77302966099357e-16,3.61626300520242e-16
2,0.34,0.457159871470986,5.12039687535763,2.41519685310777e-16,2.41519685310777e-16,3.9957531051631e-16,3.9957531051631e-16,3.13763790697325e-16
2,0.35,0.452391366586331,5.19988078970021,2.77020762182039e-16,2.77020762428543e-16,5.17986738165368e-16,5.17982633225243e-16,2.59081689781176e-16
2,0.36,0.447464084655174,5.28246962600172,1.93097035653937e-16,1.47915604338404e-16,2.62625962412211e-16,2.72715027555427e-16,2.89576157420165e-16
2,0.37,0.442410954904842,5.36785386988378,1.17739424162596e-16,1.17739424162596e-16,2.06118774348353e-16,2.06118774348353e-16,3.44531988253645e-16
2,0.38,0.437267520494487,5.45566714285139,3.26535184407505e-16,7.02575660864891e-17,3.94772753214579e-16,1.32549348285188e-16,1.85015544156354e-16
2,0.39,0.432072277746198,5.54547154704574,3.30264159505281e-16,2.44480282389841e-16,4.08146852239004e-16,4.41625265894781e-16,2.25326430273755e-16
2,0.4,0.426866879821217,5.6367438382362,3.90110127909405e-16,2.31469865738211e-16,3.89775369716076e-16,4.33790550908473e-16,2.72383626101988e-16
2,0.41,0.421696214066906,5.72886277749584,1.21661887178593e-16,1.21661887178593e-16,2.013017454016e-16,2.013017454016e-16,2.70095924179653e-16
2,0.42,0.41660836581603,5.82109816672623,1.2294654862659e-16,5.28195247290008e-17,1.80818956844746e-16,1.19702368360432e-16,2.53952204755615e-16
2,0.43,0.411654487430661,5.91260219118763,1.32348984993996e-16,1.32348985068543e-16,1.31696677097961e-16,1.31697809885329e-16,1.3287122120419e-16
2,0.44,0.406888591032874,6.00240386708179,3.59303042698216e-16,2.59747797433981e-16,6.26637694283256e-16,5.72057209157203e-16,2.0204050369263e-16
2,0.45,0.402367266506452,6.08940776025041,2.66711808973979e-16,1.47754466924937e-16,3.51118959036143e-16,1.75801420130192e-16,2.32169144302725e-16
2,0.46,0.398149296689995,6.17239867703164,2.65904397876717e-16,1.46291975972252e-16,4.07949622197562e-16,2.73650380857229e-16,3.1869848491818e-16
2,0.47,0.394295120245589,6.2500544282797,3.46330566882298e-16,1.46072750891025e-16,3.10023319268957e-16,1.71411982535964e-16,2.76963364554196e-16
2,0.48,0.390866099151918,6.32096865020776,2.49969839983864e-16,1.1480903426118e-16,2.70613377756483e-16,2.08218543051639e-16,3.19378967838917e-16
2,0.49,0.38792357975922,6.38368489612097,2.73840820389145e-16,1.60265368543958e-16,3.9974911932615e-16,3.12795194049946e-16,2.24013706158847e-16
2,0.5,0.385527774046265,6.43674195694658,2.45922973717513e-16,1.05708573424103e-16,3.6294449918357e-16,1.94660749834949e-16,3.01045176151857e-16
2,0.51,0.383736516336446,6.4787288476995,2.3766635195374e-16,2.10141245848883e-16,3.04424715874775e-16,3.38973724799674e-16,3.09180867005273e-16
2,0.52,0.38260397158329,6.50834621542042,1.20922646640592e-16,1.20922646640592e-16,2.40837596200123e-16,2.40837596200123e-16,2.06472728649988e-16
2,0.53,0.382179391066814,6.52446919340376,2.64066582332992e-16,2.64066582456598e-16,4.6208431745167e-16,4.62078711468078e-16,1.65258782166391e-16
2,0.54,0.382506006922638,6.52620564024836,2.53119275853276e-16,2.53119275853276e-16,4.06663034435163e-16,4.06663034435163e-16,2.59850972211499e-16
2,0.55,0.383619941497311,6.51294689372545,5.17362966842386e-16,1.45414602356124e-16,5.72052934633781e-16,2.35639137151699e-16,5.74967003059172e-16
2,0.56,0.38554759864825,6.48443303893251,3.78241199082403e-16,3.04946267609928e-16,8.17740776227859e-16,7.08302757586261e-16,3.12025949425588e-16
2,0.57,0.388292692419551,6.44097981807347,2.10213401293968e-16,2.10213401315821e-16,3.26373845522154e-16,3.26374752754094e-16,2.81125656947172e-16
2,0.58,0.39176278828818,6.38467959834431,1.13938527758139e-16,1.1393853955683e-16,1.71125900010061e-16,1.71141855056017e-16,3.95743279123012e-16
2,0.59,0.395091494070992,6.33012991988193,7.12760146595103e-17,7.1276014721245e-17,1.15589008816011e-16,1.15590114886745e-16,2.51185148588039e-16
2,0.6,0.395047185544196,6.32875667909546,5.95085657030234e-16,3.95877657747206e-16,6.22399517487702e-16,6.86148646716593e-16,1.92614987280975e-16
2,0.61,0.394049235320662,6.34140492996726,9.30419050062243e-17,9.30419050062243e-17,1.75157021783688e-16,1.75157021783688e-16,2.63767298213677e-16
2,0.62,0.393546296859617,6.34469619763268,1.11451026265818e-16,1.11451026265818e-16,2.37554269667492e-16,2.37554269667492e-16,2.86061600577975e-16
2,0.63,0.393633852715705,6.33694640818143,2.12712192615211e-16,2.10893590622655e-16,3.50671010950642e-16,3.39422337580654e-16,2.93442420388298e-16
2,0.64,0.394275416422316,6.31878166862924,5.22034128000202e-17,5.22034128000202e-17,9.98669166580646e-17,9.98669166580646e-17,3.75537105818265e-16
2,0.65,0.395420354490825,6.29117717722588,2.55971518227777e-16,2.55971518227777e-16,4.07767565019453e-16,4.07767565019453e-16,1.82623495740013e-16
2,0.66,0.397015949149046,6.2552046376657,4.5476205272546e-16,9.39304351900474e-17,4.78533319280802e-16,9.29402098780185e-17,4.58226189827419e-16
2,0.67,0.399006954324581,6.21200578567981,1.60308123361065e-16,1.60308127649304e-16,2.25482116446261e-16,2.25469416855906e-16,1.78021343203115e-16
2,0.68,0.401337342993934,6.16273278487216,5.00655006837679e-16,6.43148850705547e-17,5.25088723160011e-16,8.58368488333186e-17,3.45011161949381e-16
2,0.69,0.403954518133339,6.108452566141,2.24814353585737e-16,3.5180795380187e-17,2.11293916027646e-16,5.05935779017841e-17,4.41244812036499e-16
2,0.7,0.406811282803463,6.05010574352738,1.42295053656342e-16,8.90052288081846e-17,2.07396838921634e-16,1.43197301681193e-16,3.01433045981772e-16
2,0.71,0.409863774706994,5.98854539251424,4.6640798668152e-16,1.42552389440008e-16,4.32313139039774e-16,2.4885497898775e-16,3.049423053889e-16
2,0.72,0.413069071869033,5.9245786879816,1.819008917488e-16,1.81900891798861e-16,2.96585711620221e-16,2.96584969571973e-16,2.32115999342192e-16
2,0.73,0.41638496043954,5.85896740322911,2.87754159462306e-16,1.830263634331e-16,5.14990442521975e-16,3.79364029154989e-16,1.52115489148068e-16
2,0.74,0.419770922126075,5.79240894783672,8.81083428747318e-17,6.84221614180065e-17,1.48144632106429e-16,1.54459703134844e-16,3.36686088014457e-16
2,0.75,0.42318903092907,5.72552255684625,4.99783002860502e-16,2.29276740352968e-16,4.10928794927488e-16,3.91563575288704e-16,2.820857097637e-16
2,0.76,0.426604400809978,5.6588457816435,8.86322710300619e-17,6.90955250574508e-17,1.08629858548978e-16,1.27982089777982e-16,3.11641761576372e-16
2,0.77,0.429985305678291,5.5928378056763,2.99019457155006e-16,1.66681965241842e-16,2.98850951923858e-16,3.04360328544307e-16,2.86118021527565e-16
2,0.78,0.433303132488012,5.52788593709146,2.27424095675364e-16,4.91722773636537e-17,2.11362810881448e-16,1.0811110884211e-16,3.34127720037309e-16
2,0.79,0.436532261287685,5.46431319724668,3.45393904579348e-16,2.64562171852131e-16,5.44934903406011e-16,5.28889312830499e-16,3.19938498899943e-16
2,0.8,0.439649915420185,5.40238601933102,2.48079689253292e-16,1.10633293689872e-16,2.31129573074083e-16,1.98686758636016e-16,3.16189906911768e-16
2,0.81,0.442636000485677,5.34232161225859,1.55866213282128e-16,1.09399839117028e-16,1.74221334737617e-16,1.948314132291e-16,3.08829326821791e-16
2,0.82,0.445472940628391,5.28429478847165,3.18947473244048e-16,5.58558639368913e-17,3.32158169765157e-16,1.08299304528997e-16,3.12156909177847e-16
2,0.83,0.44814551683453,5.22844416834139,2.31008721484118e-16,6.37277241505874e-17,2.97446238207886e-16,1.25810762364854e-16,4.03588298031995e-16
2,0.84,0.450640710343207,5.17487773455732,2.60645520259897e-16,7.94123985017551e-17,3.40114865926059e-16,1.29460575610056e-16,3.42336290789193e-16
2,0.85,0.452947553455091,5.12367774766194,2.36030354318465e-16,8.00407495178986e-17,3.32809674053595e-16,1.63677216779393e-16,2.80201022791272e-16
2,0.86,0.455056989443408,5.0749050611713,4.25862298527097e-16,3.63393575521733e-16,8.37918935059421e-16,7.13725969142113e-16,2.26939690941388e-16
2,0.87,0.45696174276507,5.02860289822685,2.61014637016256e-16,1.37203622985745e-16,4.33560639568203e-16,2.81127198226705e-16,4.08020806717949e-16
2,0.88,0.458656200299094,4.98480017783234,3.51379323878085e-17,3.51379323878085e-17,4.14404378043869e-17,4.14404378043869e-17,3.79684294546758e-16
2,0.89,0.460136303910472,4.94351451755723,1.291060252616e-16,1.291060252616e-16,2.0710958410985e-16,2.0710958410985e-16,1.88564877166211e-16
2,0.9,0.461399454266291,4.90475511201889,2.34764500623879e-16,7.62270567244077e-17,2.51315867839386e-16,1.44773091209648e-16,3.83460950645132e-16
2,0.91,0.462444425530973,4.86852584200891,2.09522166699182e-16,2.09522166757168e-16,4.4142483641938e-16,4.41427032846792e-16,3.4551721281683e-16
2,0.92,0.463271290343762,4.83482933853766,4.15082607148433e-16,2.71451575063609e-16,6.28467632397638e-16,5.44395666116451e-16,2.92481469143894e-16
2,0.93,0.463881354328216,4.80367369474607,7.17026397717306e-17,7.17026397717306e-17,1.47330892078682e-16,1.47330892078682e-16,4.29561096836887e-16
2,0.94,0.464277099285467,4.77508638137288,1.09895300088117e-16,1.09895300174673e-16,1.9064792016192e-16,1.90650028811124e-16,2.35157786391375e-16
2,0.95,0.464462134160666,4.7491498088004,2.34039834364973e-16,2.34039834403223e-16,4.67941996066426e-16,4.67943950921593e-16,4.17833567399033e-16
2,0.96,0.464441152823421,4.72611514472281,6.74154263221269e-17,6.7415426921995e-17,7.54390620756365e-17,7.54434872824733e-17,2.85623045446449e-16
2,0.97,0.464219897646493,4.70689024074136,3.10586771148584e-16,1.86639717616887e-16,5.36837473048988e-16,3.67459243724184e-16,3.30753418856016e-16
2,0.98,0.463805127779616,4.69588545128988,1.18181866454577e-16,4.05092834905527e-17,1.26710327720633e-16,8.25528876032308e-17,2.43298815666971e-16
2,0.99,0.46320459087212,4.70644872135245,2.2890244083489e-16,5.56104382634862e-17,2.50781436550593e-16,1.11045793027231e-16,1.56173729408002e-16
2,1,0.462426996771961,4.73376489988578,2.87151176369873e-16,1.82076883953425e-16,4.8688737179838e-16,3.32808241420761e-16,3.29597837786466e-16
2,1.01,0.461481991398251,4.76628359818416,3.41228053273243e-16,1.335251707189e-16,5.11148971161921e-16,2.3761359555659e-16,4.03823662018036e-16
2,1.02,0.460380128548824,4.80123136366486,2.33866156803868e-16,7.34137093593429e-17,2.25362166675743e-16,1.50790258195118e-16,2.88011405549981e-16
2,1.03,0.459132836910619,4.83785509678813,3.53271900029039e-16,1.17760224835988e-16,4.98352627962407e-16,2.42228869042867e-16,4.00172356318935e-16
2,1.04,0.457752379108668,4.87580928793241,1.47569033756141e-16,1.47569033756141e-16,3.05370542795167e-16,3.05370542795167e-16,1.15110021486407e-16
2,1.05,0.456251799457778,4.91485906011423,9.13563584148201e-17,7.25568488276433e-17,1.57356483924924e-16,1.42512297031043e-16,2.37604443818508e-16
2,1.06,0.45464485740262,4.95480359832345,3.21702064489794e-16,2.04603177093132e-16,5.76990298794807e-16,4.21886895530335e-16,2.34391278982636e-16
2,1.07,0.452945944604999,4.99545081025264,2.33919744568332e-16,4.8302716399606e-17,2.56669402322855e-16,9.42652779407215e-17,2.1063926683875e-16
2,1.08,0.451169985201683,5.03660753205273,1.47141519929639e-17,1.47141519929639e-17,2.98237526456958e-17,2.98237526456958e-17,2.30400241960713e-16
2,1.09,0.449332320547703,5.07807552241897,3.41149468622482e-16,1.21218228619388e-16,3.34079308426081e-16,1.09071156220172e-16,3.34025678867428e-16
2,1.1,0.447448581192498,5.11965002600007,1.48597125267253e-16,1.48597125532486e-16,2.81615123842416e-16,2.81610471679301e-16,2.36526523619284e-16
2,1.11,0.445534549377588,5.16111968187662,1.06723053588592e-16,1.06723053588592e-16,2.12880930983223e-16,2.12880930983223e-16,3.35089342834337e-16
2,1.12,0.443606014852308,5.20226725859387,1.68602550124549e-16,1.26889196799502e-16,3.11871436610623e-16,2.38714535959115e-16,1.47042771911218e-16
2,1.13,0.441678625674971,5.24287098004142,2.28603874610331e-16,5.43684183193019e-17,2.83059811872335e-16,1.13119023470333e-16,1.91522687283484e-16
2,1.14,0.439767734652926,5.28270632954567,2.82597034414068e-16,1.74806399434667e-16,4.77622576789013e-16,3.49520568887791e-16,3.36885800379373e-16
2,1.15,0.437888241863986,5.32154826979548,2.49333748004724e-16,2.31853331589504e-17,2.50994853399827e-16,4.31322502682794e-17,2.44775888987294e-16
2,1.16,0.436054434543752,5.35917382584456,1.31558521351911e-16,1.31558521351911e-16,2.62816789171977e-16,2.62816789171977e-16,3.0558397944299e-16
2,1.17,0.434279827237138,5.39536496399356,2.79071699636953e-16,1.27480411506499e-16,2.95327932685153e-16,2.43533943927903e-16,1.68756079073699e-16
2,1.18,0.432577006882494,5.42991167379725,9.27847471467722e-17,9.27847471467722e-17,1.70733245226309e-16,1.70733245226309e-16,2.64873102164472e-16
2,1.19,0.43095748879551,5.46261513499066,2.22306230710128e-16,1.07820979513005e-17,2.3024021911929e-16,2.31631349723043e-17,2.95802696655435e-16
2,1.2,0.429431589963718,5.4932908340059,1.124978038437e-16,1.124978038437e-16,1.25372271101392e-16,1.25372271101392e-16,3.25561040617021e-16
2,1.21,0.42800832559966,5.52177149002614,1.56876642206238e-16,1.56876642206238e-16,2.19411477598357e-16,2.19411477598357e-16,3.88430420789684e-16
2,1.22,0.426695333729669,5.54790965844594,3.90053927929063e-16,2.31375135959471e-16,5.83634445928799e-16,4.21652465143078e-16,2.46929475162272e-16
2,1.23,0.425498830976261,5.57157989847509,9.30069771978378e-17,9.3006978021012e-17,1.83694333437647e-16,1.83695693455158e-16,3.17208093798355e-16
2,1.24,0.424423600782429,5.59268041990846,2.25359393341078e-16,3.85103849845531e-17,2.43092547468082e-16,7.88852764102836e-17,1.49285641557907e-16
2,1.25,0.423473013152519,5.61113416113448,1.76903452293209e-16,1.76903452736832e-16,2.39488714329419e-16,2.39492228228202e-16,3.08157409719369e-16
2,1.26,0.422649072580162,5.62688929501365,2.86068430850652e-16,1.80364465882394e-16,2.92045083415922e-16,2.95354694131522e-16,2.84298370197098e-16
2,1.27,0.42195248841567,5.63991920717054,1.89166284732734e-16,1.53159823829578e-16,3.05675558409411e-16,2.51483646130342e-16,4.97658581830524e-16
2,1.28,0.421382759943591,5.65022203470916,8.73518831011293e-17,8.73518839022164e-17,1.91192149025445e-16,1.91195884678305e-16,2.54049070007628e-16
2,1.29,0.420938267435526,5.65781988298776,1.30014702197283e-16,1.30014702197283e-16,1.37030558244769e-16,1.37030558244769e-16,2.89232019628726e-16
2,1.3,0.420616360800665,5.66275784662847,1.0070546527389e-16,1.0070546527389e-16,1.82258041168793e-16,1.82258041168793e-16,4.7978089646532e-16
2,1.31,0.420413439221055,5.66510294646479,3.48415002585367e-16,1.50948338427208e-16,3.91966703869045e-16,2.11816878591e-16,2.83683131024274e-16
2,1.32,0.420325017996352,5.66494306093734,7.45950451214685e-17,7.45950459073183e-17,1.35283430598032e-16,1.35279127440196e-16,1.75406728875857e-16
2,1.33,0.420345782130501,5.6623858875349,2.04028795279603e-16,1.71177678624194e-16,3.10778162501123e-16,2.56516091761929e-16,3.12185263554297e-16
2,1.34,0.420469629285806,5.65755792797105,2.38221361724301e-16,2.38221361724301e-16,2.68121237235789e-16,2.68121237235789e-16,2.06293473048126e-16
2,1.35,0.420689707028701,5.6506034592072,2.29684041617941e-16,1.92214590137994e-17,2.11975942260736e-16,3.67026236410447e-17,3.9661025307828e-16
2,1.36,0.420998450449568,5.64168343682945,2.31105918059871e-16,2.24340048701243e-16,2.08237925169335e-16,1.91959403320742e-16,2.89626834923761e-16
2,1.37,0.421387626185333,5.63097427878386,2.5282321910657e-16,1.2089571392954e-16,3.89323479391225e-16,2.28443309320678e-16,2.89396045645488e-16
2,1.38,0.421848387772916,5.61866649320769,1.26316305911487e-16,1.13465066113341e-16,1.16701448511933e-16,9.08214312484421e-17,2.94168078368581e-16
2,1.39,0.422371345420273,5.60496313870367,2.06645912665795e-16,1.65212268510488e-16,2.42178196901385e-16,2.23875765131535e-16,1.93707438012309e-16
2,1.4,0.422946651038119,5.59007813280942,1.13639246152238e-16,9.9158412084411e-17,2.17357831686501e-16,1.84731012149703e-16,1.8040478124055e-16
2,1.41,0.423564097017673,5.57423444921886,2.48302980978785e-16,4.96110016200989e-18,2.46277368446021e-16,1.04551608864621e-17,3.60232281515406e-16
2,1.42,0.424213224987145,5.55766226236042,3.49111757963832e-17,3.49111759500821e-17,7.38875047205783e-17,7.38878112278394e-17,3.20041896625541e-16
2,1.43,0.424883438855345,5.54059710578319,4.66249602633581e-16,6.90364113756022e-17,5.18371273292714e-16,1.350339575643e-16,4.59421463378392e-16
2,1.44,0.425564115245469,5.5232781043692,1.32103255673062e-16,1.32103256146958e-16,1.59074885329928e-16,1.59071342855764e-16,2.00095237337149e-16
2,1.45,0.426244704664582,5.50594631392955,4.71715126115127e-16,1.4905853209239e-16,3.70424954927207e-16,1.81224834973307e-16,4.68211736757898e-16
2,1.46,0.426914819423308,5.48884314976803,8.17546099417299e-17,8.17546099417299e-17,1.52542554432634e-16,1.52542554432634e-16,4.40250913565222e-16
2,1.47,0.427564309872406,5.47220881121289,3.77174212255243e-16,3.73066882045758e-16,6.77155477301232e-16,6.98588039599205e-16,2.16534910209223e-16
2,1.48,0.428183337305015,5.45628053666769,2.29690747536411e-16,2.01076820816758e-16,3.89710914648136e-16,3.71015274960732e-16,3.43333000392804e-16
2,1.49,0.428762454897219,5.44129050562752,2.22601071688574e-16,2.22601071688574e-16,2.11786914099377e-16,2.11786914099377e-16,5.31537080114721e-16
2,1.5,0.429292700865914,5.42746329525251,2.28082113137086e-16,2.21223783581375e-16,4.29423114648073e-16,4.31061865303079e-16,2.14848496780778e-16
2,1.51,0.429765688820416,5.41501300141981,1.54096451439177e-16,1.3259992759639e-16,2.41230561355649e-16,2.67870912527111e-16,4.76204000760963e-16
2,1.52,0.430173656956027,5.40414036805229,2.05620364522082e-16,1.97985470161763e-16,3.91707034111839e-16,4.03922780419061e-16,5.55616635846384e-16
2,1.53,0.430509422396314,5.39503044265546,2.19302344555161e-16,2.19302344555161e-16,4.14953241339374e-16,4.14953241339374e-16,2.93841649465892e-16
2,1.54,0.430766180909765,5.38785141825381,1.94585450009499e-16,1.94585450009499e-16,2.91069269864879e-16,2.91069269864879e-16,2.83218807203899e-16
2,1.55,0.430937076662918,5.38275562859079,4.59414420063692e-16,1.17670655038569e-16,5.56612963180141e-16,2.29171495632999e-16,2.34204514423169e-16
2,1.56,0.431014408459273,5.37988443172441,5.39178822380448e-16,2.99410615469706e-16,5.10926676420643e-16,5.32195757059656e-16,2.20100940198279e-16
2,1.57,0.430988196254011,5.37938033160049,1.20294546518298e-16,1.2029455236762e-16,2.29439054241623e-16,2.29452503717122e-16,3.66234487310483e-16
2,1.58,0.430843541300888,5.38141282348193,4.70860856476982e-16,1.54027101119347e-16,3.76577820541127e-16,1.87993428802044e-16,3.8753271779984e-16
2,1.59,0.430555668725655,5.38623038804405,3.73139814183706e-16,2.98595281903419e-16,5.82041571959532e-16,4.51518269536509e-16,4.52206553528197e-16
2,1.6,0.430080659728863,5.3942612188795,2.30297455534723e-16,2.30297455896334e-16,2.748846619343e-16,2.74887170925719e-16,2.13760603347917e-16
2,1.61,0.429339244822847,5.40629510507983,2.62332436989382e-16,1.39003285148561e-16,2.70779242406999e-16,1.45980355266754e-16,2.40558369926333e-16
2,1.62,0.428195291196547,5.42374281658832,3.76574026440286e-16,3.59568425686867e-16,5.82134117960096e-16,6.2025922213981e-16,3.17222581476423e-16
2,1.63,0.426461189268997,5.44865769625248,3.41369901936416e-16,3.41369902076536e-16,6.07668992061987e-16,6.0766657685113e-16,2.69784234544385e-16
2,1.64,0.424071098693912,5.48197698295411,2.70639459798387e-16,1.54576073100075e-16,3.79155919833411e-16,3.05341750496568e-16,3.84378739708119e-16
2,1.65,0.421636985896641,5.51720988528348,1.32697779980489e-16,1.32697779980489e-16,2.01630361100619e-16,2.01630361100619e-16,3.12083910989604e-16
2,1.66,0.420677204829429,5.53696327662629,3.54967183032241e-16,3.54967183032241e-16,6.24647933568912e-16,6.24647933568912e-16,1.65864180692166e-16
2,1.67,0.421754414332096,5.53422669353451,4.58661891729477e-16,4.58661891729477e-16,8.26355091034658e-16,8.26355091034658e-16,2.16688217345545e-16
2,1.68,0.423402339271637,5.52554859313473,1.74155356914984e-16,1.74155356914984e-16,3.63067445888081e-16,3.63067445888081e-16,4.49282817753649e-16
2,1.69,0.424402382014156,5.5244090563458,4.6622226801997e-16,1.41943569493783e-16,4.28426616529341e-16,2.35941905483716e-16,3.06020154948521e-16
2,1.7,0.424666249485077,5.53148218512582,1.95188964392647e-16,1.95188964392647e-16,4.02468065473898e-16,4.02468065473898e-16,3.37150749084473e-16
2,1.71,0.424474318997126,5.54350910247597,1.81817067654256e-16,1.81817067654256e-16,3.88979749823791e-16,3.88979749823791e-16,2.85094117221515e-16
2,1.72,0.424052660088614,5.5579000077256,1.31394649267526e-16,1.31394649361136e-16,1.43624963253823e-16,1.43622547527786e-16,2.63137566759468e-16
2,1.73,0.423530358000279,5.5731350342866,5.55493923997943e-16,5.09185322887693e-16,1.1871983427746e-15,1.07321322476938e-15,3.30359852344017e-16
2,1.74,0.422977002407398,5.58834166953906,3.12610501011056e-16,2.92231712341945e-16,6.82586153919364e-16,6.35506442882849e-16,2.96243061014973e-16
2,1.75,0.422432024677836,5.60297620958931,4.3634484852908e-16,3.58841286810819e-16,5.03605432965729e-16,6.46843739276321e-16,3.14255698696354e-16
2,1.76,0.421920087542667,5.61665850027707,2.73275208862297e-16,2.67577749973673e-16,3.59412825343572e-16,3.73332323868069e-16,2.21100765986196e-16
2,1.77,0.421458399304142,5.62909395766593,4.02580850684968e-16,3.3118883882266e-16,8.06718595067358e-16,6.4588896344006e-16,2.62702217724366e-16
2,1.78,0.421060116148382,5.64003770220314,1.07175345290058e-16,1.07175345290058e-16,1.98129185838638e-16,1.98129185838638e-16,3.56812871323435e-16
2,1.79,0.420735931874698,5.64927820514484,2.63322538135236e-16,2.63322538135236e-16,5.7783880066599e-16,5.7783880066599e-16,2.83136564425441e-16
2,1.8,0.420494840966062,5.65662982462268,2.77726599835666e-16,2.77726599835666e-16,2.88913827543402e-16,2.88913827543402e-16,2.77599092100041e-16
2,1.81,0.420344551936957,5.66192905046766,5.29230371137226e-16,4.11279978860053e-16,7.35857562686539e-16,7.89927642667568e-16,2.98583192632476e-16
2,1.82,0.420291814346998,5.66503154517573,3.24589980461781e-16,2.3015942580469e-16,3.70394114752491e-16,3.82739670091554e-16,3.35691304464938e-16
2,1.83,0.420342831810302,5.66580803988141,2.7391996359209e-16,1.60400560715912e-16,2.83867951496287e-16,3.19623112617341e-16,3.58200049529585e-16
2,1.84,0.420503840567262,5.66413820634652,2.52826859017204e-16,1.2090332528178e-16,2.53029174649657e-16,1.0430518465757e-16,4.36793786122313e-16
2,1.85,0.420781718671096,5.65990414803269,1.27198834885498e-16,1.27198834925092e-16,1.12109992493254e-16,1.12108251480184e-16,4.03977907526443e-16
2,1.86,0.421184138788597,5.65298926590146,2.27151408040284e-16,3.90331092870585e-17,2.52656664863672e-16,7.27357960707854e-17,2.47928851845756e-16
2,1.87,0.421718627527109,5.64328989934848,3.50716943269748e-17,3.50716943269748e-17,7.72477268976426e-17,7.72477268976426e-17,4.1021324153148e-16
2,1.88,0.422390541471606,5.63073935680214,1.78546199223909e-16,1.78546199223909e-16,2.59564868916604e-16,2.59564868916604e-16,2.91502538829575e-16
2,1.89,0.423201202906843,5.61532947379938,2.09308879988547e-16,2.09308880033218e-16,3.84937865733785e-16,3.84936187375797e-16,3.05896358911618e-16
2,1.9,0.4241476814292,5.59711234102074,1.41154278177365e-16,1.41154278469785e-16,2.98874769887558e-16,2.98878335106809e-16,3.99341303371735e-16
2,1.91,0.425224234149778,5.57618248403191,4.8660851880106e-16,1.9892869280818e-16,4.62908410271937e-16,4.33684814912978e-16,2.52262349885705e-16
2,1.92,0.426424029551587,5.55265590184742,5.17608880818279e-16,1.4628711706909e-16,6.07792865355593e-16,1.71569048344065e-16,3.31953347885447e-16
2,1.93,0.427740040251921,5.52665890177871,2.76769435504433e-16,2.76769435504433e-16,4.62194742591584e-16,4.62194742591584e-16,4.86123096159439e-16
2,1.94,0.429165044547418,5.49832715592231,5.48459677364574e-16,3.21858340562428e-16,5.14442472257244e-16,5.77892086995005e-16,2.7109974923633e-16
2,1.95,0.430691220526788,5.46780918372911,1.49618898091117e-16,1.38940011353752e-16,1.33791499080916e-16,1.49534643189017e-16,2.14995676535036e-16
2,1.96,0.432309739865482,5.43526953993066,2.71003359957132e-16,1.55367353494039e-16,3.85682811138475e-16,2.62029482899425e-16,2.75887964675813e-16
2,1.97,0.434010532082883,5.40088981906285,1.34719798568914e-16,5.23639625252994e-17,1.35603293839375e-16,1.00233033816779e-16,2.89347395383848e-16
2,1.98,0.435782250582454,5.364867206535,2.44736631319354e-16,2.44736631319354e-16,4.27294399708718e-16,4.27294399708718e-16,1.722028523192e-16
2,1.99,0.43761242855506,5.32741079467306,2.54841651453036e-16,1.25061828131261e-16,2.72309379244417e-16,1.58023366609185e-16,4.50033335778262e-16
2,2,0.439487781259882,5.28873628570719,3.32131815088146e-16,2.45433013345146e-16,4.9341288056918e-16,4.27007569359816e-16,2.81915926008991e-16
2,2.01,0.441394539051121,5.24906062694431,4.96408652089925e-16,2.20081692984057e-16,7.07602996986312e-16,3.81129014299302e-16,2.59121862683942e-16
2,2.02,0.443318637507564,5.20859881485014,4.84008729971094e-16,1.92481750779077e-16,7.0799670605451e-16,3.64831460806597e-16,2.82102581997062e-16
2,2.03,0.445245674593358,5.16756396296284,3.13223976460579e-16,3.13223976460579e-16,4.44187341477618e-16,4.44187341477618e-16,3.61273423841479e-16
2,2.04,0.447160756295788,5.12616903344951,3.07286407568612e-16,2.10596195887663e-16,3.52712365866013e-16,3.54581403349701e-16,5.13601091095549e-16
2,2.05,0.449048458375889,5.08462738342991,1.38992688790167e-16,1.27426369512955e-16,1.75282219908808e-16,1.48491972879592e-16,4.9678971824715e-16
2,2.06,0.450893003240289,5.04315100109985,1.37616430344687e-16,1.37616430344687e-16,2.75025572952349e-16,2.75025572952349e-16,3.20532680828575e-16
2,2.07,0.452678564642228,5.00194767816869,4.9391594383098e-16,2.16189114585344e-16,4.56838106207801e-16,4.3155504212584e-16,3.25256290083475e-16
2,2.08,0.454389563461967,4.96121901620955,2.06549490434115e-16,2.06549490434115e-16,3.58436508104464e-16,3.58436508104464e-16,3.59435413014718e-16
2,2.09,0.456010883644428,4.92116053831961,1.29135050904258e-16,1.16594913226752e-16,2.63707786647584e-16,2.35001217540608e-16,3.91824258694099e-16
2,2.1,0.457528007913756,4.88196490457055,6.50957957715664e-17,6.50957957715664e-17,9.59031617114697e-17,9.59031617114697e-17,2.08315678907541e-16
2,2.11,0.458927100695207,4.84383058613796,1.45985674889263e-16,1.45985674889263e-16,2.93753962378324e-16,2.93753962378324e-16,1.85029056958421e-16
2,2.12,0.460195063500704,4.80698375457336,2.57365546952458e-16,1.30127699517915e-16,2.7759137016244e-16,2.53819573247788e-16,1.9553095934058e-16
2,2.13,0.461319577701179,4.77174176093334,2.38260169748367e-16,8.63950340714516e-17,3.17575845458448e-16,1.77750759620688e-16,3.92699209549822e-16
2,2.14,0.462289141520409,4.73874715989117,3.51566733682997e-16,2.72571755176568e-16,5.29099973985436e-16,5.57704887804237e-16,2.48277448673682e-16
2,2.15,0.463093103883262,4.71017209969035,1.26521354780296e-16,1.26521354780296e-16,2.49950494880966e-16,2.49950494880966e-16,1.16667654601197e-16
2,2.16,0.463721696159844,4.69578623267085,1.22010754262013e-16,1.22010754262013e-16,2.39208494115108e-16,2.39208494115108e-16,1.96073554619899e-16
2,2.17,0.464166062505043,4.70434409129239,2.31768822507108e-16,6.64302689526368e-17,3.02792227728636e-16,1.36478365526024e-16,3.02672812316329e-16
2,2.18,0.464418289595412,4.72274736296207,7.03966138887459e-17,7.03966138887459e-17,1.20473732842585e-16,1.20473732842585e-16,3.67183948524339e-16
2,2.19,0.46447143675087,4.74527352513303,2.56148288623548e-16,6.31045762554576e-17,2.66982289820204e-16,1.23986800998995e-16,3.33462986658176e-16
2,2.2,0.464319567572476,4.77077568961547,1.96708520842386e-16,1.6238315961922e-16,3.04545443504019e-16,3.3807698734934e-16,3.37755868750717e-16
2,2.21,0.463957784305221,4.79895034622321,1.32274221804256e-16,1.32274221804256e-16,2.74088078157757e-16,2.74088078157757e-16,2.91934245621058e-16
2,2.22,0.4633822661548,4.82969984640289,2.31630650455561e-16,6.59465818231184e-17,2.35579685491737e-16,1.26372614743964e-16,3.3820756095873e-16
2,2.23,0.462590312763795,4.86299168446847,6.23008718908527e-17,6.23008718908527e-17,1.1871503050206e-16,1.1871503050206e-16,5.04379432886868e-16
2,2.24,0.461580393996129,4.89881629811341,5.92621194687683e-17,5.92621194687683e-17,9.53725817697592e-17,9.53725817697592e-17,2.21470625296535e-16
2,2.25,0.460352207095437,4.93717109991027,8.41766761410413e-17,8.41766761410413e-17,1.61199038201072e-16,1.61199038201072e-16,4.26563880252891e-16
2,2.26,0.458906742175804,4.97805303064421,3.14906865191938e-16,2.36372726276502e-17,2.93418257815708e-16,4.42031850731248e-17,4.34853763790434e-16
2,2.27,0.457246356872541,5.02145421460721,2.73890881837718e-16,1.15699857202108e-16,2.93054878067851e-16,2.17123578211792e-16,3.51356328009426e-16
2,2.28,0.455374860825094,5.0673587518863,1.09732147915468e-16,1.09732148142836e-16,2.19911218279361e-16,2.19914585932127e-16,1.2941683135891e-16
2,2.29,0.453297610480786,5.11573982646815,1.27456448573262e-16,1.27456448654745e-16,2.48272530096246e-16,2.48271266124295e-16,4.41871471823241e-16
2,2.3,0.451021614492561,5.16655673781804,2.3686664047947e-16,8.24742314012147e-17,2.81623609137901e-16,1.80845997850666e-16,3.47515900373508e-16
2,2.31,0.448555649729699,5.21975164137905,1.53471163368755e-16,1.53471163468614e-16,3.28738351628022e-16,3.28735778110693e-16,3.65284121893706e-16
2,2.32,0.44591038762022,5.27524586459187,1.95305049414173e-16,1.60680150244498e-16,3.73990708266384e-16,3.48186455562235e-16,2.56129937258769e-16
2,2.33,0.44309853018988,5.33293570718941,1.43270838892084e-16,9.05570633284137e-17,1.38740222826837e-16,1.60638263285335e-16,3.56773180949158e-16
2,2.34,0.440134954752616,5.39268766162518,2.57683519353451e-16,1.30755457133028e-16,3.95803710403307e-16,2.31353707523655e-16,3.12410165782315e-16
2,2.35,0.437036865751122,5.45433301265029,2.42633618472485e-16,9.78124038763739e-17,3.55020072258812e-16,1.82512757541225e-16,3.00826625582452e-16
2,2.36,0.433823951784917,5.51766179981341,3.96936220771674e-17,3.96936220771674e-17,7.70732434462634e-17,7.70732434462634e-17,3.37097518525836e-16
2,2.37,0.430518545501619,5.58241615533463,2.3853906889435e-16,8.71612345751827e-17,3.43400661419198e-16,1.78565683580269e-16,2.13683192495859e-16
2,2.38,0.427145783999686,5.64828306126842,2.76702605503766e-16,1.65107617478141e-16,5.06054842069226e-16,3.68225599262641e-16,2.65409603514151e-16
2,2.39,0.423733768190634,5.71488659714317,3.76027391810536e-16,2.06854988504513e-16,6.60705958694711e-16,4.57398746547524e-16,1.95387765766058e-16
2,2.4,0.420313722202828,5.7817797537744,4.44283307808331e-16,1.3131309601824e-17,4.34445751255557e-16,2.23629432105745e-17,4.61244119022922e-16
2,2.41,0.41692016039373,5.84843582886959,1.70640525600561e-16,1.70640525600561e-16,3.07935367598416e-16,3.07935367598416e-16,2.00688025985097e-16
2,2.42,0.413591083759317,5.91423920892856,9.23163183609588e-17,9.23163185061724e-17,1.47287985358971e-16,1.47285458010989e-16,2.03237813068477e-16
2,2.43,0.410368256197868,5.97847481980936,3.03464901609376e-16,2.06850525641249e-16,4.85911980790918e-16,4.1784728426509e-16,2.71714158902591e-16
2,2.44,0.407297661625652,6.04031447959082,1.4879947060951e-16,1.46187928625846e-16,3.16808716483061e-16,3.10034782856231e-16,3.19836431406344e-16
2,2.45,0.404430300055207,6.09879695208673,1.15236500267622e-16,1.11844002337278e-16,1.77000785463027e-16,1.90686393730567e-16,2.93141173277171e-16
2,2.46,0.40182337691377,6.15279966099914,5.38585430749276e-16,1.74524811189859e-16,6.91690427802326e-16,2.85739193474961e-16,3.91050300471777e-16
2,2.47,0.39954082565505,6.20102033442208,1.91265352270966e-16,1.912653647158e-16,2.84422166198937e-16,2.84452766535379e-16,2.13534066929452e-16
2,2.48,0.397647283305585,6.24208274359144,3.38505491150019e-16,3.38505502696334e-16,5.61008609777772e-16,5.60959877210226e-16,3.72815427320826e-16
2,2.49,0.396180633009693,6.27508569467354,4.64999204812609e-16,1.37698532753608e-16,5.20950658222372e-16,1.59908033090373e-16,3.60795043619345e-16
2,2.5,0.395112127466311,6.30054715448476,2.40545832514947e-16,9.25121125258522e-17,2.94263421405855e-16,1.34745477830062e-16,3.04560147333796e-16
2,2.51,0.394403151499172,6.31962088198189,2.93592537037278e-16,1.91949532375212e-16,3.18260116565811e-16,2.98763141209793e-16,2.96961592021151e-16
2,2.52,0.394128750093195,6.33133801295882,1.76773184241443e-16,1.76773184265058e-16,2.81376784398897e-16,2.81378186117026e-16,2.62378229850696e-16
2,2.53,0.394392737317914,6.33342718573272,2.28225861453538e-16,5.08983719332691e-17,2.81407275248467e-16,9.19479153172748e-17,2.15027174349611e-16
2,2.54,0.395159776500754,6.32583027264012,1.704552367716e-17,1.704552367716e-17,3.53272508900265e-17,3.53272508900265e-17,3.65398938280649e-16
2,2.55,0.395412681660095,6.32466943166292,4.50657443150572e-16,7.66609728724999e-17,5.00646113214876e-16,1.24478085279176e-16,3.42435839127416e-16
2,2.56,0.392260069141247,6.37663959620139,2.63350509464442e-16,1.41596908040933e-16,2.30654109632936e-16,1.80276134890825e-16,3.7122060508858e-16
2,2.57,0.388709594638342,6.43433307514538,2.82046019212443e-16,1.73914204069917e-16,2.60741007981897e-16,2.75887407636807e-16,3.35165659668676e-16
2,2.58,0.385870564111705,6.47946683554335,1.61344858271592e-16,1.61344858629729e-16,2.11148715668097e-16,2.11145923657959e-16,3.89529183927047e-16
2,2.59,0.383836382273434,6.50996275485193,9.63648076327539e-17,7.87698441068816e-17,9.90108395861572e-17,9.32752745521766e-17,2.33044369965319e-16
2,2.6,0.38260822358107,6.52539759022239,2.7853036169271e-16,1.58725763180837e-16,2.56341672893055e-16,2.5886080626641e-16,3.21827324562212e-16
2,2.61,0.382165698339203,6.52589356063399,4.6653983006223e-16,1.42983169429013e-16,5.33716311750415e-16,2.59700424251843e-16,2.97965063836588e-16
2,2.62,0.38247703987468,6.51195212319132,2.24423878656582e-16,3.25924950709682e-17,2.59945537460025e-16,7.19300855626227e-17,2.41249419528181e-16
2,2.63,0.383501889655485,6.48438957690531,1.38308453410508e-16,1.26679677710529e-16,1.70203116651274e-16,1.78465789722177e-16,3.46758679199631e-16
2,2.64,0.385192908054269,6.44427862766277,3.23725105911755e-16,5.57570009295818e-17,2.96425823952251e-16,1.05831603371647e-16,3.28047394043863e-16
2,2.65,0.387497213881151,6.39288469516288,2.31544444170239e-16,6.56431494492576e-17,2.26314114175761e-16,1.17178186120325e-16,2.14615780356439e-16
2,2.66,0.39035779672387,6.33159978955698,1.1394338950162e-16,1.1394338950162e-16,8.98676908631891e-17,8.98676908631891e-17,3.79644761006213e-16
2,2.67,0.393714881909873,6.26187888141051,5.17602505941847e-17,5.17602508107221e-17,1.14837602048669e-16,1.14837060210112e-16,3.57766850257634e-16
2,2.68,0.397507203343703,6.1851830025681,2.30395098557909e-16,6.14662091168431e-17,3.05925526327112e-16,1.30548653565707e-16,3.20892287273508e-16
2,2.69,0.401673146569048,6.10293188961873,2.59390087484921e-16,1.34087325684128e-16,2.43201954446185e-16,1.70348894061533e-16,2.42833817534801e-16
2,2.7,0.406151737972494,6.01646748719694,2.26460761584769e-16,4.45047188434273e-17,2.67409930524335e-16,9.94013517354653e-17,9.54043472124433e-17
2,2.71,0.410883469272688,5.92702835767492,2.53409700916102e-16,1.22117443234269e-16,2.95207232051307e-16,1.24700135128388e-16,3.48525682707856e-16
2,2.72,0.415810957325269,5.83573411802011,5.95060648591781e-17,5.95060648591781e-17,1.30560874552936e-16,1.30560874552936e-16,4.23340591009462e-16
2,2.73,0.420879447348382,5.74357846072809,4.13488808421084e-17,4.13488808421084e-17,8.08399500975228e-17,8.08399500975228e-17,2.95287583405584e-16
2,2.74,0.426037173058803,5.65142906812997,3.8708683009834e-16,2.2633736091694e-16,4.25523344020314e-16,2.36962965304341e-16,3.31433326288217e-16
2,2.75,0.431235590285796,5.56003272261461,3.15736822543032e-16,3.28957137962198e-17,3.62755098366442e-16,6.18590537147187e-17,2.73178908912219e-16
2,2.76,0.43642950187518,5.47002406861893,7.20535754643757e-18,7.20535951271686e-18,1.61119043059143e-17,1.61131139662965e-17,2.37390828679158e-16
2,2.77,0.441577091586671,5.38193672458799,2.55986190518953e-16,1.14645694540792e-16,2.53423099463679e-16,1.14951483380509e-16,2.59908648434997e-16
2,2.78,0.446639883647431,5.29621572017052,4.3455123781555e-17,4.3455123781555e-17,8.3075659956912e-17,8.3075659956912e-17,3.00066156380683e-16
2,2.79,0.451582642999825,5.21323050923704,3.18934223444867e-16,5.47154646645061e-18,3.18745130267405e-16,1.16780597909092e-17,3.23021667741721e-16
2,2.8,0.456373229338037,5.13328806200299,2.49693027835303e-16,1.14205087055044e-16,2.74341551503992e-16,1.19597932959066e-16,3.30974804798657e-16
2,2.81,0.460982415965361,5.05664576047837,1.32022567945189e-16,1.32022569281103e-16,1.8170180926352e-16,1.81701832650032e-16,3.90765483211487e-16
2,2.82,0.465383682480143,4.98352400899725,1.46370288771223e-16,1.46370288808033e-16,2.40308095180838e-16,2.40307687950034e-16,4.45489177633189e-16
2,2.83,0.469552988471568,4.91411862707296,1.41057775786956e-16,1.41057775883777e-16,2.30144008382355e-16,2.30142217180989e-16,2.58008008167651e-16
2,2.84,0.473468534001406,4.84861321438109,5.08063245628975e-16,1.07746130684503e-16,5.44906591036887e-16,2.21594272371473e-16,2.67221177531628e-16
2,2.85,0.477110512071921,4.78719175636525,1.14216360508915e-16,1.14216360508915e-16,1.19108359182662e-16,1.19108359182662e-16,2.63757257976582e-16
2,2.86,0.480460859332777,4.7300517395661,1.06818573990319e-16,1.06818574127289e-16,2.17114031073164e-16,2.17111594046253e-16,1.94073414702794e-16
2,2.87,0.483503015511723,4.67741788784896,1.31685012897597e-16,1.31685012934143e-16,1.59325423967688e-16,1.59324186844668e-16,3.36794747382406e-16
2,2.88,0.486221712307314,4.62955615271931,2.57795293803205e-16,1.30975596819458e-16,2.57518354549549e-16,1.44333641019408e-16,2.90176375720344e-16
2,2.89,0.48860283342297,4.58678651591651,6.06725949624988e-16,4.1340192505973e-16,7.97341279515343e-16,7.74830170568992e-16,3.85035950397832e-16
2,2.9,0.490633425062126,4.54949112901306,1.42122425803982e-16,1.42122425907951e-16,2.9698114697831e-16,2.96980213355415e-16,2.82880354756399e-16
2,2.91,0.492301993087742,4.5181111618242,5.05112924351777e-16,8.85983155371492e-17,5.46325807464629e-16,1.77114550097242e-16,3.88400422844716e-16
2,2.92,0.493599281010414,4.49312237298677,5.05662981888131e-16,2.41826022062853e-16,7.26715987055134e-16,4.56897118280575e-16,3.5835229708104e-16
2,2.93,0.494519701517646,4.47497936311744,6.24031544668328e-16,4.3818666050149e-16,8.42327490804287e-16,9.02079300748152e-16,4.30170173237194e-16
2,2.94,0.495063293404747,4.46402829872129,2.27678564778169e-16,5.03361376312747e-17,2.611033969732e-16,1.03357847186832e-16,3.4952447987745e-16
2,2.95,0.495237222043397,4.46041203144433,1.6455510618542e-16,1.63968868927172e-16,2.64404115933811e-16,2.69303987995335e-16,3.16582384787927e-16
2,2.96,0.495054562461756,4.46401950445033,2.57979625046558e-16,1.31338038603972e-16,3.239755836977e-16,1.8643501185658e-16,3.87204206517565e-16
2,2.97,0.494527912138898,4.47453163578141,3.30360204339574e-16,2.44610012173024e-16,4.13271736053978e-16,2.89939984377072e-16,3.80156010808424e-16
2,2.98,0.493658858858718,4.49156132022223,4.57976571797399e-16,1.11925512483352e-16,4.34078541451263e-16,2.34410194702752e-16,2.75277426643808e-16
2,2.99,0.492430490892535,4.5148040292858,5.6493390427527e-17,5.47623060832748e-17,1.19543372530919e-16,1.13541490895592e-16,3.26254652300136e-16
2,3,0.490810768513149,4.54409808619578,4.67602530231562e-16,1.46413455634668e-16,4.88453736173302e-16,3.06517492710063e-16,3.33757239358865e-16
2,3.01,0.488765003033136,4.57938196217913,2.8652556150401e-16,2.86525561658661e-16,5.98727903102878e-16,5.98724922995603e-16,2.89810026841766e-16
2,3.02,0.486267058589614,4.62062744485736,2.71923841117579e-16,2.48226960107197e-16,5.09889155336499e-16,4.53590128436735e-16,3.91336842140375e-16
2,3.03,0.483302356999005,4.66781586672356,4.73690279092743e-17,4.73690279092743e-17,9.74139737509182e-17,9.74139737509182e-17,3.15380340845058e-16
2,3.04,0.479864484649708,4.72095722533054,3.75668125529801e-16,3.74641386610342e-16,7.69474508879017e-16,7.79683842017813e-16,3.30206746586846e-16
2,3.05,0.475950414227068,4.7801206183937,2.71544355317262e-16,2.70122129650483e-16,5.62385323942621e-16,5.60291581980252e-16,1.97999233161433e-16
2,3.06,0.471557244417478,4.84545561878149,1.94885521455869e-16,1.94885521455869e-16,3.56464055535095e-16,3.56464055535095e-16,2.45034531963785e-16
2,3.07,0.466680823819168,4.91720179059106,3.56813192940225e-16,2.79306011535529e-16,5.58543873546645e-16,5.98888371329732e-16,4.61558988753548e-16
2,3.08,0.461315638046889,4.99569073753943,2.47762999269777e-16,2.41464316571396e-16,4.1268777211972e-16,4.31860260459147e-16,3.44588042188715e-16
2,3.09,0.455455380199749,5.08134464704769,1.49853928136631e-16,1.39193074062465e-16,2.54743356082473e-16,2.35646546185854e-16,3.76650917901359e-16
2,3.1,0.449093926619562,5.17467272096997,4.78125383738601e-16,1.77168442437502e-16,5.213400786955e-16,3.48008931731483e-16,2.9715358830282e-16
2,3.11,0.442226677758289,5.27626459009655,1.91343734141704e-16,1.91343734141704e-16,3.90350246228445e-16,3.90350246228445e-16,4.28666294107667e-16
2,3.12,0.434852344355789,5.38677823344465,6.80219677911518e-16,5.12251985029713e-16,8.03671617626764e-16,9.71756911062812e-16,3.51755627832072e-16
2,3.13,0.426975257567265,5.5069192693357,2.29285419831905e-16,2.29285419831905e-16,4.12365487384799e-16,4.12365487384799e-16,2.87597801683181e-16
2,3.14,0.418608090806227,5.63740985367844,4.7588982303164e-16,1.68776554598315e-16,3.88255243548861e-16,2.43541767425343e-16,3.35863057197225e-16
2,3.15,0.40977437267167,5.77895098424694,3.51102753277506e-16,3.33087363627512e-16,7.23776577780559e-16,7.13639336741212e-16,1.63108038132881e-16
2,3.16,0.400509484726599,5.93219107977662,4.48588342807947e-16,3.89779035140171e-16,6.04302494376724e-16,5.71635875431257e-16,2.66671420509495e-16
2,3.17,0.390859185799712,6.09771139219055,1.58504053991037e-16,1.58504053991037e-16,3.25390404834735e-16,3.25390404834735e-16,3.08160848060935e-16
2,3.18,0.380877715700282,6.27600091441297,3.36344806048632e-16,2.52634169201032e-16,5.58339136495779e-16,5.1487015190526e-16,2.93038680021058e-16
2,3.19,0.370630126198031,6.46735499819233,8.8440329259815e-17,8.39721449505502e-17,1.26683021784254e-16,1.37558127938122e-16,3.75897803370031e-16
2,3.2,0.36019848322224,6.6716946360897,2.13321780899404e-16,2.13321780956547e-16,4.76361804287454e-16,4.76360714668945e-16,3.58944869381153e-16
2,3.21,0.349684691059434,6.88840475774026,5.18627342300861e-16,4.68690210699713e-16,9.32106923431862e-16,9.45793654385689e-16,4.43535987088646e-16
2,3.22,0.33920706353193,7.11623927611254,3.89946692176403e-17,3.89946692176403e-17,8.42214860665662e-17,8.42214860665662e-17,2.3620167980846e-16
2,3.23,0.328896345290507,7.35320778333821,1.83899196890021e-16,1.75320924894249e-16,2.83325468706165e-16,2.53454110051446e-16,3.03782697738139e-16
2,3.24,0.318902709792095,7.59618842112149,3.63944689181829e-16,3.63944689181829e-16,4.84827204124522e-16,4.84827204124522e-16,2.88226370317519e-16
2,3.25,0.3094936408313,7.83807915547892,2.473451028496e-17,2.473451028496e-17,5.51071880675846e-17,5.51071880675846e-17,5.70168240172756e-16
2,3.26,0.307824317598845,7.88353170492884,1.47607993921892e-16,1.47607993921892e-16,1.73421536662338e-16,1.73421536662338e-16,1.58936593912216e-16
2,3.27,0.358853085800954,6.85921915500265,6.61396316733431e-15,6.61023486513874e-15,9.96551117940082e-15,1.00440696208669e-14,3.71590514205526e-16
2,3.28,0.343467627368007,7.17517839911515,1.45969849458581e-13,1.45969680574955e-13,2.22351222891019e-13,2.22427809603463e-13,1.64686506184816e-16
2,3.29,0.327945066249974,7.52031094422524,3.30993321898529e-13,3.30993023984187e-13,5.01068394142228e-13,5.00824804916958e-13,2.39954786545295e-16
2,3.3,0.312047077199627,7.9070945025997,3.08130424170335e-13,3.08130024146232e-13,4.63751437854304e-13,4.63425844553599e-13,2.2809700007178e-16
2,3.31,0.295789173357719,8.34342022209524,1.11137643270042e-12,1.111376410519e-12,1.66322674047822e-12,1.66331927341043e-12,1.89578417630114e-16
2,3.32,0.279206766873463,8.83852981598223,1.3225515466428e-12,1.3225515466428e-12,1.97259365060534e-12,1.97259364848206e-12,2.73633667262055e-16
2,3.33,0.262340929402415,9.40393624382366,1.15674765009555e-12,1.15674762878415e-12,1.72160497884685e-12,1.72170705841154e-12,3.57681875525236e-16
2,3.34,0.245237437439876,10.0542258282726,5.67622390104008e-13,5.67622346673895e-13,8.44360207596717e-13,8.44253782261399e-13,3.99147402299424e-16
2,3.35,0.227947655580519,10.808107037428,2.20294539267861e-12,2.20294539267861e-12,3.27867116466233e-12,3.27867117028583e-12,3.57630795968521e-16
2,3.36,0.210529742472892,11.6898845621891,3.32698453359541e-13,3.32698453359541e-13,4.96075872767548e-13,4.96075876579444e-13,1.58874826610568e-16
2,3.37,0.193049906592919,12.7315871916309,4.93970130935747e-13,4.93970130935747e-13,7.39065930971662e-13,7.39065933760814e-13,3.85625998995109e-16
2,3.38,0.17558366124012,13.9761060769935,3.3310801218491e-12,3.3310801218491e-12,5.00591210889589e-12,5.00591210941793e-12,3.32894174806017e-16
2,3.39,0.158217066028787,15.4819287842546,4.2142645490095e-13,4.21426381780524e-13,6.36778891033885e-13,6.36840401178629e-13,1.92287854790463e-16
2,3.4,0.141047929992196,17.3304627235424,1.42605014916495e-14,1.42605014916495e-14,2.17596282273067e-14,2.17596282273067e-14,1.86047142577918e-16
2,3.41,0.124186910269252,19.637693435757,3.66786115781454e-12,3.66786115613427e-12,5.62197103263909e-12,5.62203468230378e-12,2.05918300700308e-16
2,3.42,0.107758359062004,22.5733682046991,1.93002249878231e-12,1.93002249878231e-12,2.98322563733615e-12,2.98322563733615e-12,4.31041441602272e-16
2,3.43,0.0919005827191902,26.3938305846931,2.10061003418653e-12,2.10061002245094e-12,3.27659596743575e-12,3.27646581656975e-12,3.1832278133073e-16
2,3.44,0.0767643832085843,31.5011864349513,2.27402004114604e-12,2.27402004114604e-12,3.5813672412174e-12,3.5813672412174e-12,2.44514891954592e-16
2,3.45,0.0624996456657297,38.5623905780639,9.0469359856443e-13,9.0469359856443e-13,1.43935024717978e-12,1.43935024717978e-12,3.46040972087392e-16
2,3.46,0.046258065494886,51.8317364646941,5.82143721032861e-14,5.82126516371535e-14,9.34899794269941e-14,9.35651278433037e-14,2.22684564387802e-16
2,3.47,0.43940592148607,5.40626921485331,1.64282407733121e-14,1.64282349116671e-14,2.66720865901588e-14,2.66742486309927e-14,2.90191943588602e-16
2,3.48,0.448237476777239,5.26499516364928,2.01860885224158e-15,2.01860885224158e-15,3.33139083963955e-15,3.33139083963955e-15,4.45859508610055e-16
2,3.49,0.364257792128124,6.40247953237128,3.14307387321654e-16,3.13002577463189e-16,4.97548867977859e-16,4.92623374417873e-16,2.18196913256573e-16
2,3.5,0.369351693255948,6.28983024889467,5.41224920855954e-16,3.08121431713911e-16,3.84975600195856e-16,4.57227516494088e-16,4.6552347009295e-16
2,3.51,0.379170819056771,6.09907426556456,8.04411947551047e-17,8.04411947551047e-17,1.27560835617294e-16,1.27560835617294e-16,2.62905005684499e-16
2,3.52,0.389236303244326,5.91301329660284,4.74842350760103e-16,1.68107203207143e-16,4.24150369978847e-16,2.49801829055735e-16,3.53083143519865e-16
2,3.53,0.399183883574778,5.73713811939473,4.76374901567599e-16,1.63206411109575e-16,5.80402882323879e-16,3.17663941565741e-16,4.41931048346866e-16
2,3.54,0.408890940037756,5.57233537026115,1.61096710962818e-16,1.51230494186914e-16,2.75750589458436e-16,2.83751476170927e-16,2.11974188927109e-16
2,3.55,0.418282211924818,5.41860830253699,1.46310886963116e-16,1.46310886963116e-16,2.40815208680055e-16,2.40815208680055e-16,3.70820744776371e-16
2,3.56,0.427300694707526,5.27566628092877,1.25706801691001e-16,1.25706801691001e-16,1.30640943096757e-16,1.30640943096757e-16,1.57037001325795e-16
2,3.57,0.435900745672464,5.14308685890149,1.15419553488831e-16,3.15550579698836e-17,9.69952055972558e-17,6.37935808465259e-17,4.14562225038862e-16
2,3.58,0.444045790838514,5.02038223997012,2.71753091467536e-16,1.56671427343501e-16,2.85064526828099e-16,3.17770225652789e-16,2.32592602361957e-16
2,3.59,0.451707170994067,4.90703576899903,1.21514786552162e-16,4.9395261273334e-17,1.75789796107718e-16,9.70377900302701e-17,2.745919587237e-16
2,3.6,0.458863246769238,4.80252598790196,1.8942951896397e-16,1.53484823741217e-16,2.86061602103622e-16,2.24084698714867e-16,2.4253908074636e-16
2,3.61,0.465498519198508,4.70634416621747,2.57165024146953e-16,1.29730655853541e-16,2.51478555606623e-16,1.8123541485971e-16,4.01634876300663e-16
2,3.62,0.47160271614982,4.6180078127903,2.88248321985851e-16,1.83802308340635e-16,4.07971522325331e-16,3.43217417043455e-16,3.43911910888437e-16
2,3.63,0.477169860706113,4.53707159558249,1.13910373604052e-16,1.13910373717222e-16,1.07542608296724e-16,1.07541967350994e-16,3.65548695704905e-16
2,3.64,0.482197356854089,4.46313684789622,2.33842108875995e-16,7.33370663938732e-17,3.10845484253479e-16,1.26512133878408e-16,3.22311188565227e-16
2,3.65,0.486685127269704,4.39586101680821,1.12152779618761e-16,1.58837804429299e-17,1.28894447864355e-16,2.98464700877594e-17,4.02540354191282e-16
2,3.66,0.490634828911379,4.33496897672998,2.36046426320764e-16,8.00881314708416e-17,3.22450272600693e-16,1.40579091701475e-16,3.6116173953199e-16
2,3.67,0.494049160556122,4.28026927415467,1.12745931908097e-16,1.12745931908097e-16,2.12225532228066e-16,2.12225532228066e-16,3.74070264589276e-16
2,3.68,0.49693126574331,4.23168050204663,1.5892179682637e-16,1.13710975243257e-16,2.25295191178334e-16,2.09174894678209e-16,4.02243057531789e-16
2,3.69,0.499284226541847,4.18927663792151,2.6660806335412e-16,9.72116311201634e-17,3.34065323909015e-16,1.62065109409953e-16,4.19702949713121e-16
2,3.7,0.50111063872123,4.15336461408606,1.31956628167408e-16,1.31956628167408e-16,2.44130246804536e-16,2.44130246804536e-16,4.87351962457112e-16
2,3.71,0.502412257232185,4.1246036884679,2.19995270862107e-16,2.19995270862107e-16,3.37073678038719e-16,3.37073678038719e-16,2.3482088306169e-16
2,3.72,0.503189702081712,4.10412343484027,4.43679800251189e-16,3.84119719065062e-16,8.42085788446554e-16,7.26367830454776e-16,2.97808738937392e-16
2,3.73,0.503442218431404,4.09341104979789,3.62689378798876e-16,1.81482705349265e-16,5.08229267807458e-16,2.81198431380586e-16,3.30129634801028e-16
2,3.74,0.503167490916959,4.09358932192985,1.75702510178424e-16,1.36181571583387e-16,3.04335342315401e-16,2.30035110715206e-16,2.53173091666726e-16
2,3.75,0.502361520774218,4.10447389070474,1.12764268041234e-16,1.12764268041234e-16,1.93683252841158e-16,1.93683252841158e-16,3.45563496139192e-17
2,3.76,0.501018585303433,4.12472719746438,3.42630620544333e-16,2.29531035584055e-16,5.4939394120055e-16,4.32660334844597e-16,3.2791708823891e-16
2,3.77,0.499131311990812,4.15288105506181,1.24038200992273e-16,1.24038202333556e-16,2.36090509934472e-16,2.36084154648115e-16,2.08312999500408e-16
2,3.78,0.496690912593217,4.18792663612475,1.10410416946765e-16,9.54409359726678e-17,1.35743896874794e-16,1.51839622030532e-16,3.90054398932649e-16
2,3.79,0.493687632068782,4.22933894809114,2.64160052575912e-16,1.43096914094861e-16,3.77675209154801e-16,2.63080096261674e-16,4.24638785610922e-16
2,3.8,0.490111467247435,4.27693666684928,9.3642972988868e-17,9.3642972988868e-17,1.77894274381666e-16,1.77894274381666e-16,2.28386440372059e-16
2,3.81,0.485953192710846,4.33076057246053,4.4588664004676e-16,3.99958681232899e-17,4.711238554398e-16,5.65788037809014e-17,3.38500474086777e-16
2,3.82,0.481205691012305,4.39099385636256,4.57148600531192e-16,1.08487864124863e-16,5.64973208391122e-16,1.89781864126915e-16,1.58437273929955e-16
2,3.83,0.475865526508797,4.45791069663545,5.64427873077782e-17,5.64427875219859e-17,5.54691388536832e-17,5.54687388951332e-17,3.65843444122071e-16
2,3.84,0.469934651674135,4.53184001646517,1.05514030285444e-16,1.05514030285444e-16,1.81414420481165e-16,1.81414420481165e-16,3.78894561829555e-16
2,3.85,0.463422130207415,4.61313622552919,1.20624118730807e-16,1.20624118730807e-16,1.90303608581103e-16,1.90303608581103e-16,3.63032059834498e-16
2,3.86,0.456345814074214,4.70215165967969,4.98431972420765e-17,4.98431972420765e-17,9.07807509171233e-17,9.07807509171233e-17,2.81127986236946e-16
2,3.87,0.448733948860222,4.79920688858934,6.32366508293649e-17,6.32366510417026e-17,1.08563408193684e-16,1.08563624990437e-16,2.8211792858377e-16
2,3.88,0.440626568581906,4.90455718596667,1.2224630183906e-16,1.2224630183906e-16,2.15907305306722e-16,2.15907305306722e-16,1.44615475671337e-16
2,3.89,0.432076268579701,5.01835745882833,2.61859094619441e-17,2.61859094619441e-17,4.67287920439929e-17,4.67287920439929e-17,2.87947993308685e-16
2,3.9,0.423147796253013,5.14063170728958,1.20038427699778e-16,1.20038427822762e-16,2.04488210399596e-16,2.04488431357185e-16,2.66105969631305e-16
2,3.91,0.413916206618287,5.27125251239341,9.49675429005832e-17,9.49675429005832e-17,1.74364551751464e-16,1.74364551751464e-16,4.90852427212928e-16
2,3.92,0.404463973306706,5.40993045943558,6.97607485679994e-17,6.9760748800668e-17,1.34421778534947e-16,1.34420053188975e-16,2.00944598436336e-16
2,3.93,0.394877877428737,5.55620765704598,1.34663482427176e-16,1.34663482427176e-16,2.37951236470155e-16,2.37951236470155e-16,2.36460871278816e-16
2,3.94,0.385246385267005,5.70944847903669,7.69559439804196e-17,7.69559441931592e-17,1.41661084860464e-16,1.41664106037494e-16,1.70388425340545e-16
2,3.95,0.375657785558646,5.86882405391123,9.19958960018414e-17,7.33604591736042e-17,1.52371934951574e-16,1.20390758759276e-16,3.03433343455311e-16
2,3.96,0.366198982901532,6.03329128426995,1.02734011378031e-16,1.02734011378031e-16,1.64267792783805e-16,1.64267792783805e-16,2.37357137124633e-16
2,3.97,0.356954703208443,6.20156985351942,1.1992127166034e-16,4.53338698166703e-17,1.12026594440685e-16,8.94664423732028e-17,2.75693152215444e-16
2,3.98,0.348006894489481,6.37212168228949,3.4002289304679e-17,3.40022897828525e-17,4.60684575359523e-17,4.60689101076464e-17,3.25428138047101e-16
2,3.99,0.339434185265517,6.54313750988571,2.46037818957645e-16,2.46037819023168e-16,4.91416215663233e-16,4.91413436898032e-16,2.40408555596942e-16
2,4,0.33131132940569,6.71253529967538,2.63849517952817e-16,8.93689541957547e-17,2.60781688415878e-16,1.39628367268634e-16,2.82237771251656e-16
2,4.01,0.323708607135475,6.87797507357765,2.27294628609791e-16,4.85699662193564e-17,2.27354427323334e-16,8.71284829962117e-17,3.02042696950109e-16
2,4.02,0.316691175259859,7.03689433232289,1.87552620775097e-16,1.51162276924889e-16,3.45316382471388e-16,3.0674546420023e-16,2.48787258585978e-16
2,4.03,0.310318374914799,7.18656710611411,2.29519169756742e-16,5.80968390664317e-17,1.87274753714836e-16,1.067254733991e-16,5.07505178720705e-16
2,4.04,0.304643018293456,7.32418767296096,2.24345511216328e-16,3.20484293936872e-17,2.35443129228823e-16,2.99042838260681e-17,2.8488813417663e-16
2,4.05,0.299710689840881,7.44697701232936,5.31808988297371e-17,5.31808992837636e-17,7.86307486926297e-17,7.86328094281035e-17,3.78624956728878e-16
2,4.06,0.295559115647127,7.55230625981217,2.83350840829799e-16,1.76022420278111e-16,3.37400737770985e-16,3.66275929670376e-16,3.96415485341891e-16
2,4.07,0.292217686391338,7.63782702238135,3.17079812145667e-16,4.39544550381988e-17,3.60037733895241e-16,7.16005606145445e-17,4.1333395853683e-16
2,4.08,0.289707294747341,7.70159326099597,1.19238249357612e-16,1.19238249960295e-16,2.25829672396787e-16,2.25826644332096e-16,3.08979773237731e-16
2,4.09,0.288040876987785,7.74215128354621,1.55391174362197e-16,1.55391174421366e-16,1.84928946599206e-16,1.84931170766768e-16,4.00336676589899e-16
2,4.1,0.28722589043575,7.75855103531646,6.15287270247711e-17,6.15287293225218e-17,5.38223905166837e-17,5.38254222044605e-17,1.18636656161752e-16
2,4.11,0.287273881556986,7.75012498181052,1.23148234063133e-16,1.23148234409893e-16,2.52564163883458e-16,2.52562407098149e-16,2.73040478913911e-16
2,4.12,0.288248258879267,7.71516611918759,1.37494526499772e-16,7.62130064818276e-17,1.46713263730446e-16,8.59319374021134e-17,4.0535125243801e-16
2,4.13,0.290707364407264,7.63871279479972,2.60785473886525e-16,1.36767163114971e-16,2.91818201131015e-16,2.38944904450708e-16,2.70848144099166e-16
2,4.14,0.335355678111428,6.57340357374934,2.33839563910012e-16,2.33839563910012e-16,3.55459249015492e-16,3.55459249015492e-16,3.56237571379204e-16
2,4.15,0.298487109540171,7.47004090608682,5.32337242835724e-15,5.32337242836586e-15,8.04251361977168e-15,8.04250828177449e-15,2.17433184576646e-16
2,4.16,0.312633559027872,7.12133690685855,1.57124917182412e-14,1.57109227033055e-14,2.37073070221627e-14,2.37938172487302e-14,3.72176457252991e-16
2,4.17,0.327907662532137,6.77456118526198,4.99066019797939e-14,4.99061080165844e-14,7.57097703817397e-14,7.57919232138863e-14,3.23955977252826e-16
2,4.18,0.343036795202517,6.45990015039737,3.69259507689116e-14,3.69259507689119e-14,5.62633676278882e-14,5.62633693383702e-14,5.0838139927535e-16
2,4.19,0.357861043012704,6.17605808385067,1.70661491966006e-13,1.70661491966006e-13,2.61014423958844e-13,2.61014423958844e-13,2.15767834588301e-16
2,4.2,0.372322909851472,5.91971328938803,1.52713123138742e-13,1.52712961712429e-13,2.34574701522582e-13,2.34508024402665e-13,2.87566699974128e-16
2,4.21,0.386382452069196,5.68773517566077,3.174026901574e-14,3.17402568801762e-14,4.89381615390185e-14,4.89490065288988e-14,3.86974441024267e-16
2,4.22,0.399998776656985,5.47748901872074,2.63530795539834e-14,2.63530795539834e-14,4.08145562040779e-14,4.08145562040779e-14,4.25028446370207e-16
2,4.23,0.413120826294389,5.28687105538535,2.80040012652186e-13,2.8003992462224e-13,4.35920079782916e-13,4.3586993445363e-13,2.29573678203411e-16
2,4.24,0.425677631839284,5.11431906790476,2.53836812327216e-13,2.53836812327216e-13,3.96947200791268e-13,3.96947199835979e-13,2.82472013795503e-16
2,4.25,0.437563573376028,4.95886521699287,1.28018880816688e-13,1.28018880816688e-13,2.01174025265048e-13,2.01174024466392e-13,2.28943602168148e-16
2,4.26,0.44861350355145,4.82027539584488,5.70763852761923e-14,5.70763852761924e-14,9.01525259050609e-14,9.01525265569303e-14,2.8838339605842e-16
2,4.27,0.458560305115949,4.69932112201785,1.00077446613253e-14,1.0007128821728e-14,1.5890356968228e-14,1.58767258784428e-14,1.74370214017981e-16
2,4.28,0.466967591109158,4.59814631913128,5.20768510388128e-14,5.20763776612708e-14,8.30350880175626e-14,8.30129718374739e-14,2.06094711311969e-16
2,4.29,0.473103242815642,4.5194461841422,4.59712736470082e-15,4.59712736470082e-15,7.38987854207859e-15,7.38987854207859e-15,1.95772905961388e-16
2,4.3,0.414139848133129,5.13108803050064,3.23414236892889e-16,3.23395627189799e-16,5.49866334406926e-16,5.49543638964486e-16,1.35394539868105e-16
2,4.31,0.397297135259546,5.33559255534145,1.43605576383698e-16,1.43605576413876e-16,1.62767791264659e-16,1.62767081401385e-16,2.28644244347504e-16
2,4.32,0.402678531575611,5.2475135604115,4.84220257483866e-16,1.93013034410863e-16,6.47976073616609e-16,3.4621853100208e-16,2.15341847306936e-16
2,4.33,0.408827247852938,5.15207440280499,1.64806550041051e-16,1.55176386816467e-16,2.68628465332067e-16,2.49986517771688e-16,2.24646354744155e-16
2,4.34,0.414910671562255,5.06051325164149,3.44087134776518e-16,3.44087134776518e-16,5.82018656113573e-16,5.82018656113573e-16,4.97930973683853e-16
2,4.35,0.420766878299926,4.97465754336195,2.45828377066735e-16,1.054883157648e-16,3.14483417622153e-16,2.00826121842228e-16,4.12442188084071e-16
2,4.36,0.426332925406825,4.89496992901345,2.33314678932799e-16,2.33314678932799e-16,3.56300997152116e-16,3.56300997152116e-16,3.45459893262217e-16
2,4.37,0.431571694819278,4.82158058870002,2.8992039495555e-16,2.89920395155975e-16,5.57165573959329e-16,5.57165838116088e-16,2.66211240989455e-16
2,4.38,0.436455518147545,4.75451937081905,1.80742319504351e-16,1.80742319504351e-16,2.44642439593204e-16,2.44642439593204e-16,4.43117108156871e-16
2,4.39,0.440960682617283,4.69379128061555,3.14534402491529e-16,2.89005970172945e-16,5.06697935038029e-16,4.70941788883561e-16,2.59661201837498e-16
2,4.4,0.445064562751774,4.63940975673856,2.21844092250562e-16,2.21844092298146e-16,3.35099223388927e-16,3.35099790015457e-16,4.27956601234735e-16
2,4.41,0.44874350055963,4.59141503043133,3.73558300323087e-16,3.0040305784722e-16,6.22884258151502e-16,5.52069106964482e-16,3.10902328974948e-16
2,4.42,0.451971102655315,4.54988595300332,1.15800183496278e-16,1.01627725671325e-16,2.00841606338422e-16,1.73163041811355e-16,3.72965466940744e-16
2,4.43,0.454716990293648,4.51494879347283,1.22692009824072e-16,1.22692009824072e-16,1.24539192820422e-16,1.24539192820422e-16,2.79456776678916e-16
2,4.44,0.456946156249437,4.4867827152962,8.98262941443766e-17,8.98262942895295e-17,1.63581570606687e-16,1.63581940845916e-16,4.12681946184261e-16
2,4.45,0.458619530660739,4.46561527498308,5.55288478628668e-16,2.48648872139357e-16,7.08447528841142e-16,4.25261886043162e-16,5.13700130155931e-16
2,4.46,0.45969713779207,4.45169438136368,6.77793372118661e-17,6.77793396985216e-17,1.14704630286483e-16,1.14712849477169e-16,2.17648321615901e-16
2,4.47,0.460145410024219,4.44522274065352,2.14249349391043e-16,2.14249349391043e-16,3.12627596959278e-16,3.12627596959278e-16,3.14929599321729e-16
2,4.48,0.459948393540822,4.44625720808989,1.68664765785114e-16,1.26971853468668e-16,1.71612503116686e-16,1.31188562072015e-16,2.97661720634192e-16
2,4.49,0.459118667343376,4.45460927017194,3.02169646442387e-16,2.81034772914383e-16,4.31479169449488e-16,4.86035666840165e-16,2.42843581448862e-16
2,4.5,0.457701406592026,4.46980394693093,3.0048542580966e-16,2.02454154513392e-16,2.67834675381698e-16,2.92098824062359e-16,2.33969330834118e-16
2,4.51,0.455768592960552,4.49112381021627,4.15257748659016e-16,2.6598852749265e-16,3.97953775167737e-16,4.76721036036568e-16,2.82693880896552e-16
2,4.52,0.453407474368078,4.51770206758989,9.50190034229738e-17,7.7117592678166e-17,1.09801117633122e-16,1.30275425330239e-16,1.73063634653277e-16
2,4.53,0.45071063162003,4.54859666707898,4.43234244290771e-16,4.43234244311647e-16,7.91618693623948e-16,7.91616350820252e-16,1.37774516892637e-16
2,4.54,0.447773540774747,4.58277986624027,3.07183211948563e-16,2.8641852956779e-16,4.84087497651983e-16,4.56467774085305e-16,2.08323025636448e-16
2,4.55,0.444707909246207,4.61891417519322,4.49284792336535e-16,6.22191800463142e-17,3.99350549809499e-16,1.13101268963635e-16,4.60084922761316e-16
2,4.56,0.441714866033986,4.65421510115739,2.93942925985243e-16,2.93942925985243e-16,4.69824698004384e-16,4.69824698004384e-16,3.70102026229234e-16
2,4.57,0.439643452144221,4.67577320293253,4.7473385295165e-16,1.67656961037877e-16,5.0813391182235e-16,2.17508387133713e-16,2.26867414452707e-16
2,4.58,0.427594805509471,4.7426659585705,2.22949119412811e-16,2.22949119412811e-16,3.26965951751388e-16,3.26965951751388e-16,3.34138710909289e-16
2,4.59,0.118442551465639,17.3870117051446,2.0426101279849e-15,2.04261012799269e-15,3.33545443389701e-15,3.3354559279005e-15,3.89114483953625e-16
2,4.6,0.101580171591678,20.3183300610994,4.06711766135898e-14,4.06711671428524e-14,6.60114942142294e-14,6.60050563750073e-14,4.32288307368115e-16
2,4.61,0.0872965703919881,23.6789488981156,3.38680110447837e-14,3.38649174065383e-14,5.49044137803138e-14,5.48546862336931e-14,2.01511031971847e-16
2,4.62,0.0736886851726484,28.0906667185761,2.76813883972798e-13,2.76813878406805e-13,4.47471937450528e-13,4.47461125971898e-13,2.99719207423432e-16
2,4.63,0.0607228662407113,34.1323967079,3.10673083591003e-13,3.10672766190917e-13,5.01349034958643e-13,5.01259927526343e-13,1.96621237207581e-16
2,4.64,0.0485165649391446,42.7695942674697,7.02787336245184e-15,7.02787336245184e-15,1.1325629608753e-14,1.1325629608753e-14,3.93031747147304e-16
2,4.65,0.0372390370017886,55.7798237156734,3.3031659598469e-13,3.3031659598469e-13,5.31251529970244e-13,5.31251528364903e-13,1.99634499297919e-16
2,4.66,0.0271486829766598,76.5787132346494,1.20498758518225e-13,1.20497940186575e-13,1.9359502374583e-13,1.93536822711614e-13,4.02751917160553e-16
2,4.67,0.350172358995436,5.77402133102854,1.18801845741887e-16,1.18801854192666e-16,1.26361818080761e-16,1.26346873487381e-16,1.40940165338103e-16
2,4.68,0.413234846523444,5.01903835814938,2.44920310866913e-16,2.44920310866913e-16,3.97594268461516e-16,3.97594268461516e-16,3.56288253278666e-16
2,4.69,0.476664636250095,4.36099182012417,3.53978244828375e-16,3.53706099491284e-16,5.46507948192791e-16,5.44696424988091e-16,4.44568697169364e-16
2,4.7,0.476818465385626,4.36298599088469,1.28987425726288e-14,1.28987425726288e-14,2.06514569788199e-14,2.06514569788199e-14,2.86977453681818e-16
2,4.71,0.479979575735807,4.33533958332313,1.54910115315598e-14,1.54909866664116e-14,2.47960806005391e-14,2.4795802295381e-14,4.80972532634583e-16
2,4.72,0.479007884214889,4.34425997805128,5.24322377922627e-14,5.24322304459043e-14,8.39259346384193e-14,8.39388316162275e-14,3.77942975044768e-16
2,4.73,0.474045465616664,4.38912588892721,7.1533442732229e-14,7.1533442732229e-14,1.1455419384514e-13,1.1455419384514e-13,3.30211176457676e-16
2,4.74,0.466095617682525,4.46269586154482,3.06383216090808e-14,3.0638321609081e-14,4.9091067364714e-14,4.90910691160772e-14,2.83044178197455e-16
2,4.75,0.456143171659888,4.55810029180679,1.01393271760939e-13,1.01393256565218e-13,1.6259712001046e-13,1.6259193911592e-13,2.20281155345211e-16
2,4.76,0.444854840876776,4.67111494251341,1.43759166779359e-13,1.43759166779359e-13,2.30767578717438e-13,2.30767578717438e-13,2.37779925297219e-16
2,4.77,0.432634671872357,4.79970791853886,1.13890455536549e-13,1.13889373267614e-13,1.83346152937131e-13,1.83045182688086e-13,1.96849877415974e-16
2,4.78,0.419729499527079,4.9432181757989,2.62394747296914e-14,2.62357164732318e-14,4.24944218284426e-14,4.2227019004467e-14,3.56655465018795e-16
2,4.79,0.406302481487568,5.101776713118,4.06582801362864e-14,4.06575222299948e-14,6.56105832860737e-14,6.55471229054608e-14,3.06295350154484e-16
2,4.8,0.39248286058284,5.27585637818457,2.94099937850117e-14,2.94099937850117e-14,4.74921324735692e-14,4.74921324735692e-14,2.11069900778076e-16
2,4.81,0.378427533219507,5.46545184949571,3.60527980467166e-14,3.60521142679699e-14,5.8385779522329e-14,5.83331129552403e-14,3.00699438244428e-16
2,4.82,0.364564313665491,5.6659738552388,1.8737451296343e-14,1.87374512963457e-14,3.0379923020381e-14,3.03799204401633e-14,1.25601876453673e-16
2,4.83,0.354768980990532,5.81260744203199,5.00715624520054e-15,5.00715624520054e-15,8.13653667156271e-15,8.13653667156271e-15,3.13335941865671e-16
2,4.84,0.472989443082081,4.34994501101473,1.51668379981791e-16,1.51668380248341e-16,2.50190609754075e-16,2.50186896740205e-16,3.1455181759043e-16
2,4.85,0.439291693245418,4.68878929422556,1.74622405996202e-17,1.74622405996202e-17,3.02042181914452e-17,3.02042181914452e-17,3.59073995057919e-16
2,4.86,0.440422892186483,4.67209979669203,3.02526193944224e-16,2.05001703533474e-16,2.89970726228875e-16,2.94403183187023e-16,1.78262189290605e-16
2,4.87,0.443260124324787,4.63704219604467,4.57835910975909e-16,8.51724410066385e-18,4.50057081604091e-16,1.56305391384953e-17,3.31052805100387e-16
2,4.88,0.446327811703718,4.6001473420361,3.73508853197671e-17,3.73508853197671e-17,6.16722121656575e-17,6.16722121656575e-17,2.95929395912712e-16
2,4.89,0.449337191997145,4.56465582246935,2.59638589542519e-16,7.6042350313867e-17,2.14938353867719e-16,1.25126659784888e-16,3.10513864456476e-16
2,4.9,0.452157188357245,4.53199927314634,1.8274653415318e-16,1.8274653415318e-16,3.05603866319098e-16,3.05603866319098e-16,2.50567532168712e-16
2,4.91,0.454688031414273,4.50322251412562,2.50114764384093e-16,1.15124231969629e-16,2.71980747360865e-16,1.2118750172437e-16,3.76076301149595e-16
2,4.92,0.456835831952919,4.47927486711017,2.26153148504588e-16,4.29120030087729e-17,2.56144032277453e-16,7.92148666056308e-17,2.15388038048071e-16
2,4.93,0.458509861500819,4.46105478551734,2.89304084321671e-16,1.37788268999177e-16,3.00285106494808e-16,2.11253264041108e-16,2.5203828125259e-16
2,4.94,0.459629632958495,4.44935655316102,2.69302976423748e-16,1.52382041925307e-16,2.64392497496256e-16,2.54635159369675e-16,3.77475982473837e-16
2,4.95,0.460136571513117,4.44477377093065,2.51047604553016e-16,2.251642694826e-16,2.49368298618736e-16,2.41062204774766e-16,2.5372301597599e-16
2,4.96,0.460003429447469,4.44762211837015,2.68078950947015e-16,1.50208246659558e-16,3.72439532893519e-16,2.47922916337327e-16,2.60683673036977e-16
2,4.97,0.459235039470027,4.45793728443588,2.52249446839437e-16,1.19691172834461e-16,2.5952409860385e-16,1.41828894653271e-16,2.02112074046482e-16
2,4.98,0.457860069397758,4.47554994023128,1.2619472684614e-16,1.2619472684614e-16,1.761541537503e-16,1.761541537503e-16,4.43739841332363e-16
2,4.99,0.455919645032151,4.50018599409115,5.18560271306418e-16,1.49618589088884e-16,5.04969964556765e-16,2.1582716966587e-16,2.95172637862357e-16
2,5,0.453459186422957,4.53153666930446,1.78577721041632e-16,1.78577721041632e-16,2.57906109263662e-16,2.57906109263662e-16,2.20630084506919e-16
2,5.01,0.450526887774536,4.56926643072135,1.14735723718003e-16,1.14735723718003e-16,1.39781732561843e-16,1.39781732561843e-16,2.52296451170578e-16
2,5.02,0.447182420002937,4.6129172564556,1.27637937471576e-16,1.27637937471576e-16,1.55608755636971e-16,1.55608755636971e-16,1.19706780063325e-16
2,5.03,0.443532745653142,4.66151717886789,4.46145419673577e-16,4.27844503348966e-17,4.78993911586781e-16,7.60980966853199e-17,3.09001791621926e-16
2,5.04,0.439899797736134,4.71172499665868,2.79724172402401e-16,1.69555928989394e-16,3.14101868997217e-16,2.48653758777771e-16,4.64285555779584e-16
2,5.05,0.438184377617892,4.74276956092283,1.43855907804458e-16,1.43688461477027e-16,2.34160907696975e-16,2.38033604031421e-16,2.50066047296981e-16
2,5.06,0.471296415340347,4.4213959736736,2.51657361378919e-16,2.51633444681183e-16,3.77924249189774e-16,3.79252803880454e-16,3.54259463957271e-16
2,5.07,0.44725348815128,4.67764693892201,3.62385416282778e-15,3.62215310047827e-15,5.91838058474042e-15,5.92639790562975e-15,3.09085760760992e-16
2,5.08,0.453421183188841,4.63015330246394,3.9037760200282e-14,3.90377602004123e-14,6.38443406394359e-14,6.38442936993118e-14,2.5278146754261e-16
2,5.09,0.461903433012288,4.56074139770849,5.96014372460134e-14,5.96014372460134e-14,9.71542391643083e-14,9.71542391643083e-14,3.37252501224214e-16
2,5.1,0.469246630375157,4.50496154896892,1.8463008774767e-14,1.84616735213942e-14,2.99935576429242e-14,2.99898153417708e-14,3.39124094089248e-16
2,5.11,0.474401591129241,4.4716408521159,2.56514698571463e-14,2.56514097925685e-14,4.1489119722256e-14,4.1489740964177e-14,2.8643077737514e-16
2,5.12,0.476464107722707,4.46799927617313,2.5108866681989e-14,2.51078848620771e-14,4.04675891483764e-14,4.04587710410145e-14,1.8236987955164e-16
2,5.13,0.474932526003649,4.498258185876,1.40529682235338e-13,1.40528980548279e-13,2.25202622160821e-13,2.25477757231982e-13,2.10475980601427e-16
2,5.14,0.470065864689818,4.56085762031738,9.45954392274699e-14,9.45943968076949e-14,1.51375915414896e-13,1.5110020397631e-13,2.16963655307286e-16
2,5.15,0.462621735379398,4.65047317602634,1.35171617248541e-13,1.35171617248541e-13,2.14914935856204e-13,2.14914935856204e-13,2.2699199690802e-16
2,5.16,0.453348872920399,4.76201208112127,8.5544873380518e-14,8.55437206723121e-14,1.35633405574164e-13,1.35359047285397e-13,4.77410115938764e-16
2,5.17,0.442776370887956,4.89229563921915,7.91395749827898e-14,7.91395749827898e-14,1.24646289413758e-13,1.24646289413758e-13,3.20140545874617e-16
2,5.18,0.431230301840002,5.03995777957046,1.20064067938254e-13,1.20063246643822e-13,1.87930875405202e-13,1.88201225568375e-13,1.58254626649386e-16
2,5.19,0.418887996541359,5.20508578355574,4.30678136335953e-14,4.3065523983249e-14,6.72506752486768e-14,6.71544283833674e-14,2.83526322590272e-16
2,5.2,0.405765670560979,5.38960480928553,6.02002184083054e-14,6.01985787921194e-14,9.37664843591449e-14,9.34969078934734e-14,2.23325014882749e-16
2,5.21,0.391217679318788,5.60379883940224,2.93959326313522e-14,2.93959293555079e-14,4.54338055872577e-14,4.54301871034976e-14,3.16565468434372e-16
2,5.22,0.349158301462301,6.2474559245035,3.458539238509e-15,3.45853749831403e-15,5.33643901137889e-15,5.33565145959453e-15,3.59748390357458e-16
2,5.23,0.130122279721612,16.9981845710044,5.02784612398042e-15,5.00817619769165e-15,7.95482153481198e-15,7.68316192824468e-15,3.17454688324383e-16
2,5.24,0.147672867452552,15.0197527331598,3.50284115448273e-15,3.50284115448403e-15,5.35034178093839e-15,5.35034007650311e-15,2.55810348455223e-16
2,5.25,0.165094334207001,13.4638792787566,1.42571877968407e-14,1.4250269774572e-14,2.18308667493445e-14,2.16667972995283e-14,2.2025750075748e-16
2,5.26,0.183663950611759,12.1218550771458,1.91732600881972e-15,1.86518733584358e-15,3.02362272870152e-15,2.82335701883331e-15,2.69833536124131e-16
2,5.27,0.216788981534405,10.2392804768101,1.34263786897741e-15,1.34263338635313e-15,2.02661906163619e-15,2.02726396741936e-15,4.16782063209415e-16
2,5.28,0.306133823333088,7.21508524159707,1.68794288323778e-16,1.59405219047907e-16,1.74159971977458e-16,1.94928256378244e-16,2.06272232251383e-16
2,5.29,0.292155539937856,7.59447281305622,4.73082980420315e-16,1.63071396037185e-16,6.22825863524275e-16,2.54072743339276e-16,2.4828400804789e-16
2,5.3,0.289109470924094,7.6872981820537,3.13157214785687e-16,1.90886575924872e-16,3.81462691222e-16,3.13509085417144e-16,1.88179683094494e-16
2,5.31,0.287646651608862,7.73610786080738,4.74034873513145e-17,4.74034880972305e-17,9.28592408618086e-17,9.28608401285478e-17,4.11984883014872e-16
2,5.32,0.287161118332411,7.75710736379058,1.21675947561963e-16,1.21675949283648e-16,1.61950848551466e-16,1.61950896619296e-16,3.5048209020354e-16
2,5.33,0.287555934582014,7.75276753596349,2.74386316419752e-16,1.61195670184971e-16,2.41722391638995e-16,2.42676482113336e-16,4.16936130563159e-16
2,5.34,0.288810223547092,7.72382586621671,1.15965356838117e-16,3.34964526855233e-17,9.25640217384046e-17,6.03999255758214e-17,2.53482258631128e-16
2,5.35,0.290915393123475,7.67107990660434,2.6519261534767e-16,1.44994195371027e-16,4.29479315764042e-16,2.9487417859549e-16,2.66201185650232e-16
2,5.36,0.293860424629171,7.59577173427547,3.07227851058134e-16,1.80995011658906e-16,5.22869429816905e-16,3.5336190988355e-16,4.08416790939382e-16
2,5.37,0.297627571108384,7.49964324237881,1.18825817001532e-16,1.18825817001532e-16,2.48731509426266e-16,2.48731509426266e-16,2.64201432684042e-16
2,5.38,0.302191053571361,7.3848778447902,8.24965496875285e-17,8.24965496875285e-17,1.2358280692898e-16,1.2358280692898e-16,3.03527736932754e-16
2,5.39,0.307516857863967,7.25399324257112,3.16352483102886e-16,3.16352483155893e-16,6.36400275569796e-16,6.36399340443317e-16,5.04719255277014e-16
2,5.4,0.313563018986724,7.10971510633089,2.38101783277534e-16,8.59572720811263e-17,3.34486238736893e-16,1.75867913430911e-16,2.13865160323144e-16
2,5.41,0.320280142197778,6.95485044904862,1.99007805541524e-16,1.22279202558311e-16,2.0491011740901e-16,2.27305039197397e-16,3.23571992554749e-16
2,5.42,0.327612032326774,6.79217349129835,2.23634046793001e-16,2.66154152609352e-17,2.45192992756168e-16,4.22771161047708e-17,2.65800935053006e-16
2,5.43,0.335496352893618,6.62433199002824,2.40921049619655e-16,9.34833973148326e-17,2.07674950170633e-16,1.63545294825005e-16,3.16646240294325e-16
2,5.44,0.343865260043978,6.45377781097932,2.25768298715167e-16,4.0835256215708e-17,2.66654365774073e-16,7.09040388647704e-17,3.18871043650653e-16
2,5.45,0.352645968766652,6.2827221306118,7.61129474764416e-17,7.61129474764416e-17,1.39681406807652e-16,1.39681406807652e-16,2.68321719148558e-16
2,5.46,0.361761226247798,6.11311305847682,2.83815111056563e-16,1.67826466329567e-16,3.58846075370245e-16,3.3059634078182e-16,2.48560963676681e-16
2,5.47,0.37112971355358,5.94663142564653,3.15776977118e-16,3.32789141222406e-17,3.47671712881555e-16,6.67846803488168e-17,2.68404696074446e-16
2,5.48,0.380666494936667,5.78469876056882,2.33788949945862e-16,4.76652769786956e-17,2.5579301168791e-16,7.55416428511351e-17,3.36214777482421e-16
2,5.49,0.390283767289354,5.62849042749563,3.25728687025882e-16,6.6408406756666e-17,4.05256831570771e-16,1.17979296564401e-16,2.58536965482744e-16
2,5.5,0.399892217305353,5.47894792204847,7.24288539430254e-17,7.24288539430254e-17,1.38125884367558e-16,1.38125884367558e-16,4.68306256807048e-16
2,5.51,0.409403091041561,5.33678876009698,4.46014524901028e-16,4.13972235474377e-17,4.87888507011419e-16,6.77772820440466e-17,2.95261483186233e-16
2,5.52,0.418730621448953,5.20251841880023,6.81271187434872e-17,6.81271187434872e-17,1.1097201206312e-16,1.1097201206312e-16,3.72212897769575e-16
2,5.53,0.427794154297767,5.07645047367026,6.52238798996343e-17,6.52238800847947e-17,1.10696216704939e-16,1.10696539552887e-16,2.9676345669343e-16
2,5.54,0.436519598423122,4.95873523992489,1.6226031073013e-16,1.62260310798977e-16,2.78351185597971e-16,2.78351395129402e-16,3.61101247431643e-16
2,5.55,0.444840445521763,4.84939005246711,4.86756994528814e-16,1.99291609946456e-16,3.7262040124073e-16,3.29256384321569e-16,2.76198348033707e-16
2,5.56,0.452698826875502,4.74832422163844,1.21413567030081e-16,1.21413568399705e-16,2.05557680281298e-16,2.05567874361134e-16,2.79674831179356e-16
2,5.57,0.460046707421484,4.65535783242266,1.4186153164447e-16,1.30549632801552e-16,2.67065162574448e-16,2.33157724765967e-16,3.15120395310073e-16
2,5.58,0.466846866215426,4.57023858566463,3.77584673823159e-17,3.7758467609824e-17,4.70674265359113e-17,4.70696435522385e-17,2.59077523427765e-16
2,5.59,0.473073210927917,4.49266116220725,1.11483916263236e-16,1.1148391665907e-16,1.89520272859558e-16,1.89521079711173e-16,3.8183474060625e-16
2,5.6,0.478710197370094,4.42229107904,2.04206113513731e-16,2.04206113756614e-16,3.64982462527022e-16,3.64980243825452e-16,3.11511591042653e-16
2,5.61,0.483751431322618,4.35879280826854,3.44250211786479e-16,1.41069469278116e-16,4.96077268988046e-16,2.59051251241817e-16,3.36218408968375e-16
2,5.62,0.488197740442292,4.30186158161598,1.23515836745457e-16,1.23515836745457e-16,1.40614949758712e-16,1.40614949758712e-16,3.2648736648626e-16
2,5.63,0.492055067332775,4.25126002480918,1.50383971678756e-16,1.50383971678756e-16,2.64871754387035e-16,2.64871754387035e-16,3.00779708805432e-16
2,5.64,0.495332481855527,4.20686445182532,2.78341681314186e-16,1.25874276279353e-16,3.72703595109399e-16,2.39306717273158e-16,3.98832626057455e-16
2,5.65,0.498040501414474,4.16873116061483,2.77959513744675e-16,1.2502692934238e-16,3.04418810647135e-16,2.26379706509304e-16,2.97884669764096e-16
2,5.66,0.50018979593726,4.13719802988769,3.38608430575568e-16,1.2668092248825e-16,4.42996517698971e-16,2.09425342792916e-16,3.25912839712e-16
2,5.67,0.501790270808395,4.11302498212134,2.31208979870522e-16,6.44498704145646e-17,2.56419396034664e-16,7.0255259663878e-17,3.22325834090392e-16
2,5.68,0.502850474603249,4.09748753786923,1.22838985482255e-16,1.22838985482255e-16,1.62409996872442e-16,1.62409996872442e-16,1.34814293050706e-16
2,5.69,0.503377263140505,4.09210302041997,1.16283865943419e-16,1.16283865943419e-16,2.21370154366988e-16,2.21370154366988e-16,2.88372335001791e-16
2,5.7,0.503375655676858,4.09770715838888,1.59746035592935e-16,1.59746035592935e-16,3.04004371548439e-16,3.04004371548439e-16,2.58107748685168e-16
2,5.71,0.502848832168397,4.11371987766438,1.32980305444754e-16,1.32980305547428e-16,2.33732973460503e-16,2.33730810063041e-16,2.75497697997791e-16
2,5.72,0.501798234898535,4.13869627230374,1.51109148261228e-16,1.51109148261228e-16,2.6894007970488e-16,2.6894007970488e-16,3.65299081534156e-16
2,5.73,0.500223749746918,4.17129385061645,1.81155123863983e-16,1.81155123863983e-16,3.28590775827274e-16,3.28590775827274e-16,1.28897400609958e-16
2,5.74,0.498123951380326,4.21064084228234,2.37400917292298e-16,6.30388851732923e-17,2.74545356428446e-16,8.01342866069991e-17,2.85031039094012e-16
2,5.75,0.495496403796072,4.25628173845337,2.92827418035034e-16,1.55300156254502e-16,4.18641576146261e-16,2.53669276403799e-16,3.31508217068174e-16
2,5.76,0.492338014156157,4.30804566036299,2.52794764101872e-16,1.2083619575567e-16,3.00216776721913e-16,2.19505596787437e-16,3.5302535348027e-16
2,5.77,0.488645443969627,4.36594881620666,2.97244972471262e-16,1.63477262758616e-16,5.17379767205421e-16,3.12767956625651e-16,2.97175126866902e-16
2,5.78,0.48441558653408,4.43013565658465,1.945629120467e-16,1.945629120467e-16,3.84203405367581e-16,3.84203405367581e-16,1.90603731149349e-16
2,5.79,0.479646121689283,4.50084488839548,2.80245279370005e-16,1.7097839054354e-16,3.00837339300148e-16,3.39981390167923e-16,2.91370948384419e-16
2,5.8,0.474336157099549,4.57838931244187,2.77845763476411e-16,1.247738360056e-16,2.44423394498036e-16,1.30871348817253e-16,2.83072244992004e-16
2,5.81,0.468486958876988,4.66314276580417,9.20677935315425e-17,9.20677935315425e-17,1.74510415460141e-16,1.74510415460141e-16,1.58119029766074e-16
2,5.82,0.462102763652809,4.7555302582927,3.69992249932823e-16,1.61123245667597e-16,3.13020735184776e-16,2.11342390919252e-16,2.54117327860569e-16
2,5.83,0.455191650355176,4.85601896947326,3.54547799239997e-16,2.7640610610595e-16,4.56219740680198e-16,5.27685589603426e-16,2.26586852506652e-16
2,5.84,0.447766435006159,4.96510863687825,2.71187517192148e-16,1.5568835185886e-16,3.73795021713098e-16,2.30169826938273e-16,2.86870848994997e-16
2,5.85,0.439845538655301,5.08332034396259,2.72602935011654e-16,1.1261705890573e-16,4.33295021715534e-16,2.2622890063533e-16,3.19933613154148e-16
2,5.86,0.43145377044946,5.21118297327367,3.17688266936697e-16,4.81479175945923e-17,3.21371595681928e-16,8.00541122542543e-17,3.0183658951027e-16
2,5.87,0.42262296799255,5.34921669427853,3.68748188057583e-16,2.94400101300834e-16,5.17188121786698e-16,5.90687822163821e-16,3.27930637867887e-16
2,5.88,0.413392447893297,5.49791282046245,3.65303948993238e-16,1.86653052472836e-16,3.39862189582181e-16,2.62984830347846e-16,3.11970242302799e-16
2,5.89,0.403809241515966,5.65770918218725,5.96883527416812e-16,5.54045249709103e-16,1.15665517230812e-15,1.12757010397388e-15,2.3510817816579e-16
2,5.9,0.393928123233585,5.82895979315799,1.33739276979881e-16,1.33739276979881e-16,1.39273280233435e-16,1.39273280233435e-16,2.00581158837762e-16
2,5.91,0.383811478096721,6.01189700099154,2.57828044339058e-16,1.31040046823061e-16,3.58441935710716e-16,2.20343696017831e-16,2.48017029878799e-16
2,5.92,0.373529103103105,6.20658337791203,3.19086645518663e-16,3.19086645548007e-16,5.45879733664872e-16,5.458795353417e-16,2.94202296310294e-16
2,5.93,0.363158117304326,6.41284864897398,2.5134501992837e-16,1.17773139834512e-16,3.84539207682662e-16,2.19161186281277e-16,2.80406081050894e-16
2,5.94,0.352783414613454,6.63020061010105,2.98612456164262e-16,1.99663698253188e-16,3.42455300604698e-16,3.12098961411758e-16,1.7975050606131e-16
2,5.95,0.342500254918315,6.8576707255636,3.54779069559927e-16,1.55496261293482e-16,4.99200879079277e-16,3.00360241277064e-16,1.96293626205612e-16
2,5.96,0.332427438773962,7.09338631517748,2.86189248313033e-16,1.80556028073465e-16,4.93966689915469e-16,3.84065092775043e-16,3.95294568761317e-16
2,5.97,0.322806386802214,7.33199165250358,5.52489917737082e-16,3.09360519866056e-16,4.36694116742356e-16,4.46855813111486e-16,4.00886917070254e-16
2,5.98,0.316914412322173,7.49185917964227,5.46945523965689e-16,3.19271326430748e-16,7.46416427562597e-16,5.67014173936802e-16,2.98697686207225e-16
2,5.99,0.403168219198174,5.97369195750048,3.74206255403129e-15,3.73546896007809e-15,5.98429680736712e-15,5.93264077377349e-15,2.01760020779075e-16
2,6,0.388864780812988,6.21933706419732,8.62995539904085e-14,8.62995539904085e-14,1.33921296933611e-13,1.33921296933611e-13,2.34530312487534e-16
2,6.01,0.374486126902607,6.47899855443574,2.14988336230393e-13,2.14988336230393e-13,3.30811906561883e-13,3.30811906561883e-13,2.77681842864884e-16
2,6.02,0.359568347390798,6.76764733159642,3.11174671793646e-13,3.11174671793646e-13,4.75032320681084e-13,4.75032320681084e-13,3.01699478040635e-16
2,6.03,0.344136878871661,7.0901494367969,2.98040115659519e-13,2.98039702092366e-13,4.51508291738276e-13,4.51678699345851e-13,2.98418684548984e-16
2,6.04,0.328235026291186,7.45183425259723,5.8291207668896e-13,5.8291207668896e-13,8.78302525860667e-13,8.78302525860667e-13,2.84063685502956e-16
2,6.05,0.311905234286916,7.85924415435624,4.99316874617376e-13,4.99316874617376e-13,7.485058989972e-13,7.485058989972e-13,3.78319632189727e-16
2,6.06,0.295189487873016,8.32052921178415,2.10553928461899e-14,2.10507090778693e-14,3.1238433241469e-14,3.14695873544888e-14,2.0658374294663e-16
2,6.07,0.278131468785026,8.84590618412114,7.58300158128163e-14,7.58300158128163e-14,1.12932860291502e-13,1.12932861715433e-13,3.39770167591872e-16
2,6.08,0.260778629657422,9.4482756672318,1.46453350267773e-12,1.46453350267773e-12,2.17857451646989e-12,2.17857451509189e-12,2.84403223322249e-16
2,6.09,0.243183995773893,10.1440764839795,1.27054605013699e-12,1.27054597252657e-12,1.89033347569121e-12,1.89012502144629e-12,3.86229090644186e-16
2,6.1,0.225407731470719,10.9544866716185,1.37843250896903e-12,1.37843241954896e-12,2.05361320556322e-12,2.05352447470113e-12,2.86129403989726e-16
2,6.11,0.207518524722754,11.907137743147,1.44251143722342e-12,1.44251142013385e-12,2.15510774995212e-12,2.15499337524298e-12,2.10937561422052e-16
2,6.12,0.189594826118847,13.038604373571,3.09178492088451e-12,3.09178492088451e-12,4.63797454690913e-12,4.63797454987471e-12,2.40288695738304e-16
2,6.13,0.171725955262836,14.39809201668,2.10188451316152e-12,2.10188451316152e-12,3.17018994677156e-12,3.17018994784815e-12,1.66651669198204e-16
2,6.14,0.154013059114178,16.0530214322939,3.45403205986477e-12,3.45403203131622e-12,5.24437644530347e-12,5.24453490909494e-12,2.01148023103192e-16
2,6.15,0.13656986800106,18.0977010523709,3.33861443535615e-12,3.33861439105291e-12,5.10921479634415e-12,5.10906737633039e-12,3.43179242668569e-16
2,6.16,0.119523141090135,20.6671853686288,9.62460663201182e-13,9.62460611974353e-13,1.48607104158082e-12,1.48607101238243e-12,2.7417053629972e-16
2,6.17,0.103012622349056,23.9601601084063,2.89296974418938e-12,2.89296974418938e-12,4.51100607143795e-12,4.51100607071636e-12,2.58496459638476e-16
2,6.18,0.0871902477019274,28.2782009312107,3.04801267653655e-12,3.04801266844869e-12,4.80410705108665e-12,4.80423608820268e-12,2.34428642766459e-16
2,6.19,0.072218284730857,34.0961888712489,2.49441925109038e-12,2.49441924120756e-12,3.97718157783564e-12,3.97705187916693e-12,1.1442363333777e-16
2,6.2,0.0582661646837687,42.1953817904629,2.80029300592149e-13,2.80029300592149e-13,4.5201351816891e-13,4.5201351816891e-13,2.81429283175943e-16
2,6.21,0.0455067245509549,53.9299899075716,7.40293722388935e-14,7.40293722388935e-14,1.20992588005974e-13,1.20992588005974e-13,2.60687831664994e-16
2,6.22,0.0341275214526214,71.7663812904243,1.49219575898919e-13,1.4921957589892e-13,2.47100032306516e-13,2.47100033922526e-13,2.93107991013984e-16
2,6.23,0.279067270717743,8.51222845284231,1.11252618655655e-16,1.11239093362911e-16,1.03349888340734e-16,1.04175942125146e-16,3.74620247139718e-16
2,6.24,0.375708423028589,6.36576047093856,1.24615398028961e-16,1.11352419220631e-16,1.32753016687839e-16,1.20890715739821e-16,1.62366966744033e-16
2,6.25,0.386020772484654,6.18173360691988,1.21244346771229e-16,1.21244346771229e-16,1.99983310475188e-16,1.99983310475188e-16,1.86875966872934e-16
2,6.26,0.39590546602215,6.00991749284662,2.01124103062952e-16,2.01124103062952e-16,4.3916529559518e-16,4.3916529559518e-16,3.73821326203951e-16
2,6.27,0.405391964661665,5.85068616360307,1.40726501650735e-16,1.40726501650735e-16,2.00807605380993e-16,2.00807605380993e-16,2.42846334650577e-16
2,6.28,0.414444663336309,5.70359915230871,4.58610352766353e-16,1.14491175901141e-16,4.33719284669284e-16,9.65323551913311e-17,3.16158426812336e-16
2,6.29,0.423031406941282,5.56800521418317,4.60116436576243e-16,1.20382344645578e-16,4.49215301067702e-16,1.81893546361551e-16,3.05434300080026e-16
2,6.3,0.431129897905147,5.4431657941964,4.46676183545327e-16,4.80040273452755e-17,4.45207095452457e-16,9.11946406090125e-17,2.68218367105792e-16
2,6.31,0.438727308126482,5.32831812020568,4.59008936712379e-16,1.16077464199845e-16,4.65241624715816e-16,1.09946738601518e-16,4.34203800821236e-16
2,6.32,0.445818465776912,5.22271786016516,2.53161909658778e-16,4.96104251310931e-17,1.92537009071481e-16,9.16898251702817e-17,2.81728719062332e-16
2,6.33,0.452403833178227,5.1256680055552,2.98456188808061e-17,1.09721925336481e-17,3.7065756908768e-17,2.12892863431213e-17,1.83694739529077e-16
2,6.34,0.458487692750726,5.03653702220031,2.23271451980355e-16,2.33738035651596e-17,2.28711684790613e-16,4.73610863302843e-17,1.92868176555342e-16
2,6.35,0.46407668603837,4.95476902250911,2.5001659204039e-16,2.96401429669196e-17,2.89162703910441e-16,5.89058057330035e-17,3.13955541206793e-16
2,6.36,0.469178722997921,4.87988859425366,3.14478451727384e-16,2.22694611574998e-16,3.22766188135247e-16,2.18136024491616e-16,3.05474629952852e-16
2,6.37,0.473802217350934,4.81150260809587,1.00154482329168e-16,1.0015448244626e-16,1.94629299660331e-16,1.94631719194455e-16,3.27819014091335e-16
2,6.38,0.477955581127818,4.7493008922149,4.63312283850111e-17,3.70973145377015e-17,7.42282480670643e-17,7.40490013027548e-17,2.32906233227533e-16
2,6.39,0.481646911028729,4.69305719999264,5.63466180435781e-17,5.63466182604563e-17,1.13656820064621e-16,1.13659052442085e-16,3.51609438297027e-16
2,6.4,0.484883809911109,4.64263142213952,2.82752693259045e-17,5.396193330476e-18,3.07845588749584e-17,9.67623358689842e-18,3.09773353182062e-16
2,6.41,0.487673302294802,4.59797342037728,3.31834804508113e-16,1.07269400914013e-16,3.83428260395548e-16,2.20031455098527e-16,4.69042652664353e-16
2,6.42,0.490021820944827,4.55912797537467,4.0326963119525e-16,2.53019331853767e-16,4.08744345856117e-16,4.9157084587482e-16,3.98832205453609e-16
2,6.43,0.491935263322422,4.52623881306774,2.51896339092013e-16,1.15661519503638e-16,2.25633127698793e-16,1.23762391298568e-16,4.37379908408055e-16
2,6.44,0.493419145593499,4.49954716270304,3.35338103159093e-16,2.51292333456525e-16,4.56771366247597e-16,3.43395160540687e-16,2.89982001948255e-16
2,6.45,0.49447892274593,4.47937694678594,1.19783181722885e-16,1.19783181825591e-16,1.41548420471933e-16,1.41547159057286e-16,3.98196719191833e-16
2,6.46,0.495120596915011,4.46609621390487,2.27135182414394e-16,4.78182449193202e-17,2.68889387168461e-16,9.99423451480022e-17,3.42696697204901e-16
2,6.47,0.495351782754932,4.46004715701457,9.69070097193056e-17,9.69070097193056e-17,2.02220364406966e-16,2.02220364406966e-16,2.86242202052971e-16
2,6.48,0.49518336186903,4.4614502201417,2.60666468066131e-16,1.36540107652507e-16,3.29264257824907e-16,1.95698420897501e-16,2.96612550650113e-16
2,6.49,0.494631554121141,4.47030976247704,2.57030517287463e-16,1.28717881931991e-16,2.09956604383874e-16,1.53339618482062e-16,3.693868949324e-16
2,6.5,0.493719412306384,4.48636462504779,2.17062419686131e-16,2.17062419737063e-16,3.84378831209985e-16,3.84379490346712e-16,1.70100767317907e-16
2,6.51,0.492475519356563,4.50911989975378,4.67018812395673e-16,1.44538385377948e-16,6.33930335951634e-16,2.95256337266156e-16,2.30708626965765e-16
2,6.52,0.490927450866394,4.53796611619101,6.5979872375191e-16,4.34528851726883e-16,7.7687125711975e-16,8.74702290272124e-16,3.53495133636262e-16
2,6.53,0.489090977647916,4.57234718216578,1.91871155315006e-16,1.91871155315006e-16,4.03285194957039e-16,4.03285194957039e-16,2.95553079109162e-16
2,6.54,0.486962456720323,4.61189123254167,2.72206801131937e-16,2.72206801131937e-16,5.0908585539826e-16,5.0908585539826e-16,2.71736060353115e-16
2,6.55,0.484523065689065,4.65642037662119,2.48518627796621e-16,1.11614075296381e-16,2.62762078371669e-16,1.21043069833131e-16,2.18113639460303e-16
2,6.56,0.481753347181306,4.70584777267336,2.51879434204259e-16,4.2585104845077e-17,2.50808833996624e-16,7.82765612328894e-17,2.31348809796284e-16
2,6.57,0.478646246079971,4.76006433141012,4.53712364977447e-16,9.19080568335886e-17,4.47346345018003e-16,1.76428001928484e-16,3.16029815522851e-16
2,6.58,0.47521034283276,4.81889512767361,1.11179791827932e-16,1.11179792204898e-16,1.15032042071694e-16,1.15032352264642e-16,4.52875797235353e-16
2,6.59,0.471465500242137,4.88211756268722,3.27804619298168e-16,2.41147386170582e-16,4.95480559487276e-16,5.03372779448085e-16,4.39807285524934e-16
2,6.6,0.467437158907384,4.94949402071366,2.06410664463876e-16,2.06410664463876e-16,3.20269981971501e-16,3.20269981971501e-16,3.27774253247571e-16
2,6.61,0.463152745996248,5.02079009638615,2.64040394607342e-16,1.40154027520912e-16,3.06385291793566e-16,1.67641658378703e-16,3.19297482453277e-16
2,6.62,0.458640397875456,5.09577517566256,2.05618604806287e-16,1.73069520708892e-16,3.68022469362834e-16,3.3871759065242e-16,2.12661888054994e-16
2,6.63,0.453929021258417,5.17421226050449,2.6396780299239e-16,2.39484966903041e-16,3.38108148166148e-16,3.3315920237068e-16,4.40934529302847e-16
2,6.64,0.44904885345809,5.25584338173016,3.72477472921893e-16,3.51186600971698e-16,7.29951072259638e-16,7.77120979805289e-16,3.38139062687945e-16
2,6.65,0.444032085242219,5.34037395425149,5.14998928596825e-16,2.60784719933176e-16,8.35828135846251e-16,5.61804097410352e-16,4.27163270240662e-16
2,6.66,0.438913383643844,5.42745733615563,2.55297050748641e-16,1.13098583694145e-16,2.77114702900169e-16,1.26403045817638e-16,2.18142093393882e-16
2,6.67,0.433730275910679,5.51667995629501,1.11033104915777e-16,1.5487876418821e-18,1.09484393260093e-16,2.92045766349957e-18,2.60147979450925e-16
2,6.68,0.428523395438471,5.60754719377699,3.45573341702431e-16,3.45573341702431e-16,6.13542189817145e-16,6.13542189817145e-16,3.14145473526729e-16
2,6.69,0.423336598221919,5.69947030579735,1.62621817486647e-16,1.62621817486647e-16,2.48194927435192e-16,2.48194927435192e-16,2.903620784974e-16
2,6.7,0.418216961058254,5.79175486458009,1.80738512765649e-16,1.42619978799116e-16,2.43250014897068e-16,1.6791639428394e-16,3.22273491720734e-16
2,6.71,0.413214678489973,5.88359128960603,2.70666260533233e-16,2.70666260533233e-16,4.87199976538458e-16,4.87199976538458e-16,1.97872049221865e-16
2,6.72,0.4083828784904,5.97404820188663,3.36648114114207e-16,2.27381165750117e-16,4.06816160914247e-16,3.40883976603823e-16,3.17823518971237e-16
2,6.73,0.403777365822416,6.06206962420099,4.88472716734105e-16,3.01154736455776e-16,8.19312413562168e-16,6.2427530058636e-16,4.87919963036666e-16
2,6.74,0.399456274773803,6.14647755338798,2.61552980407512e-16,8.23419901366291e-17,3.30216869270504e-16,1.7329189372683e-16,3.37666301152622e-16
2,6.75,0.395479586170812,6.2259819185666,1.34198241068071e-16,1.34198241068071e-16,2.35858847430593e-16,2.35858847430593e-16,2.76217547166972e-16
2,6.76,0.391908460154639,6.29920001796199,4.11191880616525e-16,3.46085186202243e-16,7.1023844542347e-16,7.75456776681206e-16,1.73871920857244e-16
2,6.77,0.388804361789331,6.36468695818299,2.87693500470031e-16,1.45388417669042e-16,3.24855770704599e-16,2.69510132000642e-16,2.75153793419729e-16
2,6.78,0.386227994728985,6.42097749143139,2.05039112358585e-16,1.31867867202011e-16,2.69584818051603e-16,2.14067217545469e-16,2.8681331023486e-16
2,6.79,0.384238090278595,6.46663819225373,2.71949081939419e-16,1.11024974430536e-16,4.19486056585298e-16,2.53685212441185e-16,2.31595279239412e-16
2,6.8,0.382890121625202,6.50032727930385,2.78054008933181e-16,1.25236870795069e-16,4.19856330074354e-16,2.77578817434576e-16,2.65211562681235e-16
2,6.81,0.382235033061924,6.52085764460718,1.023313788889e-16,1.023313788889e-16,1.4461457807972e-16,1.4461457807972e-16,2.26202985486755e-16
2,6.82,0.382318084710324,6.52725719597313,2.71210613882084e-16,2.71210613937749e-16,6.15761330515011e-16,6.15759121247337e-16,3.15673183036231e-16
2,6.83,0.383177809805103,6.51882162022749,7.96903558004071e-17,5.71757372031216e-17,9.03144532798806e-17,6.51686104767155e-17,1.58862571513919e-16
2,6.84,0.384844275522622,6.49516878170879,6.63227007997919e-17,6.02356097951029e-17,8.79833884311248e-17,9.08858400127944e-17,3.19167982981173e-16
2,6.85,0.387331468411528,6.45637988054605,6.94383990545763e-17,6.36499861073585e-17,6.00224145471159e-17,6.60066522833433e-17,3.10406106718079e-16
2,6.86,0.390595867584275,6.4036865155518,2.72716524460898e-16,2.72716524596914e-16,5.02076441474841e-16,5.02072670931349e-16,1.85964983438261e-16
2,6.87,0.394228231677625,6.34438550125055,2.61593917970546e-16,2.61593918159907e-16,3.3024664925819e-16,3.30252630805863e-16,2.28423895390874e-16
2,6.88,0.395352130375523,6.32467463841534,1.56806852925278e-16,1.5680685295328e-16,2.49987035807095e-16,2.49985651007272e-16,1.81102106979966e-16
2,6.89,0.394328589254178,6.33813548017058,5.07376139996877e-16,2.44995363503963e-16,4.3797471593795e-16,4.60919282082766e-16,2.9352987020835e-16
2,6.9,0.393641921197396,6.34485092906134,2.03904606214429e-16,2.02006729162486e-16,2.60861457774364e-16,2.7399240508468e-16,1.97057493953836e-16
2,6.91,0.393543518905674,6.34058764997448,4.66484086065386e-16,1.31570089062773e-16,5.40638688514805e-16,2.36064059395722e-16,2.83654747330243e-16
2,6.92,0.394013964912436,6.32564112093731,4.78308757046127e-16,1.75481249095176e-16,6.503184361405e-16,2.80997849861183e-16,2.24436990549216e-16
2,6.93,0.395004183211411,6.30093101690513,4.51307122135963e-16,8.03921151941652e-17,4.88560818577245e-16,1.06945512560389e-16,4.68481850063638e-16
2,6.94,0.39646210376891,6.26750280697521,2.99143173452995e-16,2.99143173452995e-16,4.57499985221174e-16,4.57499985221174e-16,4.37829092670253e-16
2,6.95,0.398333278756897,6.22647931402014,2.88551275764769e-16,1.84277052747114e-16,4.21708717462159e-16,2.98551887178182e-16,3.14859791653754e-16
2,6.96,0.400561517426152,6.17901953022434,1.70287654719026e-16,1.70287658991145e-16,1.99795339339107e-16,1.99779777543887e-16,3.06585683634513e-16
2,6.97,0.403092709350258,6.12622640771491,3.76228041062471e-16,3.03716535146172e-16,5.93183092151167e-16,5.15630629499628e-16,2.93877510555119e-16
2,6.98,0.40587801287909,6.06907933260277,2.63930803488426e-16,1.42673275996075e-16,3.60727603060815e-16,2.25535916522351e-16,2.97137860750426e-16
2,6.99,0.408872837930151,6.0084531674863,2.08544302724116e-16,2.08544302724116e-16,3.56894851552066e-16,3.56894851552066e-16,2.3662540040723e-16
2,7,0.412034093133452,5.94516777261744,1.52053678860471e-16,1.52053678860471e-16,2.52399796527928e-16,2.52399796527928e-16,2.23403180514257e-16
2,7.01,0.415319255454087,5.88000119583474,9.41333532237779e-17,9.41333533267016e-17,1.40957780951054e-16,1.40956735211902e-16,2.46106603041554e-16
2,7.02,0.418687149637849,5.81367334898886,2.37840406522104e-16,6.46742955778128e-17,2.95162298356178e-16,1.34587190224548e-16,3.22804619157918e-16
2,7.03,0.422098954612432,5.74682919752857,1.64442698369313e-16,1.21307252062284e-16,3.22427626996276e-16,2.55383754900953e-16,1.81020482773496e-16
2,7.04,0.425518791121627,5.68003218993393,9.82667913389139e-17,9.82667913389139e-17,2.08563539154046e-16,2.08563539154046e-16,1.86242731788855e-16
2,7.05,0.428913926177855,5.61376586360484,2.70589648932593e-16,1.54644597490991e-16,3.10965402185422e-16,2.84928660408345e-16,2.36336843714615e-16
2,7.06,0.43225476587685,5.5484396227183,2.46491417705727e-16,1.07024354519743e-16,2.09150598943846e-16,2.04465135310747e-16,4.02640343354343e-16
2,7.07,0.43551475222817,5.48439612338313,2.36068738069835e-16,2.36068738332713e-16,4.74318445780729e-16,4.74319872767176e-16,2.9166786512726e-16
2,7.08,0.438670220068146,5.42191900311586,5.0541213774363e-17,5.0541213774363e-17,1.0776787428123e-16,1.0776787428123e-16,4.2665937397271e-16
2,7.09,0.441700238372286,5.36124038115163,2.41105835575526e-16,2.41105835750185e-16,4.49991976889827e-16,4.4998926512298e-16,1.38551315478603e-16
2,7.1,0.444586446769411,5.30254787041559,3.44751191991006e-16,1.42287635785708e-16,4.04056355165943e-16,3.13165633618212e-16,3.39850373675603e-16
2,7.11,0.447312892810239,5.24599098564812,3.52606656934811e-16,2.73911752099888e-16,6.20074596602103e-16,5.84660635181843e-16,4.19171686183353e-16
2,7.12,0.449865873470154,5.19168690514601,2.59211405271664e-16,7.45707343668085e-17,2.88683834168274e-16,1.66955721122295e-16,1.90665148952293e-16
2,7.13,0.452233783390964,5.13972558679236,3.06429645727995e-16,3.06429645806065e-16,6.3408629585691e-16,6.34084284194043e-16,3.12261271631966e-16
2,7.14,0.45440697173915,5.09017426881143,3.20950204299635e-16,6.63432022693409e-17,3.94932516295529e-16,1.43144503923161e-16,4.40172527493845e-16
2,7.15,0.456377609035412,5.04308140976301,2.79695759243027e-16,1.70076192226366e-16,4.99422863055568e-16,3.65961947734799e-16,2.11966539378267e-16
2,7.16,0.458139564828736,4.99848014674296,2.59512402965093e-16,1.34323790670066e-16,4.00042791323846e-16,2.62516510970472e-16,4.09590311121326e-16
2,7.17,0.459688296644327,4.95639138398791,3.36045302584614e-17,3.36045306893906e-17,5.07740854990003e-17,5.07758561009568e-17,3.34647737929313e-16
2,7.18,0.461020750243254,4.91682668236927,2.44128948898991e-16,2.44128948898991e-16,5.1042534929604e-16,5.1042534929604e-16,5.49580740551813e-16
2,7.19,0.462135270907968,4.879791240762,1.16677007002053e-16,1.16677007209374e-16,2.34592358061993e-16,2.345927853947e-16,2.71149180308384e-16
2,7.2,0.463031525219984,4.84528753786061,2.21149628396665e-16,2.21149628447225e-16,4.23437303853608e-16,4.23434918717416e-16,3.55506024665435e-16
2,7.21,0.463710432621422,4.8133209072994,3.02733931540959e-16,2.05776642819181e-16,3.94725506152497e-16,4.2331012797014e-16,3.5554091608852e-16
2,7.22,0.464174105938562,4.78391031614487,3.847109917502e-16,9.54607059996606e-18,3.81922057054434e-16,1.98428626555414e-17,3.73591175093837e-16
2,7.23,0.464425799974115,4.75711414825701,9.46492957812376e-17,9.46492958776103e-17,1.33900803709497e-16,1.33898863428762e-16,5.47444400325697e-16
2,7.24,0.464469867224354,4.73310664736915,2.37292283746582e-16,8.36888367381627e-17,3.11690357514464e-16,1.7270470278816e-16,1.95412186677739e-16
2,7.25,0.464311719725557,4.71247353953975,2.37083409914882e-16,8.30947454139963e-17,2.69117185292713e-16,1.69214691563906e-16,3.60746076464284e-16
2,7.26,0.463957795959323,4.69781426707895,1.37902163623171e-16,1.37902163623171e-16,2.27153158926603e-16,2.27153158926603e-16,3.16099495071501e-16
2,7.27,0.463415531623721,4.70036487732855,1.82385604885025e-16,1.82385604970925e-16,3.71982561693776e-16,3.71983894179314e-16,4.50056023662851e-16
2,7.28,0.462693332880448,4.72422450671223,2.36839406183874e-16,2.36839406183874e-16,4.67291035553936e-16,4.67291035553936e-16,2.86559207904996e-16
2,7.29,0.461800550392407,4.75560082675005,2.63805474229168e-16,8.92388370659308e-17,3.02943609750029e-16,1.24820305676134e-16,3.20004564650561e-16
2,7.3,0.460747452061786,4.78989494240601,2.64964339359853e-16,1.44576258709823e-16,3.92782973387217e-16,2.77795051587176e-16,3.25654687882644e-16
2,7.31,0.459545191894393,4.82603186520366,3.40718350653854e-16,2.33365027964483e-16,3.69081268613518e-16,2.84618928929811e-16,4.2437034481072e-16
2,7.32,0.458205771946236,4.86359065850094,1.76992618050639e-16,1.76992618050639e-16,3.46001830088326e-16,3.46001830088326e-16,2.98130982607354e-16
2,7.33,0.456741994028451,4.90231413012618,3.69658832131767e-16,1.95038557835937e-16,3.79388179280787e-16,3.64310123510851e-16,3.32112576689728e-16
2,7.34,0.455167397987654,4.94199464397808,2.03772634257606e-16,1.7087227635929e-16,3.84699209465129e-16,3.44358204859973e-16,2.15058320072179e-16
2,7.35,0.45349618413768,4.98243883210994,2.27057830341388e-16,2.27057830341388e-16,4.49721132540622e-16,4.49721132540622e-16,2.36412771990184e-16
2,7.36,0.451743118819559,5.02345448770002,2.68106742887452e-16,8.46757312893688e-17,3.80260212618401e-16,1.7311589495959e-16,2.92423940641235e-16
2,7.37,0.449923423842884,5.06484523037832,1.34603370179307e-16,5.20636898088207e-17,1.7462967973875e-16,1.01005419951871e-16,2.45119090361494e-16
2,7.38,0.448052652175942,5.10640843945679,1.71219702267892e-16,1.71219702267892e-16,2.94273599289529e-16,2.94273599289529e-16,3.77222427094592e-16
2,7.39,0.446146553116967,5.14793481132509,1.5281307570747e-16,1.5281307570747e-16,2.97779647780553e-16,2.97779647780553e-16,2.1187559764392e-16
2,7.4,0.444220929998108,5.18920886574941,3.34587332341641e-16,2.50289585239208e-16,3.64096505425194e-16,3.97041528254878e-16,2.64298517827067e-16
2,7.41,0.442291492475567,5.23001009972836,2.8902627485349e-16,1.76496156244381e-16,4.52290260010775e-16,3.46326452109765e-16,2.63953165410616e-16
2,7.42,0.440373704321853,5.27011464741931,2.29244804180065e-16,1.29570735979761e-17,2.45624762688211e-16,2.75288752594595e-17,3.14396247199947e-16
2,7.43,0.438482627116229,5.30929737318215,2.49256659500404e-16,1.13247850880213e-16,3.58487565642214e-16,2.21261979862136e-16,2.02505460829499e-16
2,7.44,0.436632760743048,5.34733434519761,9.65041886148162e-17,9.65041886148162e-17,1.78845715382424e-16,1.78845715382424e-16,2.53161627305642e-16
2,7.45,0.434837883032629,5.38400562885731,2.66217244059144e-16,1.46859846309781e-16,3.92027919421527e-16,2.9024157529433e-16,2.30510396185522e-16
2,7.46,0.433110892673538,5.41909831579148,2.68089168895744e-16,1.50226482029293e-16,4.01522289189893e-16,3.1144529149482e-16,1.21482616054478e-16
2,7.47,0.43146366103092,5.45240967784556,3.41811135082466e-16,3.41811135082466e-16,5.78988572453333e-16,5.78988572453333e-16,2.97504060056279e-16
2,7.48,0.429906899242678,5.4837503148934,2.55643077120077e-16,1.26686922383917e-16,3.04596569735675e-16,2.56336250697993e-16,4.89537310035351e-16
2,7.49,0.4284500467785,5.51294715651622,2.72629611192876e-16,1.58186909454814e-16,4.07678009365068e-16,2.5861291473068e-16,2.53623786251866e-16
2,7.5,0.427101186671819,5.53984618161084,1.65275048470024e-16,1.65275048966074e-16,2.3590787391598e-16,2.35901233922131e-16,4.92350200562925e-16
2,7.51,0.425866991134324,5.56431473557891,2.3608334649157e-16,8.01968821984095e-17,2.00599407080913e-16,1.5935084763194e-16,3.76170780933734e-16
2,7.52,0.424752699437853,5.58624335013785,2.43990330000324e-16,1.01130977239191e-16,2.86391384186199e-16,1.89778337255801e-16,2.72930113131083e-16
2,7.53,0.423762127859616,5.60554700511029,2.29624547405231e-16,2.29624547405231e-16,2.89430060390729e-16,2.89430060390729e-16,2.73668719495673e-16
2,7.54,0.42289770914388,5.62216581399129,2.7279172295889e-16,1.13073276659377e-16,2.92711272087405e-16,1.15797846370679e-16,4.41992268144923e-16
2,7.55,0.422160556480789,5.63606516262267,3.31873995274231e-16,1.07390574943307e-16,3.87969933180534e-16,1.94058146451466e-16,2.01332132517823e-16
2,7.56,0.421550544823239,5.64723537619999,2.48546734631429e-16,2.22372497516819e-16,2.32413251877535e-16,2.10518957097251e-16,2.70320519588572e-16
2,7.57,0.421066400992147,5.65569102483813,2.50264576212915e-16,3.16638577346233e-17,2.59080768027846e-16,6.38324086068756e-17,3.22772102284499e-16
2,7.58,0.420705793920174,5.66146999368448,2.64716109357926e-16,1.44120824231906e-16,3.48435566209991e-16,2.12583093490175e-16,2.18973881922066e-16
2,7.59,0.420465417719509,5.66463243624601,2.71310600121859e-16,1.55902646424524e-16,3.5745626866291e-16,2.16299276822426e-16,1.96088229738253e-16
2,7.6,0.42034106281128,5.6652597015634,1.280497531203e-16,1.280497531203e-16,1.74008866135478e-16,1.74008866135478e-16,1.6998850061924e-16
2,7.61,0.4203276735866,5.6634532848999,1.61854160243337e-16,1.177744350188e-16,1.5546028044279e-16,1.01386452314315e-16,2.75784615787951e-16
2,7.62,0.420419394301869,5.65933380824961,2.99206001082667e-16,1.24773880357272e-16,2.83394119848901e-16,1.55614683579331e-16,3.23373546596053e-16
2,7.63,0.420609607513131,5.65304000128167,1.30591179817109e-16,1.30591179817109e-16,1.42647801395364e-16,1.42647801395364e-16,1.73661856321709e-16
2,7.64,0.420890970896545,5.64472763230504,8.70692282816146e-17,8.70692282816146e-17,1.59680794110255e-16,1.59680794110255e-16,2.65186761581117e-16
2,7.65,0.421255458626082,5.63456833503386,1.8087450072388e-16,1.72145569808798e-16,2.50757954067695e-16,2.64470495985981e-16,2.46304397662786e-16
2,7.66,0.421694412683771,5.62274828862948,1.65319470808194e-16,1.55721031069287e-16,2.44424181674322e-16,2.15953152447548e-16,3.1969916976634e-16
2,7.67,0.422198607835126,5.60946673093738,4.46059349265414e-16,4.18774028015596e-17,4.91368691515603e-16,8.39012423040627e-17,2.07613952994482e-16
2,7.68,0.422758331852077,5.59493431199077,5.58810992484091e-17,5.58810993489426e-17,1.05776927798447e-16,1.05778617324437e-16,2.76993042917771e-16
2,7.69,0.423363480217821,5.57937132099513,2.73357107976148e-16,1.14430549328364e-16,2.32889281218706e-16,8.85076586760769e-17,3.81645126880903e-16
2,7.7,0.424003662240353,5.56300584059459,2.54976066080284e-16,1.73651531780666e-17,2.63953455773519e-16,3.62182599461141e-17,3.77309082650979e-16
2,7.71,0.424668313442179,5.54607189369792,1.58598112474155e-16,1.48566057649246e-16,1.87645207411734e-16,1.99089523317941e-16,2.28733224525565e-16
2,7.72,0.425346807598594,5.52880764679788,1.79061271957443e-16,1.79061271957443e-16,3.36254277857278e-16,3.36254277857278e-16,2.03284508487039e-16
2,7.73,0.42602856147664,5.51145371433916,1.21738675473808e-16,4.994350270094e-17,1.83191159220148e-16,1.0822360596567e-16,3.36867842428552e-16
2,7.74,0.426703127122975,5.49425156517106,3.054405022384e-16,3.054405022384e-16,5.66812705179009e-16,5.66812705179009e-16,2.92250182144936e-16
2,7.75,0.427360271224326,5.47744196337121,3.11348340122662e-16,3.11348340122662e-16,5.47509052094199e-16,5.47509052094199e-16,4.35821489937583e-16
2,7.76,0.427990047832683,5.46126329811622,3.25018455840327e-16,3.25018455840327e-16,6.09659428804879e-16,6.09659428804879e-16,3.02658846883579e-16
2,7.77,0.428582875688415,5.44594961508968,2.68535325964973e-16,1.40449018521959e-16,3.75301578314946e-16,2.77776669415084e-16,1.92539703649114e-16
2,7.78,0.429129628003907,5.43172821432925,7.87939639772685e-17,6.74632768340904e-18,8.5435320715197e-17,1.37533149548202e-17,3.23560271469339e-16
2,7.79,0.429621726818443,5.41881685140092,2.16194210335103e-16,2.08946042488005e-16,4.15460725243512e-16,4.24280518798893e-16,3.04850888301046e-16
2,7.8,0.430051210650743,5.40742081454414,2.19857732564942e-16,2.19857733267223e-16,3.55067800666944e-16,3.55069156007057e-16,3.65877503677566e-16
2,7.81,0.430410725317816,5.39773034859139,1.80704380642879e-16,1.80704380642879e-16,2.66988715851924e-16,2.66988715851924e-16,3.92038829594564e-16
2,7.82,0.43069337982773,5.38991903495493,5.83491712930356e-16,3.78480320166252e-16,9.47699240920173e-16,7.00784075602497e-16,3.37568425063185e-16
2,7.83,0.430892399839424,5.38414396207754,2.56518230083437e-16,2.56518230083437e-16,5.02017831682912e-16,5.02017831682912e-16,2.04151425463559e-16
2,7.84,0.431000470636683,5.38054910620603,4.94252736142241e-16,2.09735674046689e-16,4.47113984674709e-16,3.97322825122554e-16,5.34667061901297e-16
2,7.85,0.431008551155444,5.37927463437362,4.83623935101065e-16,1.91512100414499e-16,4.40777457268531e-16,3.76256549682224e-16,3.3718269228541e-16
2,7.86,0.430903706501195,5.38047738773768,3.39289897088569e-16,2.5046424850473e-16,4.38368370132597e-16,2.79698851296969e-16,3.52208755875922e-16
2,7.87,0.430665056679176,5.38437267020017,3.10079865448608e-16,2.16438712757938e-16,5.47099449798133e-16,4.55642434482341e-16,2.17182976128425e-16
2,7.88,0.430256160090303,5.39131623186546,4.67952616348623e-16,1.47527708727102e-16,4.66201476761722e-16,2.82465566711855e-16,2.77117495382112e-16
2,7.89,0.429611254251601,5.40195691090635,4.33572236118467e-16,4.33572241608317e-16,9.24655961256549e-16,9.24638183914901e-16,2.78028406672232e-16
2,7.9,0.428614370930264,5.41748019459602,3.30357506127401e-16,2.44606368025043e-16,2.73522718966874e-16,2.35881009057937e-16,2.9300433794712e-16
2,7.91,0.42708822629381,5.4397870880193,4.53257464636496e-16,3.95143673584313e-16,6.61633584888863e-16,5.97303617813346e-16,2.46795926375543e-16
2,7.92,0.42488819869307,5.47059828395528,2.70550786973272e-16,1.54576588639882e-16,2.13770577630572e-16,1.96367433227854e-16,2.51054861231717e-16
2,7.93,0.422332833105468,5.50672192193355,1.32164556122385e-16,1.32164556460116e-16,1.28787060560648e-16,1.28786764068751e-16,3.0399606376582e-16
2,7.94,0.420739360971948,5.53334904041442,5.80587967316909e-16,5.80587967316909e-16,8.57292240666926e-16,8.57292240666926e-16,2.36441413211232e-16
2,7.95,0.421259105839142,5.53676449912953,2.97298269252378e-16,2.97298318263523e-16,5.29077124908931e-16,5.28994200630783e-16,2.3157580890389e-16
2,7.96,0.422917109962171,5.52781887706777,2.49500833849187e-16,2.49500833849187e-16,4.13927634879536e-16,4.13927634879536e-16,4.08649827359041e-16
2,7.97,0.424174163961972,5.52375334880865,1.00939500887275e-16,1.00939500887275e-16,1.89564472634643e-16,1.89564472634643e-16,3.06736911924642e-16
2,7.98,0.424645449590861,5.52853414741707,3.66932445586813e-16,2.92122599344875e-16,5.43228013157864e-16,5.18918497832052e-16,4.29470665697029e-16
2,7.99,0.424568941070271,5.53932292944664,2.75695390226494e-16,1.63414019030882e-16,4.77310958093704e-16,3.51834459556939e-16,3.75351800013829e-16
2,8,0.424202499557974,5.5531688620927,1.75900373434361e-16,1.75900373434361e-16,3.53863454827395e-16,3.53863454827395e-16,3.78065433185124e-16
2,8.01,0.423702608928355,5.56825245689229,3.5814203149142e-16,3.5706490174334e-16,6.07193013485672e-16,6.20200018443254e-16,2.33284839402004e-16
2,8.02,0.423153840178819,5.5835383784912,4.9146166579e-16,4.91461665810713e-16,8.37786712767657e-16,8.37788565861887e-16,2.13310423949033e-16
2,8.03,0.422603011880356,5.59840207950567,5.65562560626411e-16,3.4578070473355e-16,9.13225906095466e-16,6.15957971412895e-16,3.60696937856154e-16
2,8.04,0.422078419789695,5.61242276185066,1.59727822649581e-16,1.59727823791707e-16,2.9151837295809e-16,2.9151133759905e-16,4.85260135084908e-16
2,8.05,0.421599147705953,5.62528387333594,1.23628794258533e-16,5.43886672546816e-17,1.26402037844149e-16,1.18158226526581e-16,2.55824320082394e-16
2,8.06,0.421179410346913,5.63672711927607,3.23237511024928e-16,2.3490143057253e-16,4.33794339331457e-16,3.79594491822717e-16,3.11457729170367e-16
2,8.07,0.420830576224071,5.64653144536924,4.20081187764042e-16,3.56601174805644e-16,8.46546224032255e-16,7.69309436162892e-16,3.73902644837645e-16
2,8.08,0.420562126059548,5.65450347718838,2.67915528083962e-16,1.49916389081013e-16,3.35923409064612e-16,3.02690418573144e-16,2.02812346221852e-16
2,8.09,0.420382142447616,5.66047296846103,3.60549286789695e-16,3.43030372766279e-16,6.72075163670605e-16,6.42657376185284e-16,2.99467380885758e-16
2,8.1,0.420297642417484,5.66428983443652,3.08988605184612e-16,3.03961297245081e-16,5.32438656094051e-16,5.50294603855047e-16,2.65292094839725e-16
2,8.11,0.420314948614703,5.66582057575072,3.51830965924086e-16,3.51830965955171e-16,6.6570749699657e-16,6.65705606142878e-16,3.50862637943865e-16
2,8.12,0.420440216011837,5.66494277879738,3.92616456811913e-16,3.23796040098126e-16,5.87022862491709e-16,6.59795645780799e-16,4.64312467303847e-16
2,8.13,0.420680066282836,5.66153831150435,5.70707335685004e-16,3.58457301172009e-16,9.46019026424665e-16,6.87458842236459e-16,4.39524285107814e-16
2,8.14,0.421041958802561,5.65548962261899,4.70005054560356e-16,1.43554996764343e-16,4.38869093553666e-16,3.15034032547678e-16,3.98470280568651e-16
2,8.15,0.421533648381447,5.64668674555412,2.76328224433446e-16,2.76328224479108e-16,6.13613716480003e-16,6.1361346390043e-16,3.76316652232772e-16
2,8.16,0.422161428470311,5.63504833341823,1.44725171694567e-16,8.859487400628e-17,2.07858174242967e-16,1.86145951758394e-16,4.0174354961167e-16
2,8.17,0.422928027523526,5.62054623072225,1.71777540322202e-16,1.69520356892018e-16,3.16117964848851e-16,3.25397326679039e-16,4.13251853197029e-16
2,8.18,0.423831771843153,5.60321458899169,5.326916041799e-16,2.94185517757931e-16,9.20771977521376e-16,6.23971170973009e-16,2.66369754301442e-16
2,8.19,0.424867609299202,5.58313691282598,3.53458855032459e-16,2.75007919203326e-16,4.63797917701864e-16,5.35521447183919e-16,2.564083266943e-16
2,8.2,0.426028908119212,5.56042415721873,1.59373412105819e-16,1.59373412105819e-16,3.26371229613416e-16,3.26371229613416e-16,3.35866263985034e-16
2,8.21,0.427308668679172,5.53519983704232,2.43575558623954e-16,1.00126153357695e-16,3.50067391124361e-16,2.18375231825274e-16,3.62929556281022e-16
2,8.22,0.428699766211513,5.5075963522439,3.55353937183462e-16,2.77439388147167e-16,6.83094836787509e-16,6.07008559054207e-16,4.03823796477042e-16
2,8.23,0.430194619473726,5.47775770867387,4.00953890632347e-16,2.49311871479458e-16,6.48577723964176e-16,5.41436735019126e-16,2.96854928656344e-16
2,8.24,0.431784755813143,5.44584312621765,1.95865350779832e-16,1.79444309333249e-16,3.78389292027994e-16,3.47854744067691e-16,3.48252002006415e-16
2,8.25,0.43346051366423,5.41202881425866,4.68188876505037e-16,1.48275411948431e-16,5.84606414673293e-16,2.45650841828943e-16,2.79168881872085e-16
2,8.26,0.43521094460643,5.37650729209232,1.98220626142774e-16,1.98220626142774e-16,3.12388228629049e-16,3.12388228629049e-16,3.00645006278137e-16
2,8.27,0.437023911349818,5.3394843776579,2.26297834410618e-17,2.262978615782e-17,4.89693656727237e-17,4.89644564830998e-17,4.21065431376098e-16
2,8.28,0.438886351723869,5.30117428985802,2.11458286712526e-16,2.11458286959244e-16,3.93090850671215e-16,3.93089695490918e-16,3.63883715120117e-16
2,8.29,0.440784619693986,5.26179407255028,4.78930360091913e-16,1.40830081546658e-16,6.34105672462523e-16,2.64665206960932e-16,1.68873419507935e-16
2,8.3,0.44270473860708,5.22155948602407,2.28221146617031e-16,5.27359953362137e-17,2.05830526189509e-16,1.12141980544884e-16,1.87124311409051e-16
2,8.31,0.444632430005657,5.18068407617577,1.639973902825e-16,1.17468380708727e-16,2.23898261873966e-16,2.20665130579562e-16,3.65178477079531e-16
2,8.32,0.446552970256759,5.13938068920232,1.87362315029662e-16,1.50926092671864e-16,3.07981466870708e-16,2.87757858006506e-16,2.49230781186472e-16
2,8.33,0.448451094691998,5.09786264556001,1.97138895323283e-16,1.97138895323283e-16,3.84344740808651e-16,3.84344740808651e-16,3.50004716386911e-16
2,8.34,0.450311108312099,5.05634266613713,2.25587468316866e-16,3.98233512819172e-17,2.44610602601038e-16,7.80104953848698e-17,2.17120314227448e-16
2,8.35,0.452117165595144,5.01503016836753,5.06641768413785e-16,1.00830792074188e-16,4.33689189621202e-16,1.97498864492164e-16,3.47803291068231e-16
2,8.36,0.453853580959107,4.97412883189843,4.47799385184458e-16,1.50855942974156e-17,4.4064040843326e-16,3.15665712290541e-17,3.25194846740263e-16
2,8.37,0.455505072759345,4.93383594026648,1.13793856205798e-16,1.1379385774172e-16,1.18452798263803e-16,1.18449357686213e-16,2.81137664363078e-16
2,8.38,0.457056922066972,4.89434446312415,4.68601462362856e-16,1.4957307318951e-16,4.15917421935526e-16,2.82336028394755e-16,3.87296171377457e-16
2,8.39,0.458495069235189,4.85584954015509,1.04559113671056e-16,1.04559113671056e-16,1.93097760926392e-16,1.93097760926392e-16,2.97284412824673e-16
2,8.4,0.459806175941936,4.81856462987864,1.00271400760672e-16,8.35036879394424e-17,1.61179154122466e-16,1.56666050744912e-16,3.12929736341522e-16
2,8.41,0.460977670936168,4.78276576741146,3.16741351468073e-16,4.14423769960893e-17,2.90959588777072e-16,8.15614869647167e-17,2.6651793498807e-16
2,8.42,0.461997788453479,4.74894112913222,6.14816514924824e-17,6.14816514924824e-17,1.26300233061314e-16,1.26300233061314e-16,2.39629604039579e-16
2,8.43,0.462855602912878,4.71847868962103,2.83358830559869e-16,1.76035281349914e-16,3.45330539259066e-16,3.48209294513959e-16,3.76108023953689e-16
2,8.44,0.463541061253034,4.69769263329781,3.55499421440306e-16,1.2428303938672e-16,4.08999509404831e-16,2.45179208602455e-16,3.53163143283726e-16
2,8.45,0.464045013640755,4.69996348833126,6.96016830515598e-17,6.96016832827759e-17,1.37092118491566e-16,1.37093741298222e-16,2.13344076304283e-16
2,8.46,0.464359243301229,4.71632787866767,2.53940873313091e-16,5.34435122554131e-17,2.38926836815232e-16,1.09174724816643e-16,3.3752966818677e-16
2,8.47,0.464476496399903,4.73774910063418,7.39990334125001e-17,7.39990339153763e-17,1.45409578286606e-16,1.454088107037e-16,2.85417907541638e-16
2,8.48,0.464390513068552,4.76235438636764,1.13226092487263e-16,1.13226092487263e-16,2.29136457423978e-16,2.29136457423978e-16,3.2877178932664e-16
2,8.49,0.464096060766635,4.78969368232012,1.02248636271149e-16,1.02248636271149e-16,1.98123732540753e-16,1.98123732540753e-16,4.51291119469433e-16
2,8.5,0.463588971205915,4.81962838853371,2.8058929091387e-16,1.30769231683745e-16,3.49548784834318e-16,2.60622047049038e-16,1.89307759555353e-16
2,8.51,0.462866182055243,4.85211209769168,1.20466663018828e-16,1.20466663018828e-16,2.47811350927332e-16,2.47811350927332e-16,2.8664620617565e-16
2,8.52,0.461925784595508,4.88713036320918,1.37487983555922e-16,1.37487983654157e-16,2.78634219839579e-16,2.78633050913681e-16,2.36468134556932e-16
2,8.53,0.460767078419585,4.92467942762733,3.84291657750029e-17,3.84291662986093e-17,8.15553884183769e-17,8.15563831454377e-17,3.51596875572368e-16
2,8.54,0.45939063417241,4.9647569449938,2.77815131860977e-16,1.66965388373215e-16,3.82607348927967e-16,3.39749647338316e-16,2.20417816199855e-16
2,8.55,0.457798365203112,5.0073569535521,2.400199085916e-16,9.11358873744313e-17,3.48612627568873e-16,1.89585936067756e-16,3.13758623831786e-16
2,8.56,0.455993608853697,5.0524664279479,3.34087477983986e-16,1.14047489322163e-16,4.30384329023551e-16,2.11913689914132e-16,2.5917803982121e-16
2,8.57,0.453981217934652,5.10006234242506,3.3635137204405e-16,1.20518182629969e-16,3.0904940593113e-16,2.23904880017791e-16,3.41314987160037e-16
2,8.58,0.451767662733142,5.15010875577974,6.94976975401067e-17,6.94976975401067e-17,1.46240466176172e-16,1.46240466176172e-16,3.64058744119988e-16
2,8.59,0.449361143658357,5.20255366181443,2.56012269008466e-17,2.56012269008466e-17,4.68211434774276e-17,4.68211434774276e-17,3.00313069732547e-16
2,8.6,0.446771714343873,5.25732545203326,2.83850697311204e-16,1.76825936411329e-16,3.73864395667531e-16,3.5161604325228e-16,2.90138864262312e-16
2,8.61,0.444011414690764,5.31432888831405,6.40311032252126e-17,6.40311032252126e-17,1.12006924836052e-16,1.12006924836052e-16,2.76400760639632e-16
2,8.62,0.441094412942811,5.37344051359057,2.53757901815232e-16,2.53757902001216e-16,5.30807895768902e-16,5.30807504599888e-16,3.64146371366009e-16
2,8.63,0.438037155441201,5.43450345220101,2.27229317413387e-16,2.27229317654623e-16,3.9872223036439e-16,3.98716982668665e-16,2.85032334636041e-16
2,8.64,0.434858522239015,5.49732157541686,2.42530532514658e-16,9.75564074037703e-17,2.44317525280161e-16,2.11321999284816e-16,3.08404724812056e-16
2,8.65,0.431579986344948,5.56165303502768,8.85238731342384e-17,8.85238731342384e-17,1.92176777152037e-16,1.92176777152037e-16,2.81959742212376e-16
2,8.66,0.428225774194205,5.62720319883589,1.04157300292146e-16,1.04157300292146e-16,2.00609208350936e-16,2.00609208350936e-16,2.6420116601764e-16
2,8.67,0.424823025403133,5.693617051821,2.25545013794287e-16,3.95821509161856e-17,2.66344104465703e-16,7.26134080342891e-17,2.51655280877303e-16
2,8.68,0.421401951756677,5.76047114160135,2.41217149058701e-16,9.4243868363628e-17,2.84364124478057e-16,1.58861945373587e-16,2.17915853852654e-16
2,8.69,0.417996000324939,5.82726511401509,2.48778398506721e-16,1.12191287609985e-16,3.39632148886513e-16,1.89512512255477e-16,4.02167189826563e-16
2,8.7,0.414642036781479,5.89341273494369,2.77725805485625e-17,2.77725900920901e-17,4.34419206869648e-17,4.3429284136502e-17,2.18974248180448e-16
2,8.71,0.4113805881613,5.95823189404045,4.77970837656011e-16,1.76750941565628e-16,6.03102430243536e-16,3.33358236735021e-16,3.01200561581558e-16
2,8.72,0.40825622746218,6.02093222478582,2.12166429424302e-16,2.10343105001416e-16,3.47437250158907e-16,3.57128392392872e-16,3.21814712827197e-16
2,8.73,0.405318243476478,6.08059757182591,3.60489433385372e-17,3.60489433385372e-17,4.14624357576901e-17,4.14624357576901e-17,3.85840949305271e-16
2,8.74,0.402621727962933,6.13616010057152,2.30857258703726e-16,2.00496260000944e-16,2.96909895271429e-16,3.27414059943317e-16,4.3985888059084e-16
2,8.75,0.400228599683846,6.18637346498256,5.71273224346805e-16,3.41495718731326e-16,8.89935534272542e-16,5.54218900479981e-16,2.25884277507624e-16
2,8.76,0.39820486578968,6.22985496258573,2.49353306600376e-16,2.49353306600376e-16,3.80695841420177e-16,3.80695841420177e-16,2.15717739896061e-16
2,8.77,0.396601747758489,6.26545130638817,2.74880181096437e-16,1.18022691628425e-16,3.04442356602592e-16,2.01009278296101e-16,2.80706272440195e-16
2,8.78,0.395413197240899,6.29316504758761,4.40161463141708e-17,4.40161465193548e-17,7.87197302772722e-17,7.87175221953686e-17,2.14789927704285e-16
2,8.79,0.394587766869979,6.31424103650567,1.30921026986442e-16,6.90379113342862e-17,1.75994918326945e-16,1.369430620807e-16,2.85393015161469e-16
2,8.8,0.394161262408924,6.32855397310279,3.31271551204499e-16,2.45741502014846e-16,3.44721497251599e-16,3.83867272781724e-16,2.25774298277975e-16
2,8.81,0.394247673750459,6.33389566036596,2.29857617553082e-16,5.94198440157311e-17,2.14853071213035e-16,9.79495021608769e-17,3.27293523050209e-16
2,8.82,0.394876963248197,6.32905899128142,2.62853027516913e-16,8.63826131488005e-17,2.23083274449552e-16,1.1266427841101e-16,3.57823683955963e-16
2,8.83,0.395612183269943,6.32075623257827,1.12245875341633e-16,1.11384665195002e-16,1.1013727722983e-16,1.09902608796357e-16,1.95525303199466e-16
2,8.84,0.393456941224599,6.35706660930168,5.23635360188972e-16,2.77450471692241e-16,4.67691275822446e-16,4.34492320006322e-16,3.04101698062441e-16
2,8.85,0.389774729513379,6.41710471838343,2.85215695365832e-16,1.79008900076789e-16,2.5781333717782e-16,2.73260284860341e-16,4.02702774054572e-16
2,8.86,0.386688683464956,6.46663594028479,4.4620813143344e-16,4.34335153086768e-17,4.75899057528361e-16,6.90051341146097e-17,2.48332261850064e-16
2,8.87,0.384396291157587,6.50187712282263,2.30110733695119e-16,6.0391582073934e-17,2.38705474527093e-16,9.46398918711188e-17,3.07249833198955e-16
2,8.88,0.382912921113002,6.52211667729413,5.1485668043715e-16,1.24406111578876e-16,4.91351576602122e-16,1.65191109949324e-16,2.68024052629664e-16
2,8.89,0.382223130911415,6.52733328988028,2.73465756850151e-16,1.49660367774147e-16,2.86982936985358e-16,2.74155876732079e-16,1.80808590821157e-16
2,8.9,0.382298349011046,6.5179159046497,2.54391256759448e-16,1.24141471472423e-16,3.39652721492209e-16,2.07648079917579e-16,2.77229217436705e-16
2,8.91,0.383100758712694,6.49458667501294,4.52138390132521e-16,6.42838209260889e-17,4.6074353755002e-16,1.27025712022685e-16,4.11319993833997e-16
2,8.92,0.384585085574777,6.45834330511371,1.23642435626255e-16,1.23642435626255e-16,1.549616028724e-16,1.549616028724e-16,1.6491251368033e-16
2,8.93,0.386700059134686,6.41039698775266,3.50777592414397e-16,1.56324362166861e-16,4.72565987219354e-16,2.37099057936385e-16,4.13830706860963e-16
2,8.94,0.389389832971828,6.3521065315351,1.59671699979082e-16,1.59671700043749e-16,2.63710565267492e-16,2.63708614171468e-16,1.93409274480563e-16
2,8.95,0.392595369503801,6.28491341954256,2.54831929034823e-16,1.25042014944042e-16,3.39291003454642e-16,2.00895459737804e-16,2.65373123307056e-16
2,8.96,0.396255746832707,6.21028238769257,2.72434321485979e-16,1.12208295141454e-16,3.00853026632464e-16,1.36328136288104e-16,3.00853443008966e-16
2,8.97,0.400309346430978,6.1296508170059,1.24422407005008e-16,1.24422407105247e-16,2.13783994014155e-16,2.13784863881644e-16,1.9541621811839e-16
2,8.98,0.404694893125246,6.0443887183653,1.27511859094438e-16,6.27162067746213e-17,2.08471844046859e-16,1.4295822012309e-16,3.2701279851181e-16
2,8.99,0.409352332512737,5.95576972688396,1.11655556939142e-16,1.11655556939142e-16,1.03153417491096e-16,1.03153417491096e-16,2.85300761320291e-16
2,9,0.414223542672138,5.86495248147811,2.28002785360719e-16,5.17828503467503e-17,2.58732154878479e-16,9.73530555631323e-17,2.83723196205088e-16
2,9.01,0.41925288600675,5.77297108878871,1.12837348992179e-16,1.12837348992179e-16,1.12636622426349e-16,1.12636622426349e-16,3.05996776483835e-16
2,9.02,0.424387613266359,5.68073302958963,4.68649446007902e-17,4.68649446007902e-17,8.20305442125223e-17,8.20305442125223e-17,2.62564790075673e-16
2,9.03,0.429578135556999,5.58902279124178,2.50370586114409e-16,1.1567896876684e-16,2.4336630885095e-16,1.52186238568859e-16,3.10390828987605e-16
2,9.04,0.434778181923511,5.49850962045858,3.15046938807392e-17,3.15046943345193e-17,6.15042921732037e-17,6.15016025676108e-17,2.13271133863843e-16
2,9.05,0.4399448603626,5.40975801139685,1.25109159082969e-16,1.12119640453527e-16,1.23292514744936e-16,1.09628698143837e-16,2.81306562571876e-16
2,9.06,0.445038639338971,5.32323981487796,4.58134776503919e-17,4.58134776503919e-17,8.81303306540475e-17,8.81303306540475e-17,3.71644727558504e-16
2,9.07,0.450023265405862,5.23934713336231,3.43699470076612e-17,3.43699470076612e-17,6.97463337406515e-17,6.97463337406515e-17,2.13855420206357e-16
2,9.08,0.454865630665007,5.15840542766971,1.82349790754755e-16,1.82349790754755e-16,3.26358346064878e-16,3.26358346064878e-16,3.6279821974131e-16
2,9.09,0.459535601757766,5.08068649294143,1.55323363952538e-16,1.55323363952538e-16,3.16814976440964e-16,3.16814976440964e-16,2.83917347993697e-16
2,9.1,0.464005820026802,5.0064211594153,4.99682587694067e-16,2.2222955300402e-16,4.98137709097467e-16,2.29552835704221e-16,4.96540208092109e-16
2,9.11,0.468251480578608,4.93581173914888,1.28513452151892e-16,1.28513454014212e-16,1.49136220902774e-16,1.49134922126729e-16,3.56049116403738e-16
2,9.12,0.472250096405438,4.86904437338192,1.40046318579102e-16,1.40046318579102e-16,1.83400531707792e-16,1.83400531707792e-16,3.76134863795018e-16
2,9.13,0.475981252822613,4.80630153014565,1.5682689307515e-16,1.5682689307515e-16,1.98332979987583e-16,1.98332979987583e-16,6.19618675746244e-17
2,9.14,0.479426357887852,4.74777493313989,3.35509883417877e-17,1.88493193764624e-17,5.22259057068158e-17,3.86222471568192e-17,4.56400890153763e-16
2,9.15,0.482568397454068,4.69367910832553,1.24419893583274e-16,1.24419893583274e-16,1.34792178992333e-16,1.34792178992333e-16,3.34910217872905e-16
2,9.16,0.485391711430212,4.64426538274809,1.11514658906774e-16,1.11514658906774e-16,1.08447684225335e-16,1.08447684225335e-16,3.63911193883469e-16
2,9.17,0.487881824738771,4.59983532266233,2.63921961247463e-16,1.42656913791075e-16,4.36201232212389e-16,2.95495260554633e-16,3.22811115839056e-16
2,9.18,0.490025398155235,4.56075090738545,2.70603214446199e-16,1.54668332654918e-16,3.22541499430969e-16,3.24690703045995e-16,3.79781978105709e-16
2,9.19,0.49181041539239,4.52743591721567,1.84135601027761e-16,1.84135601052264e-16,3.44943377921003e-16,3.44944442475292e-16,2.64803694966987e-16
2,9.2,0.493226785016889,4.50035949651067,2.36137817649707e-16,8.03570927053312e-17,2.21856799790561e-16,1.67592529927434e-16,2.67843318941111e-16
2,9.21,0.49426755467969,4.47999115200847,4.64088803305119e-16,1.34770883531736e-16,5.34015202815252e-16,1.54206410681231e-16,3.70540355801363e-16
2,9.22,0.494930753226417,4.46672234271199,3.5023365150398e-16,3.49958594230529e-16,5.75795505271724e-16,5.73533782819291e-16,2.54457295558665e-16
2,9.23,0.495221220732999,4.46076953107591,2.44123282867571e-16,2.44123282867571e-16,2.89106854084038e-16,2.89106854084038e-16,2.2398437015221e-16
2,9.24,0.495150564837257,4.46210286001961,3.28948290641026e-17,3.28949167398186e-17,6.13803292394542e-17,6.14185398836127e-17,2.72657056228493e-16
2,9.25,0.494732568758959,4.47045782721171,2.68308043690669e-16,2.68308043729211e-16,5.21032135743061e-16,5.21032079898687e-16,2.86040308084181e-16
2,9.26,0.493973482316211,4.48545081134702,2.0084248678331e-16,2.00842502742948e-16,3.59450251688862e-16,3.59420385396445e-16,3.53105370892533e-16
2,9.27,0.492862524065063,4.50673872194528,2.30158566359957e-16,6.05735841151706e-17,2.48183032904608e-16,1.16755287319578e-16,1.26323337394655e-16
2,9.28,0.491371381941598,4.53411517381806,1.91387205148037e-16,1.91387205193714e-16,2.70386206002843e-16,2.70384381732433e-16,2.81234662275386e-16
2,9.29,0.489464712791347,4.56749475735247,1.36509105137326e-16,1.36509121780208e-16,2.7306157957999e-16,2.73058424990188e-16,1.88672826646472e-16
2,9.3,0.487112904638399,4.60684387465615,2.67821590754679e-16,2.67821590754679e-16,4.90727431335671e-16,4.90727431335671e-16,2.88154184339847e-16
2,9.31,0.484297863741676,4.65214020219968,3.24191882769333e-16,2.08496087812537e-16,3.17977439576268e-16,3.72098697166908e-16,2.25801697790055e-16
2,9.32,0.481011116246437,4.70338123826059,5.54792920618869e-16,3.31375295721993e-16,8.27389841134099e-16,5.05560385716463e-16,3.64173002387983e-16
2,9.33,0.477249007323573,4.76061432052094,3.32553613839846e-16,2.212739204189e-16,4.42837010979898e-16,3.53946894403374e-16,2.9727829718904e-16
2,9.34,0.47300882528395,4.8239618556617,1.57248575050644e-16,1.57248575050644e-16,3.18729688807937e-16,3.18729688807937e-16,4.02059864894122e-16
2,9.35,0.468286875225064,4.89363426483416,3.8184521626955e-16,3.77788672774767e-16,6.98973610930861e-16,6.72694702478393e-16,1.67450410069246e-16
2,9.36,0.463078039210132,4.9699338778794,2.61325056787659e-16,1.37793246310406e-16,2.56027044928817e-16,1.72683394139054e-16,3.3814000446631e-16
2,9.37,0.457376173689218,5.05325431537908,1.24561913355223e-16,1.24561913355223e-16,1.83841962277264e-16,1.83841962277264e-16,3.76464475728805e-16
2,9.38,0.451174969482011,5.14407759523144,3.25980589671641e-16,3.25980590157984e-16,6.38571240133752e-16,6.38573236663273e-16,2.76654443769509e-16
2,9.39,0.444469171103532,5.24296871641556,3.81420712314066e-16,3.10125706316264e-16,6.98517114282471e-16,6.51611547561648e-16,1.62802841836766e-16
2,9.4,0.437256209713691,5.35056566228085,2.55180466163341e-16,2.4906943289035e-16,5.68168937116083e-16,5.42271908499506e-16,3.443981693045e-16
2,9.41,0.429538344267343,5.46756175839399,3.2695683210844e-16,2.39993673845945e-16,5.74999080401653e-16,5.12150766418503e-16,1.98946504151122e-16
2,9.42,0.421325287876087,5.59467784173911,8.83231475285149e-17,8.83231481276818e-17,1.43854508097431e-16,1.43849022199093e-16,4.30860771483575e-16
2,9.43,0.412636899489717,5.73262570073802,3.90018455168728e-16,3.89029592032021e-16,5.98916913324432e-16,5.83294950403844e-16,2.64505546254471e-16
2,9.44,0.403504828449004,5.88207286762545,5.67155151810107e-16,3.52774347025818e-16,8.25915658611281e-16,4.91417132485377e-16,3.88904393944331e-16
2,9.45,0.393971802602344,6.04362302031035,4.66893125536986e-16,1.44131760443155e-16,4.32886408248463e-16,1.81746537304065e-16,3.98295250866615e-16
2,9.46,0.384089387918235,6.21780069000879,1.71341459487591e-16,1.71341459563046e-16,3.13407573776788e-16,3.13405488968014e-16,3.0252572167707e-16
2,9.47,0.373918590732026,6.40498013321881,3.40042029534566e-16,3.40042029534566e-16,7.47376708829116e-16,7.47376708829116e-16,3.30221229289077e-16
2,9.48,0.36353543840877,6.60522226148754,5.2454463621546e-16,2.79162764489027e-16,5.56954857856409e-16,5.08749170790519e-16,4.8771812992715e-16
2,9.49,0.353035645946924,6.81809562144421,3.01300460688764e-16,1.70740180950091e-16,4.2390381589102e-16,3.45065615279572e-16,1.73032224302248e-16
2,9.5,0.342532871138613,7.04256374281672,4.5245913221726e-16,8.66258623134148e-17,3.97133264123934e-16,1.37764584449046e-16,2.61792182324719e-16
2,9.51,0.332154012310761,7.27689328146213,6.26070953296745e-16,4.41304443957504e-16,6.22699243667143e-16,7.4743173891505e-16,3.95537139237941e-16
2,9.52,0.322040560189991,7.51840988918857,3.54837088445433e-16,2.71153212868848e-16,5.38258779347074e-16,4.96823214114674e-16,3.04510200785529e-16
2,9.53,0.312391469587631,7.76215286730453,2.4832691954966e-16,1.1118656572046e-16,2.23897069711378e-16,1.69513847813014e-16,4.58773694734803e-16
2,9.54,0.304464566828293,7.97308046490445,5.81688697570333e-16,5.81688697570333e-16,1.27505479131653e-15,1.27505479131653e-15,2.95436251026772e-16
2,9.55,0.364373849400037,6.74867981626486,8.48105713564633e-15,8.46578319788381e-15,1.27282692441592e-14,1.30084721188974e-14,1.74290425977898e-16
2,9.56,0.348344703378929,7.07256969252376,8.22521842382713e-14,8.22521842382719e-14,1.25683601669493e-13,1.25683600229535e-13,2.87055461347694e-16
2,9.57,0.332929504563876,7.40622447715881,6.15518615125444e-14,6.15518615125486e-14,9.33632110583356e-14,9.33632030759652e-14,4.30138395168169e-16
2,9.58,0.31715157893334,7.77890674873533,1.3810025112546e-13,1.38100072618042e-13,2.07891221476373e-13,2.07977263995911e-13,1.85805491690677e-16
2,9.59,0.301004867664192,8.1985365876446,1.35554103019341e-13,1.35554103019341e-13,2.03173411055318e-13,2.03173411055318e-13,2.31016701148351e-16
2,9.6,0.284521583751324,8.67379526629319,4.5895022930334e-13,4.58950175589663e-13,6.85075354772497e-13,6.85171256534427e-13,2.20046987385716e-16
2,9.61,0.267741295537358,9.21539147807067,5.61726310895311e-14,5.61726310895313e-14,8.36341925586044e-14,8.36341902928427e-14,3.66842874528959e-16
2,9.62,0.250708218701988,9.83683411880792,3.53273042990161e-13,3.532730255448e-13,5.25458722903017e-13,5.25483422802197e-13,4.01645350669483e-16
2,9.63,0.233471812860311,10.5553826983733,1.20070613000464e-12,1.20070602734878e-12,1.78670435694188e-12,1.78639166225702e-12,2.32124071419755e-16
2,9.64,0.216087936818764,11.3933652149965,3.29573175426603e-12,3.29573175426603e-12,4.9110150710134e-12,4.9110150710134e-12,3.72110046649651e-16
2,9.65,0.198620098381077,12.3800667571561,4.30918849325067e-13,4.30918849325067e-13,6.43946875982098e-13,6.43946872850615e-13,2.8442328667413e-16
2,9.66,0.181140711324178,13.5544959248029,9.76489570949855e-13,9.7648954570442e-13,1.46509201677075e-12,1.46521159614028e-12,1.91868461261292e-16
2,9.67,0.16373234270852,14.9695270789926,1.19638303685591e-12,1.19638295443447e-12,1.80473177319872e-12,1.80456796429453e-12,1.87236805999022e-16
2,9.68,0.146488932817563,16.6982549336729,4.09520838119269e-12,4.09520835711391e-12,6.21595329037572e-12,6.21610616457455e-12,2.41945095260146e-16
2,9.69,0.129516938104314,18.8440143753799,2.98874349109222e-12,2.98874348284397e-12,4.56969014229346e-12,4.56969521294438e-12,3.14783127568832e-16
2,9.7,0.112936282049326,21.5566858283826,3.1132648345694e-12,3.11326481873271e-12,4.79902626722079e-12,4.79889882938718e-12,4.19745326392498e-16
2,9.71,0.0968808604210379,25.0602314097003,9.29422021405304e-13,9.29421915309669e-13,1.44532795628343e-12,1.44544686679294e-12,3.5661175232551e-16
2,9.72,0.0814978888643338,29.7014008944924,2.56894520531174e-12,2.56894520531174e-12,4.03329019113734e-12,4.03329019113734e-12,2.34212165468748e-16
2,9.73,0.0669417362161088,36.0427476515076,1.39015730923278e-12,1.39015730923278e-12,2.20436459314081e-12,2.20436459253019e-12,2.0295479726513e-16
2,9.74,0.0532043019758728,45.185801971191,2.83190280036298e-13,2.83189931833416e-13,4.54001482115917e-13,4.53737458988687e-13,3.77976623289213e-16
2,9.75,0.432739458649132,5.49280238515582,1.86609979119972e-14,1.86609914616113e-14,3.02305350118322e-14,3.02229576768718e-14,4.25729061546536e-16
2,9.76,0.446388224380359,5.30391530985677,7.12656032961303e-15,7.12656032961359e-15,1.17286949701923e-14,1.17286966413281e-14,2.33587780756619e-16
2,9.77,0.378772515064891,6.15557628470106,7.46555077268291e-17,7.45748467769007e-17,1.36556456739736e-16,1.38062593430872e-16,3.2088102062645e-16
2,9.78,0.366525561432018,6.34706681423325,8.95270752946964e-17,8.95270752946964e-17,1.47416591970998e-16,1.47416591970998e-16,1.6765770770784e-16
2,9.79,0.375980304212132,6.1599441164653,2.09650046902963e-16,2.07804645252486e-16,3.32054048803154e-16,3.20271459722152e-16,2.41016108042351e-16
2,9.8,0.386034360492262,5.97126818708215,5.22719717999929e-16,1.53738033008555e-16,5.16001764262865e-16,1.82411977430745e-16,5.27644151175663e-16
2,9.81,0.396037000332296,5.7919723576909,2.70506076443396e-16,1.54498320970226e-16,4.59254705568743e-16,3.05260235487166e-16,2.83622525189055e-16
2,9.82,0.405830105499913,5.62361982910195,3.25409265582631e-16,6.48235224542863e-17,3.9733002816064e-16,1.03841156522955e-16,3.15339917356966e-16
2,9.83,0.415328805233549,5.46638715926466,8.47617791682043e-17,8.47617791682043e-17,1.78266872307063e-16,1.78266872307063e-16,2.86689053922991e-16
2,9.84,0.424471463414134,5.32005110829286,2.27275983950336e-16,4.84826392049772e-17,2.55855548514307e-16,8.86244756663594e-17,2.51392225598473e-16
2,9.85,0.433209171949168,5.18422160379358,2.23344746735329e-16,1.93796089357319e-16,3.34416942226121e-16,2.67082377166724e-16,3.22064278903009e-16
2,9.86,0.441502619773984,5.05842681747141,2.53002072138655e-16,4.87882187219591e-17,2.42910132193503e-16,8.10581141320214e-17,3.1274810829651e-16
2,9.87,0.449320728204838,4.94215625424816,2.51471471596946e-16,4.01016559102222e-17,2.89613329863946e-16,7.0831356873605e-17,2.83728315030114e-16
2,9.88,0.456639716029378,4.83488783920625,3.15774925057802e-16,3.325943689592e-17,2.85982695118475e-16,5.93660623636089e-17,3.0422930864124e-16
2,9.89,0.463442225885873,4.73610716335154,2.34783051471256e-16,7.62841705849985e-17,3.10908652295245e-16,1.2815084993835e-16,3.37818958559859e-16
2,9.9,0.469716421630386,4.64532209252262,1.8964292361485e-16,1.53748127901154e-16,3.2935308758177e-16,2.69335370728447e-16,2.37388083090762e-16
2,9.91,0.475455059001594,4.56207438323748,2.26369581314271e-16,4.40384010618603e-17,2.6880096834897e-16,8.79458418925956e-17,3.05386302616989e-16
2,9.92,0.480654561748863,4.48594950767046,1.19436531293139e-16,1.19436531406762e-16,1.15864139994886e-16,1.1586485830699e-16,2.07046679364237e-16
2,9.93,0.485314139507213,4.41658594776769,2.84933624513626e-17,2.84933624513626e-17,5.00687327176972e-17,5.00687327176972e-17,2.89713395242019e-16
2,9.94,0.489434976514815,4.35368565147663,6.7940721178245e-17,6.79407214174535e-17,1.32745426789337e-16,1.3274340876362e-16,3.68747393722479e-16
2,9.95,0.493019509019708,4.29702827005269,2.50838761503362e-16,1.16688807204042e-16,2.27939082403203e-16,1.34147639351433e-16,2.85441388072714e-16
2,9.96,0.496070798009411,4.24649355444559,4.87696629551759e-17,4.87696629551759e-17,9.05735744124517e-17,9.05735744124517e-17,2.97788708636117e-16
2,9.97,0.498591994905335,4.20209940848135,7.26956912375625e-17,7.26956914261153e-17,9.60443779528813e-17,9.60451500252684e-17,1.64956453714673e-16
2,9.98,0.500585891988838,4.16406759068757,1.10885509222383e-16,1.10885509222383e-16,2.01550666636318e-16,2.01550666636318e-16,2.83983246119112e-16
2,9.99,0.502054546672126,4.13293012866006,2.92064757135924e-16,1.89731430671233e-16,3.87523494672063e-16,2.46821073839874e-16,4.24817194094108e-16
2,10,0.5029989690334,4.10966032133325,9.75668288559389e-17,9.75668289818635e-17,1.64596228378549e-16,1.64598641889397e-16,2.14365174431961e-16
